customer_id,company_name,country,company_size_band,signup_date,acquisition_channel
1,"Rodriguez, Figueroa and Sanchez",India,1-10,2024-07-17,Google Ads
2,Doyle Ltd,United Kingdom,1-10,03/03/2023,Google Ads
3,"Mcclain, Miller and Henderson",US,51-200,14/01/2023,Google Ads
4,Davis and Sons,CA,1-10,2023-07-29,Google Ads
5,"Guzman, Hoffman and Baldwin",Bharat,1000+,13-Sep-2023,Meta Ads
6,"Gardner, Robinson and Lawrence",United Kingdom,51-200,2023-04-04,Referral
7,Blake and Sons,U.S.A,1-10,2025-01-17,Meta Ads
8,"Henderson, Ramirez and Lewis",India,51-200,29/12/2025,Google Ads
9,Garcia-James,India,51-200,14-Apr-2024,
10,Abbott-Munoz,U.S.A,201-1000,21-Mar-2025,Organic Search
11,Blair PLC,IN,11-50,2025-03-28,Direct
12,Dudley Group,Australia,51-200,11/24/2023,LinkedIn Ads
13,Arnold Ltd,United Kingdom,51-200,2023-08-23,LinkedIn Ads
14,"Mcclure, Ward and Lee",USA,1-10,18/07/2025,Organic Search
15,Williams and Sons,United Kingdom,51-200,03/09/2024,LinkedIn Ads
16,Galloway-Wyatt,United Kingdom,11-50,25-Oct-2024,Google Ads
17,James Group,USA,1-10,11/06/2023,LinkedIn Ads
18,"Flowers, Martin and Kelly",U.S.A,1-10,05/12/2023,Referral
19,"Adams, Zuniga and Wong",IN,11-50,03-Feb-2025,LinkedIn Ads
20,"Reid, Ferguson and Sanchez",USA,,2024-03-27,
21,Gray-Mayo,Australia,1-10,11/18/2025,Organic Search
22,"Watts, Robinson and Nguyen",U.S.A,1-10,04/13/2025,Google Ads
23,Perez Inc,Australia,1-10,21/07/2023,Organic Search
24,Morales-Jones,U.S.A,11-50,10/15/2023,Meta Ads
25,"Walter, Edwards and Rios",AU,1-10,20/07/2023,Direct
26,Wilkerson-Day,U.S.A,,09/12/2025,LinkedIn Ads
27,Baker and Sons,U.S.A,11-50,08/07/2024,Direct
28,"Hoffman, Baker and Richards",US,1000+,2024-03-21,Organic Search
29,"Ross, Robinson and Bright",U.S.A,,26/10/2025,LinkedIn Ads
30,"Snyder, Campos and Callahan",United States,11-50,2024-04-26,Direct
31,Burton Ltd,IN,1-10,06-Dec-2025,Meta Ads
32,Carlson-Cruz,US,1-10,2025-07-25,Referral
33,"Ferrell, Rice and Maddox",USA,1-10,02-Nov-2025,Direct
34,Frazier Inc,U.S.A,11-50,11-Sep-2024,
35,"Dyer, Potter and Mack",Canada,1-10,03-Oct-2023,Referral
36,Rodriguez-Graham,Bharat,1-10,2024-12-03,Organic Search
37,Smith-Bowen,U.S.A,1-10,20/07/2024,Meta Ads
38,"Baker, Mason and White",Bharat,11-50,25/05/2025,Google Ads
39,Harrell LLC,U.K.,11-50,2023-10-31,Google Ads
40,"Romero, Gonzalez and Brooks",Australia,51-200,26/05/2024,Meta Ads
41,Ryan PLC,Canada,1000+,29-Nov-2023,
42,George Group,IN,1-10,05/23/2024,Referral
43,Rodriguez LLC,U.S.A,1-10,17/12/2024,
44,Allen-Allen,US,1000+,23-May-2023,Meta Ads
45,"Arroyo, Miller and Tucker",Canada,1-10,06/18/2024,Direct
46,Spence PLC,US,11-50,12-Jun-2025,LinkedIn Ads
47,Anderson Group,U.S.A,11-50,04/01/2023,Referral
48,"Martin, Rose and Obrien",United States,11-50,07-Nov-2024,Organic Search
49,Hickman Ltd,IN,51-200,04/04/2025,Organic Search
50,"Harris, Collins and Carney",India,11-50,08-Sep-2024,Referral
51,"Brooks, Lam and Hayes",Britain,11-50,2024-03-13,Referral
52,Walker LLC,US,51-200,11/07/2023,Referral
53,Chapman and Sons,United States,1000+,16/05/2024,Organic Search
54,"Robinson, Jones and Welch",IN,11-50,2025-10-09,Google Ads
55,Jones Inc,India,51-200,2023-12-27,Organic Search
56,Jones-Young,Britain,1000+,12/23/2025,Organic Search
57,"Washington, Ryan and Cummings",AU,201-1000,02/07/2025,Organic Search
58,"Johnston, Sanchez and Kennedy",AUS,11-50,03/12/2025,Google Ads
59,Lee-Davis,US,1-10,2023-06-15,Google Ads
60,Gomez-Jenkins,U.K.,11-50,2025-08-12,Google Ads
61,"Brown, Valdez and Lucas",AU,11-50,02/18/2025,Direct
62,Powell LLC,UK,,09/26/2025,LinkedIn Ads
63,Wright and Sons,IN,1000+,2023-09-19,LinkedIn Ads
64,"West, Henderson and Ramirez",U.S.A,201-1000,10/05/2023,Google Ads
65,Baxter Inc,U.S.A,51-200,2024-07-23,Referral
66,Morton-Chase,India,1-10,2024-12-17,
67,Williams PLC,Canada,11-50,11/02/2023,Google Ads
68,Novak and Sons,U.K.,1-10,25/01/2025,Organic Search
69,Russell Group,Canada,201-1000,22/02/2023,Organic Search
70,Hancock Inc,USA,51-200,2023-07-28,Meta Ads
71,Gray Group,U.S.A,,01/28/2025,Organic Search
72,House-Glover,US,51-200,30-Jul-2025,LinkedIn Ads
73,Henderson-Bernard,Bharat,11-50,17/09/2025,Referral
74,"Stanley, Tucker and Lee",Australia,201-1000,07/25/2024,Google Ads
75,Novak PLC,U.S.A,1-10,27-Oct-2024,Google Ads
76,"Daniels, Adkins and Brown",UK,1-10,06/25/2023,LinkedIn Ads
77,"Woods, Calhoun and Schmidt",IN,51-200,06-Jul-2025,Google Ads
78,Yu Inc,IN,11-50,27-Aug-2025,Meta Ads
79,"Hensley, Powell and David",IN,1-10,19/09/2024,Google Ads
80,"Sanchez, Wheeler and Harvey",U.S.A,51-200,2024-07-20,Direct
81,Sandoval-Cunningham,AUS,11-50,2024-04-10,Meta Ads
82,Donovan-Harris,CA,11-50,16-Sep-2023,
83,"Edwards, Baker and Anderson",Britain,1-10,2024-11-28,Google Ads
84,"Evans, Stewart and Walton",United Kingdom,1-10,20/04/2023,Referral
85,Smith PLC,U.S.A,51-200,04/07/2024,Meta Ads
86,"Ferrell, Jones and Lewis",United States,201-1000,23/07/2023,Google Ads
87,Anderson-Bailey,United States,1-10,17/11/2023,LinkedIn Ads
88,Suarez LLC,US,1-10,18/07/2025,Google Ads
89,Moore-Bass,UK,201-1000,02-Nov-2023,Referral
90,"Turner, Riggs and Roman",U.K.,1-10,06/18/2025,Organic Search
91,"Smith, Montoya and Evans",United Kingdom,,2025-06-03,Organic Search
92,"Garcia, Humphrey and Baker",CA,51-200,24-Mar-2023,Google Ads
93,Newton and Sons,U.S.A,1000+,2025-10-04,LinkedIn Ads
94,Campbell-Clark,AUS,51-200,2025-04-23,Meta Ads
95,Harris-Walters,U.K.,1-10,2024-05-31,Direct
96,Wagner-King,Bharat,11-50,08/04/2025,Google Ads
97,Davis Group,India,11-50,2024-06-30,Direct
98,Williams-Cook,USA,1-10,2023-11-21,Google Ads
99,Walsh LLC,United Kingdom,11-50,11/12/2023,Organic Search
100,Figueroa PLC,Canada,11-50,24/07/2025,Meta Ads
101,"Patterson, Smith and Jones",AUS,1-10,29-Apr-2025,
102,"Mckee, Gardner and Davenport",AU,201-1000,09/29/2025,LinkedIn Ads
103,"Tran, Jordan and Williams",U.K.,1000+,01/22/2024,Google Ads
104,Nolan-Flynn,U.S.A,11-50,02/19/2025,Organic Search
105,Nolan and Sons,Canada,1000+,2025-10-25,Meta Ads
106,"Wright, Garcia and Deleon",Britain,51-200,02/01/2023,LinkedIn Ads
107,Dickson-Brady,IN,11-50,11/24/2024,Meta Ads
108,Hancock and Sons,CA,11-50,15/03/2023,Google Ads
109,Johnson-Doyle,IN,51-200,21-Jul-2023,Organic Search
110,Patton-Jenkins,Canada,51-200,10/26/2024,Meta Ads
111,"Shields, Cochran and Adams",UK,1-10,12/15/2023,Organic Search
112,"Rodriguez, Brennan and Garrison",Canada,11-50,04/20/2024,
113,Gonzalez Group,Canada,11-50,06/01/2023,Meta Ads
114,Torres-Pope,IN,1-10,10-Sep-2024,Meta Ads
115,Walker Ltd,U.K.,1000+,2023-02-14,Organic Search
116,Ross LLC,CA,51-200,09/08/2024,Google Ads
117,Rasmussen LLC,Bharat,11-50,10/08/2023,Direct
118,May-Ross,US,1-10,27/09/2023,Meta Ads
119,"Rivera, Johnson and Wiley",IN,11-50,12/23/2025,Meta Ads
120,White-Estes,CA,51-200,24/11/2024,LinkedIn Ads
121,Johnson-Carlson,AU,1000+,2025-03-24,Referral
122,Chandler-Edwards,United States,11-50,20-Jul-2025,Organic Search
123,"Joyce, Wilson and Lam",USA,1-10,23/08/2025,Referral
124,Scott Ltd,Bharat,201-1000,2025-08-08,Meta Ads
125,Smith-Frost,U.S.A,1-10,08/26/2023,Referral
126,"Mcdaniel, Bentley and Mclaughlin",UK,51-200,29-Apr-2025,Referral
127,Diaz Inc,US,11-50,20-Mar-2024,Direct
128,"Mccall, Hanson and Alvarado",U.K.,11-50,05/05/2023,Google Ads
129,Cortez LLC,USA,1-10,13/02/2023,Meta Ads
130,"Parker, Ortiz and Powell",USA,51-200,2024-03-18,Google Ads
131,Spencer-Lee,USA,11-50,24/09/2023,Referral
132,"Bentley, Byrd and Orr",USA,1-10,2024-10-25,Meta Ads
133,"Carroll, Sullivan and Bass",IN,51-200,2025-07-07,LinkedIn Ads
134,Mitchell-Jordan,Bharat,,12/03/2025,Organic Search
135,"Lawson, Morris and Ramos",United Kingdom,51-200,01/10/2025,LinkedIn Ads
136,"Lewis, Kennedy and Santana",US,11-50,10/27/2024,Organic Search
137,"Jackson, Miller and Robertson",United States,11-50,03/16/2024,Referral
138,"Harvey, Davis and Crane",United Kingdom,11-50,10/02/2024,Organic Search
139,Chambers and Sons,United States,11-50,2023-07-10,Organic Search
140,Hernandez Inc,U.K.,11-50,2023-09-08,Referral
141,Riggs PLC,CA,1-10,2024-12-21,LinkedIn Ads
142,Gibson Ltd,US,51-200,2023-08-24,Organic Search
143,"Lee, Horton and Snyder",Bharat,1-10,01-Jul-2024,Meta Ads
144,Hernandez Ltd,USA,1-10,31/03/2025,Organic Search
145,Stafford Inc,U.S.A,1-10,2024-11-29,Meta Ads
146,Robinson-Brock,Australia,51-200,11/19/2023,Google Ads
147,"Holmes, Williams and Wright",Britain,1-10,28-Apr-2025,Referral
148,Bryant Group,Bharat,11-50,2025-09-23,Meta Ads
149,"Schmidt, Hansen and Stewart",US,51-200,03/08/2024,Referral
150,Salazar-Ball,India,11-50,22-Sep-2023,Organic Search
151,"Simmons, Meadows and Griffin",United States,1-10,06/12/2025,Direct
152,Manning Group,IN,1-10,08/15/2024,Google Ads
153,Green-Wright,AUS,11-50,2023-06-30,Google Ads
154,"Ramirez, Strickland and Washington",US,1-10,26/11/2024,Referral
155,Hill Inc,CA,51-200,20/12/2024,Referral
156,"Mitchell, Nelson and Flores",USA,51-200,11/10/2023,Organic Search
157,"Miller, Hernandez and Reyes",Britain,201-1000,10/23/2024,
158,Mccarthy Inc,IN,11-50,26-Apr-2023,
159,Russell-Daniels,Australia,11-50,2023-07-04,LinkedIn Ads
160,Brown-Wall,UK,11-50,20-Oct-2024,LinkedIn Ads
161,Stein-Silva,Canada,11-50,30/10/2025,Google Ads
162,"Smith, Gilmore and Johnston",US,11-50,04-Mar-2025,Meta Ads
163,Smith-Bell,United States,1-10,02/03/2025,Organic Search
164,Castaneda-Ashley,USA,1-10,2024-12-17,Organic Search
165,Medina-Navarro,U.S.A,51-200,2024-11-03,Organic Search
166,"Hurst, Freeman and Nelson",IN,11-50,11/07/2025,Meta Ads
167,Johnson-Rogers,USA,1-10,2023-11-14,Referral
168,"Yates, Ramsey and Pittman",Bharat,11-50,26/09/2023,Google Ads
169,Hooper PLC,India,11-50,04/21/2025,Organic Search
170,Meadows PLC,USA,1000+,09/25/2024,Referral
171,"Alvarado, Miller and Patterson",U.K.,11-50,21/02/2025,LinkedIn Ads
172,White-Green,Australia,201-1000,2025-09-11,Organic Search
173,Lewis-Murphy,USA,11-50,12/07/2024,LinkedIn Ads
174,Ramirez-Bean,AUS,11-50,2023-02-24,Meta Ads
175,King-Miller,United States,201-1000,14/10/2024,Referral
176,Curry Inc,U.S.A,51-200,2023-10-12,LinkedIn Ads
177,Walker-Jones,USA,11-50,16/12/2025,Referral
178,"Williams, Johnson and Wright",Britain,1-10,09/05/2023,
179,Howell and Sons,IN,1-10,2025-05-29,Meta Ads
180,Wells Inc,U.K.,1000+,2023-05-19,LinkedIn Ads
181,"Gould, Marshall and Scott",U.S.A,11-50,2023-03-31,
182,Jackson-Lawson,United States,1-10,11/11/2024,Meta Ads
183,"Higgins, Strickland and Martin",CA,51-200,09-Jan-2024,Google Ads
184,Rodriguez-Johnson,USA,1-10,03/27/2023,Meta Ads
185,Johnston-Odonnell,USA,11-50,2024-08-08,Referral
186,Sanders-Espinoza,IN,51-200,03/30/2025,Referral
187,Vargas Ltd,IN,1-10,29/11/2025,Google Ads
188,Garcia LLC,U.K.,1-10,07/30/2023,Organic Search
189,"Burke, Martinez and Riggs",U.S.A,11-50,12/20/2024,Organic Search
190,Reed Group,United States,51-200,03/06/2023,LinkedIn Ads
191,"Wood, Hunter and Peterson",Canada,1-10,06/16/2025,Google Ads
192,Short-Garcia,Canada,51-200,11/11/2023,Direct
193,Reid-Poole,Britain,11-50,10/05/2024,Google Ads
194,"Hernandez, Thompson and Boyd",United Kingdom,51-200,06/20/2024,Organic Search
195,"Nelson, Morton and Medina",USA,11-50,01-Jun-2023,Referral
196,Marshall-Petersen,Bharat,11-50,13/05/2023,Meta Ads
197,"Adams, Christian and Rivas",Bharat,1-10,2024-04-04,Google Ads
198,Ramirez Group,US,51-200,15-Aug-2025,Organic Search
199,Christensen PLC,U.S.A,11-50,12-Dec-2025,LinkedIn Ads
200,"Barnett, Rogers and Snyder",IN,51-200,12/08/2025,Meta Ads
201,White-Lewis,India,11-50,05-Jun-2025,Referral
202,Peterson-Beard,US,1-10,06-Apr-2024,Direct
203,"Beard, Peters and Black",US,11-50,14/09/2023,Organic Search
204,Miller Ltd,US,,26-Mar-2023,Google Ads
205,Freeman-Chang,Bharat,11-50,03-May-2025,Google Ads
206,"Alvarez, Joseph and West",Britain,11-50,09/01/2024,Organic Search
207,Holt-Torres,USA,201-1000,10/02/2024,Meta Ads
208,"Wood, Tran and Cooper",US,11-50,20/11/2025,Meta Ads
209,"Pierce, Bell and Chavez",United States,201-1000,17/08/2024,Referral
210,King-Martinez,AU,1-10,02-Oct-2024,Google Ads
211,Stewart Ltd,United Kingdom,11-50,2025-03-16,Direct
212,"Tapia, Vaughn and Lee",U.S.A,11-50,08-Aug-2024,Referral
213,"Washington, Hardy and Bray",IN,11-50,2023-04-03,Organic Search
214,"Carlson, Hooper and Wall",U.S.A,51-200,2024-07-26,Organic Search
215,Perez-White,US,51-200,2025-01-18,Google Ads
216,Erickson and Sons,US,11-50,28-Aug-2025,Google Ads
217,Williams-Brown,US,11-50,11/19/2024,LinkedIn Ads
218,Terry-Martinez,AUS,51-200,2024-11-09,Direct
219,Garcia-Smith,U.K.,51-200,04/11/2024,Organic Search
220,Harrison-Alexander,USA,11-50,03/06/2023,Organic Search
221,Sheppard LLC,USA,11-50,2025-04-20,Organic Search
222,Wilson-Jones,Bharat,11-50,29/02/2024,Direct
223,Jones-Soto,U.K.,51-200,26-Dec-2024,Referral
224,Hernandez PLC,India,1-10,19-May-2024,Meta Ads
225,Miller-Wright,Bharat,1-10,28-Sep-2025,Meta Ads
226,"Duran, Obrien and Gibbs",U.S.A,51-200,19-Mar-2025,Direct
227,Rowe Group,Canada,201-1000,10-Dec-2024,Organic Search
228,Kerr-Evans,CA,1-10,09/10/2023,
229,"Branch, Torres and Oliver",India,11-50,2023-07-25,Organic Search
230,"Choi, Garcia and Farmer",Canada,51-200,13-Apr-2025,Referral
231,"Clark, Guerrero and Moore",United States,51-200,2023-07-03,Google Ads
232,Arnold and Sons,Canada,201-1000,05/05/2025,Google Ads
233,Ortiz Ltd,India,201-1000,15-Aug-2024,Google Ads
234,"Harrison, Johnson and Roberts",U.S.A,201-1000,02/10/2023,LinkedIn Ads
235,Warner-Gibson,Bharat,51-200,10/06/2024,Google Ads
236,"Hall, Baker and Moody",U.S.A,11-50,25/05/2025,Google Ads
237,"Guerrero, Peck and Coleman",UK,1-10,14-Jan-2023,Google Ads
238,"Walker, Hernandez and Baker",United Kingdom,51-200,19-Jun-2024,Organic Search
239,Jones and Sons,US,11-50,29/08/2023,Direct
240,Larson-Holloway,Britain,11-50,04/02/2025,LinkedIn Ads
241,Gonzales-Harrison,Bharat,11-50,2023-06-17,LinkedIn Ads
242,Lyons-Bender,USA,1-10,11/03/2023,Referral
243,"Fernandez, Kim and George",U.S.A,11-50,04/24/2023,
244,Navarro-Munoz,IN,11-50,2023-02-14,Referral
245,Davis Ltd,United Kingdom,201-1000,05/04/2023,
246,"Matthews, Smith and Hubbard",USA,11-50,05/10/2025,Referral
247,Johnston-Hines,USA,1-10,13/12/2024,Direct
248,Ruiz Ltd,Australia,11-50,03/09/2024,Organic Search
249,Moon-White,US,1-10,11/14/2023,Direct
250,"Graham, Olsen and Costa",India,,2024-05-07,Google Ads
251,Bailey-Cook,United States,11-50,03/04/2025,LinkedIn Ads
252,"Garcia, Martin and Jenkins",U.K.,51-200,24-Apr-2024,Organic Search
253,Roberts-Landry,USA,1-10,03/12/2025,Meta Ads
254,"Johnson, Miller and King",IN,1-10,12-Oct-2025,Meta Ads
255,Cordova Group,IN,1-10,02/11/2023,Google Ads
256,"Bryan, Smith and Booth",USA,201-1000,06/08/2025,Organic Search
257,Gutierrez-Lopez,US,1-10,21/02/2024,Google Ads
258,Dean-Jimenez,U.S.A,201-1000,22/03/2023,Google Ads
259,Wolf-Harris,U.K.,1000+,2024-09-12,Google Ads
260,"Anderson, Roberts and Gilmore",IN,51-200,11-May-2024,Organic Search
261,Martinez-Dudley,IN,11-50,08/12/2025,Meta Ads
262,"Lloyd, Mckinney and Collins",Britain,201-1000,17/10/2024,Meta Ads
263,Tran Inc,India,11-50,18/06/2024,Organic Search
264,Gay Inc,U.S.A,11-50,05/18/2024,Organic Search
265,Valentine-Holland,CA,1-10,08/01/2025,Referral
266,Jimenez Ltd,United States,1-10,2025-12-09,Referral
267,Hicks-Hill,UK,51-200,05/20/2023,Google Ads
268,Baird-Sanchez,India,,14-Jan-2023,LinkedIn Ads
269,"Thomas, Lee and Greene",U.S.A,1-10,03-Jan-2024,Google Ads
270,"Suarez, Shields and Hill",AUS,1-10,23/03/2025,Direct
271,Morgan-French,United States,1-10,2023-03-06,
272,Hoover-Campbell,India,51-200,2025-10-20,Organic Search
273,Monroe-Carpenter,Australia,1-10,2024-04-15,Referral
274,"Burns, Hernandez and Ryan",CA,,09/03/2023,Referral
275,Cook-Hines,Bharat,201-1000,03/26/2025,Meta Ads
276,Gibson-Morris,Bharat,11-50,2024-11-10,Organic Search
277,Pollard and Sons,U.K.,1-10,04/20/2023,Google Ads
278,"Reyes, Chase and Jenkins",CA,11-50,03/02/2023,Referral
279,Garner-Thornton,Britain,51-200,25-Jun-2023,
280,Hughes-Alvarado,USA,,08-Mar-2025,Google Ads
281,"Pollard, Simpson and Johnson",India,1-10,2023-09-29,LinkedIn Ads
282,"Sanford, Rivera and Garcia",US,11-50,07/10/2023,
283,Garcia-Lozano,United States,11-50,12-May-2024,Google Ads
284,Bowen Group,USA,1-10,10-May-2023,Meta Ads
285,"Booker, Jones and Harrington",USA,11-50,10/12/2025,Google Ads
286,Morgan-Schwartz,U.S.A,11-50,05/11/2024,LinkedIn Ads
287,"Miller, Murphy and Craig",USA,1-10,09/08/2025,Direct
288,"James, Stewart and Higgins",Canada,11-50,29/10/2024,Referral
289,Brennan-Johnson,UK,1000+,25-Feb-2023,LinkedIn Ads
290,Young Ltd,Australia,51-200,17/04/2025,Google Ads
291,Bright-Francis,IN,11-50,06/01/2023,Organic Search
292,Good-Hodges,U.K.,1-10,2023-06-24,Google Ads
293,"Brennan, Wallace and Benson",Britain,,10/11/2024,LinkedIn Ads
294,Williams Inc,Britain,51-200,2025-08-06,Organic Search
295,Howard-Jordan,U.K.,201-1000,01-May-2025,Google Ads
296,Schmidt PLC,U.S.A,11-50,02/28/2024,Meta Ads
297,"Sparks, Jackson and Miller",US,51-200,02/04/2023,Google Ads
298,Harvey-Allen,Canada,1-10,22/11/2025,Google Ads
299,"Thomas, Murray and King",Bharat,1-10,13/01/2024,Organic Search
300,Estrada-Nolan,Britain,1-10,2025-03-07,Google Ads
301,Santana-Byrd,UK,1-10,19-Jan-2025,LinkedIn Ads
302,Jones LLC,Britain,1-10,22-Aug-2023,Referral
303,"Evans, Hayden and Vaughn",Canada,1-10,02/10/2023,Google Ads
304,Bruce-Gonzalez,Britain,11-50,10/10/2023,LinkedIn Ads
305,Castaneda-Rodriguez,Britain,1-10,14-Aug-2024,
306,Armstrong-Andrews,CA,1-10,10/07/2023,Meta Ads
307,"Phillips, Spence and Barrett",IN,,28-Jun-2025,Google Ads
308,Smith-Grimes,USA,1-10,2024-08-14,LinkedIn Ads
309,"Beltran, Lozano and Mcgee",U.K.,11-50,21/01/2025,Referral
310,Parsons-Hall,Canada,1-10,2024-05-21,Direct
311,Robinson-Lee,United Kingdom,1-10,04/30/2024,Organic Search
312,Byrd-Le,USA,51-200,28/02/2024,Referral
313,"Becker, Taylor and Davis",US,11-50,2024-08-15,Direct
314,"Lucas, Parker and Alexander",U.S.A,1000+,02/05/2023,Referral
315,"Diaz, Anderson and Browning",US,51-200,21-May-2024,Organic Search
316,Burgess-Thompson,IN,1-10,14-Jul-2025,Referral
317,Buchanan LLC,IN,,2025-07-20,Meta Ads
318,"Shaw, Nelson and Martin",IN,201-1000,03/01/2025,Referral
319,Coffey-Phillips,U.K.,1-10,03-Aug-2024,Organic Search
320,Brock-Mcdonald,Australia,1-10,05/04/2023,Referral
321,Taylor and Sons,United Kingdom,1-10,26/05/2025,Organic Search
322,"Ramsey, Whitney and Coffey",AUS,51-200,11/07/2023,Meta Ads
323,"Diaz, Gibbs and Smith",US,11-50,2024-04-24,Google Ads
324,"Martinez, Richardson and Curry",USA,51-200,11/29/2025,Google Ads
325,Richards-Carson,IN,1-10,26-May-2023,Google Ads
326,Rodriguez-Hall,Australia,51-200,22/02/2025,Referral
327,Harvey PLC,United States,11-50,12/03/2023,Organic Search
328,Herman-Walker,IN,1-10,03/20/2024,Google Ads
329,Reid Group,U.S.A,51-200,06-Oct-2024,Google Ads
330,"Turner, Ortiz and Taylor",Bharat,51-200,24/02/2023,Organic Search
331,Torres Group,IN,51-200,22/04/2023,Referral
332,Davis PLC,United Kingdom,201-1000,12/17/2025,Google Ads
333,Price LLC,AU,11-50,2025-05-11,Organic Search
334,"Avery, Horton and Fernandez",United States,1-10,29-Jan-2023,Google Ads
335,"Newton, Moore and Perry",Bharat,11-50,30/04/2025,LinkedIn Ads
336,Bass PLC,US,11-50,06/11/2023,Google Ads
337,Crosby-Ramirez,United Kingdom,51-200,2024-09-27,
338,"Wood, Ramos and Sampson",Canada,11-50,17/07/2025,Google Ads
339,Garcia-Jennings,USA,1-10,24-Jan-2023,Direct
340,"Winters, Newman and Brown",USA,51-200,07/04/2024,Google Ads
341,Lopez-Martinez,United States,51-200,22-Jun-2024,Organic Search
342,Davis-Lewis,USA,1-10,2025-01-23,Referral
343,"Harper, Smith and Buchanan",United States,,01/04/2023,Google Ads
344,Zhang PLC,United States,1-10,2025-05-08,Google Ads
345,Jones PLC,United Kingdom,51-200,2025-10-25,Google Ads
346,Willis and Sons,Canada,201-1000,08/10/2025,Referral
347,Schroeder-Kramer,USA,11-50,08/20/2024,Meta Ads
348,"Smith, Garrison and Thomas",Canada,,2024-05-17,Direct
349,Fernandez and Sons,Canada,51-200,09/02/2025,Organic Search
350,Guerrero Inc,United Kingdom,51-200,10/19/2023,Google Ads
351,Smith and Sons,IN,1000+,07/27/2025,Google Ads
352,"Morris, Thompson and Williams",United States,51-200,06/09/2025,Google Ads
353,"Fisher, Wilson and Brown",Bharat,1-10,2024-10-30,Meta Ads
354,Strickland-Palmer,USA,11-50,09/07/2025,LinkedIn Ads
355,Hayes and Sons,Britain,201-1000,2024-06-26,Google Ads
356,"Williams, Logan and Camacho",US,1-10,31-Oct-2023,Google Ads
357,"Turner, Schneider and Johnson",USA,1000+,2023-03-05,Referral
358,Boone-Simmons,UK,1-10,09/06/2023,Referral
359,Henry Group,United States,201-1000,06/14/2024,Google Ads
360,Lam LLC,Australia,,11/10/2024,Direct
361,"Hernandez, Martinez and Weber",AUS,1-10,13/10/2025,Organic Search
362,"Kelley, Nguyen and Vang",U.S.A,1-10,11/01/2023,Organic Search
363,"Phillips, Wagner and Jordan",AUS,1-10,05/05/2023,Meta Ads
364,"Wilson, Pena and Rich",Bharat,1000+,02/09/2023,Referral
365,"Le, Lewis and Hayes",US,1-10,06-Mar-2025,
366,Gutierrez Group,U.S.A,11-50,20/12/2025,Organic Search
367,Perry-Davis,IN,,28/12/2025,Direct
368,Edwards-Scott,Britain,201-1000,27-Dec-2024,Direct
369,Mcdaniel Group,AU,201-1000,04/01/2025,Google Ads
370,Davis Inc,UK,,05/10/2025,
371,Reynolds Ltd,U.S.A,1-10,02/01/2023,Organic Search
372,"Watson, Anderson and Brown",CA,1-10,02-May-2023,Organic Search
373,"Hoffman, Santiago and Jenkins",CA,11-50,03/21/2025,Meta Ads
374,"Pugh, Henderson and Moon",IN,1-10,11-Oct-2024,Direct
375,Schmitt PLC,USA,1-10,02/13/2025,Organic Search
376,Bell-Lane,AU,1-10,2023-03-08,Meta Ads
377,Moore Group,Canada,51-200,2024-11-09,Google Ads
378,Boone LLC,AU,11-50,18-Nov-2024,
379,"Richardson, Farmer and Andrews",Bharat,1-10,01/03/2023,LinkedIn Ads
380,Bruce-Villegas,Britain,11-50,20/12/2024,Google Ads
381,"Austin, Day and Johnson",United States,1-10,10/03/2023,
382,"Gallegos, Adams and White",Australia,11-50,06/03/2023,Referral
383,"Farmer, Dorsey and Bell",IN,,04/12/2023,LinkedIn Ads
384,Kane PLC,U.K.,1-10,07/30/2024,Google Ads
385,"Morales, Thomas and Schultz",US,11-50,08/01/2023,Meta Ads
386,Bennett Group,USA,11-50,12/16/2023,Direct
387,Moore-Collins,U.K.,11-50,06/07/2023,Meta Ads
388,Frank-Bradley,U.K.,11-50,2025-06-19,
389,Ware and Sons,US,1000+,04/27/2025,Organic Search
390,Webster Inc,CA,11-50,27/04/2024,Google Ads
391,"Miller, Ramos and Coleman",U.S.A,201-1000,2023-12-21,Google Ads
392,"Ramos, Nelson and Fischer",Britain,1000+,2024-02-18,Organic Search
393,Reed Inc,U.S.A,201-1000,10/29/2024,
394,Gregory-Watkins,USA,11-50,2023-10-31,Organic Search
395,"Estrada, Williams and Foster",United Kingdom,201-1000,08/08/2024,Referral
396,"Brown, Harris and Dougherty",Britain,1-10,03/18/2023,LinkedIn Ads
397,Duran LLC,US,1-10,01-May-2024,LinkedIn Ads
398,Wilson-Jimenez,AUS,1-10,28/09/2024,LinkedIn Ads
399,Thompson-James,U.S.A,1-10,19/10/2024,LinkedIn Ads
400,"Hall, Hansen and Barnett",CA,51-200,19/09/2025,Referral
401,Jones-Hensley,U.S.A,51-200,05/10/2023,LinkedIn Ads
402,Graham Group,Australia,11-50,03/09/2023,Direct
403,Atkins PLC,United Kingdom,1-10,03/04/2023,LinkedIn Ads
404,Berry-Mckinney,U.K.,1-10,06-Dec-2024,Referral
405,Roberts-Sullivan,United States,201-1000,30/11/2023,Referral
406,Jackson-Meza,IN,11-50,04/18/2025,Referral
407,Collier-Gillespie,Canada,1-10,18-Jan-2023,Organic Search
408,Kim Inc,Britain,11-50,12/15/2024,Google Ads
409,"Miller, Harrell and Reese",United Kingdom,1000+,13-Nov-2025,Direct
410,Cook and Sons,United States,1-10,13-Sep-2025,Direct
411,Dixon Inc,Bharat,1-10,09/03/2024,
412,"Hicks, Bullock and Bailey",Bharat,51-200,10/14/2023,Organic Search
413,"Mullen, Brewer and Hernandez",United Kingdom,1-10,01/24/2024,Organic Search
414,Thomas and Sons,CA,1-10,04-Nov-2025,Google Ads
415,Morrison Ltd,USA,51-200,13-Jun-2024,Organic Search
416,Thompson Ltd,India,1-10,28-Dec-2024,Referral
417,Marshall-Elliott,US,201-1000,2025-08-07,LinkedIn Ads
418,"Cole, Glass and Cunningham",UK,1-10,21/10/2025,Organic Search
419,"Downs, Morris and Maddox",USA,11-50,02-Dec-2024,Organic Search
420,Hernandez-Jones,Australia,11-50,2023-06-15,Organic Search
421,Welch-Hogan,UK,11-50,12/12/2023,Google Ads
422,"Brown, Romero and Collins",Bharat,11-50,29/05/2025,
423,Johnson-Wood,India,,21/10/2024,
424,Jones-Lin,US,1-10,2024-10-01,Meta Ads
425,Gilbert PLC,US,51-200,22/07/2025,Organic Search
426,Ford-Spencer,U.S.A,51-200,2025-01-05,Google Ads
427,"Huang, Cole and Pacheco",USA,51-200,2024-03-08,Organic Search
428,"Lopez, Jacobs and Mason",US,,2025-12-31,Organic Search
429,Hayes LLC,United States,11-50,03/05/2025,Google Ads
430,"Miller, Lucas and Williams",Bharat,1-10,20/01/2023,Organic Search
431,"Kim, Gonzales and Mills",United Kingdom,51-200,13/11/2025,Google Ads
432,Cox LLC,IN,1000+,12/07/2025,Meta Ads
433,Ortiz-Morgan,CA,1-10,11/08/2024,Google Ads
434,"Williams, Mccoy and Cook",United States,1-10,11/13/2025,Organic Search
435,Davis-Gregory,CA,11-50,24-Jun-2024,
436,King-York,US,51-200,22/05/2025,
437,"Marks, Cook and Aguilar",India,11-50,2024-11-04,LinkedIn Ads
438,Rangel LLC,US,1-10,01/10/2024,LinkedIn Ads
439,"Hale, Myers and Larson",Bharat,,08/12/2023,Organic Search
440,Collins Group,U.S.A,1-10,16/06/2025,
441,"Conner, Li and Santiago",Britain,201-1000,2023-08-20,LinkedIn Ads
442,"Osborn, Gaines and Davis",Bharat,51-200,10-Dec-2025,Organic Search
443,"Henderson, Cox and Cox",United Kingdom,51-200,06/05/2025,Google Ads
444,Bean LLC,United States,11-50,24/01/2023,Google Ads
445,Lee-Cooke,U.S.A,,10/18/2024,Direct
446,"Wise, Conley and Stephenson",UK,11-50,06/11/2023,Referral
447,Stanley PLC,U.S.A,1-10,2023-02-06,
448,Harper and Sons,Bharat,201-1000,15-Sep-2024,Organic Search
449,White Ltd,United States,51-200,01-Apr-2024,Meta Ads
450,"Lamb, Martin and Kim",India,51-200,19-Jul-2023,Google Ads
451,Diaz-Ball,U.K.,1-10,08/06/2023,Google Ads
452,Bishop-Goodwin,USA,1-10,20/01/2024,Referral
453,Young-Allen,India,1-10,04/28/2025,Organic Search
454,Mckee-Lee,UK,1-10,10/18/2025,Organic Search
455,"Valentine, Joyce and Murray",Canada,51-200,22-Dec-2023,Google Ads
456,Strickland-Shaw,Britain,1000+,07-May-2025,Direct
457,Burch-Montoya,CA,1-10,01-Oct-2023,Organic Search
458,"Taylor, Wright and Davidson",Bharat,1-10,21/03/2024,Organic Search
459,Spencer-Garcia,Canada,11-50,10/28/2025,Organic Search
460,"Rosales, Mitchell and Hines",Britain,1-10,2025-12-29,Referral
461,Cole-Palmer,United States,1-10,26-Apr-2023,Referral
462,Davis-Lozano,United States,1-10,27/08/2024,LinkedIn Ads
463,Wilkerson-Arias,Bharat,1-10,2025-03-07,Referral
464,Brown-Shaw,CA,1000+,2025-05-03,Direct
465,Hughes Inc,India,51-200,26/06/2025,Direct
466,Walker-Flores,India,11-50,2024-08-25,Direct
467,Combs Ltd,U.S.A,11-50,25-Jul-2024,Google Ads
468,Moody-Taylor,UK,,23-Mar-2023,Meta Ads
469,Lowery-Kennedy,U.K.,51-200,2023-05-30,Meta Ads
470,Blake Group,India,11-50,01-May-2025,LinkedIn Ads
471,Gilbert-Bullock,US,1000+,2024-03-23,Organic Search
472,Scott and Sons,US,1-10,2025-07-01,Organic Search
473,"Bentley, Lynch and Henderson",IN,201-1000,20-Feb-2025,Direct
474,Young-Martinez,US,,19/11/2025,LinkedIn Ads
475,Barnes PLC,United States,1-10,2023-07-16,
476,Brown-Copeland,USA,51-200,05/18/2025,Google Ads
477,Carlson-Smith,India,,11/11/2023,
478,"Andrews, Higgins and Carter",Bharat,11-50,05/25/2023,Google Ads
479,Mendez and Sons,United Kingdom,51-200,2025-03-08,LinkedIn Ads
480,"Butler, Beck and Miller",India,201-1000,2025-01-02,Google Ads
481,Jones-Fox,U.S.A,11-50,20/02/2025,Organic Search
482,"Hartman, Romero and Smith",Bharat,1000+,27-Aug-2024,Google Ads
483,Williams-Hughes,Canada,1-10,2023-10-17,Google Ads
484,King-Smith,US,11-50,09/03/2024,Organic Search
485,Cooper Ltd,IN,1-10,02/02/2024,
486,"Fuller, Ingram and Moss",India,51-200,18-Aug-2024,Meta Ads
487,Anderson-Bell,USA,1-10,24-Jul-2023,Google Ads
488,Li-Thompson,IN,11-50,2023-11-09,Meta Ads
489,"Marshall, Dominguez and Welch",USA,1-10,06/12/2025,Meta Ads
490,Brown Group,U.K.,11-50,17-Sep-2024,Google Ads
491,Carter Inc,Australia,1-10,2024-02-07,
492,Blackwell LLC,AU,51-200,2023-03-05,Organic Search
493,Robertson-Hays,Britain,11-50,01-Nov-2023,Google Ads
494,"Kennedy, Johnson and Lucas",United States,11-50,23/03/2025,Google Ads
495,Kelly-Norman,India,1-10,02/07/2025,Organic Search
496,"Rivera, Martinez and Richardson",IN,1-10,04/01/2025,Referral
497,Paul-Kline,USA,201-1000,2025-11-26,Meta Ads
498,Morgan-Lopez,US,51-200,31-Jul-2023,LinkedIn Ads
499,"Jimenez, Glass and Stone",UK,51-200,10-Feb-2025,Meta Ads
500,Acosta Inc,USA,11-50,2025-11-23,Referral
501,Morrison-Short,UK,1-10,19/06/2025,Google Ads
502,"Carter, Garcia and Murphy",United States,11-50,04/16/2024,Meta Ads
503,Parker-Morrison,USA,1-10,2025-04-21,Google Ads
504,Jackson-Wallace,Australia,1-10,2023-04-25,Direct
505,Williams-Berg,AU,201-1000,08/03/2024,Google Ads
506,Mendez-Graham,U.S.A,51-200,20-Oct-2023,Referral
507,"Whitney, Gould and Jones",US,11-50,2025-07-17,Google Ads
508,"Sullivan, Palmer and Brady",U.S.A,11-50,2023-11-03,Google Ads
509,Cisneros and Sons,USA,201-1000,03-Jan-2023,Referral
510,"Gregory, Kim and Martinez",AU,11-50,21-Dec-2025,Direct
511,Osborne LLC,United Kingdom,1-10,21-May-2025,LinkedIn Ads
512,Reyes-Bradley,Britain,1-10,2024-06-11,Organic Search
513,"Hernandez, Cole and Watson",Britain,51-200,25-Feb-2024,Meta Ads
514,Hines-Berry,U.S.A,11-50,01/18/2025,Direct
515,"Richardson, Edwards and Ramirez",U.S.A,1000+,03/06/2024,Organic Search
516,Johnson and Sons,AU,51-200,01/09/2023,LinkedIn Ads
517,Holmes-Mcintyre,U.K.,,17/04/2023,Direct
518,Green LLC,Britain,1-10,06/30/2023,
519,"Griffin, Davies and Mitchell",CA,,03/12/2025,Direct
520,Gonzalez-Taylor,IN,1-10,2023-01-22,Organic Search
521,Hayes Ltd,Bharat,51-200,2025-11-22,Organic Search
522,Osborn-Cochran,Canada,51-200,2024-07-19,Meta Ads
523,Contreras-Mckinney,India,11-50,04-Jul-2023,Organic Search
524,"Daniels, Vance and York",CA,11-50,08-Apr-2024,Google Ads
525,"Mckinney, Graves and Thompson",United States,11-50,29-May-2023,Meta Ads
526,Hicks-Martinez,AU,51-200,27-May-2024,Direct
527,Conner and Sons,CA,201-1000,08/01/2025,Referral
528,Johnson-Spencer,India,51-200,15-Apr-2024,LinkedIn Ads
529,Mcdonald-Bird,United States,51-200,03/28/2025,Referral
530,Salazar Inc,USA,1-10,05/07/2024,Organic Search
531,Parker Ltd,USA,1-10,27/06/2024,Google Ads
532,"Mendoza, Jenkins and Ortiz",India,51-200,2023-06-10,Organic Search
533,"Jones, Compton and Day",AUS,11-50,10/07/2024,Direct
534,Owens-Holmes,US,,03/25/2025,Organic Search
535,Humphrey PLC,Canada,1-10,2025-10-26,Referral
536,"Matthews, Saunders and Anderson",IN,51-200,08-Oct-2024,Google Ads
537,"Bartlett, Brown and Martinez",US,11-50,19-Jan-2024,Google Ads
538,Torres and Sons,U.S.A,11-50,03/07/2024,Referral
539,Donovan-Perez,USA,51-200,04/13/2024,Organic Search
540,"Jacobson, Singleton and King",USA,51-200,26-Aug-2025,Google Ads
541,"Huber, Hill and Weber",IN,11-50,2024-05-28,Organic Search
542,"Ferguson, Shaw and Jackson",US,51-200,02-Sep-2025,Google Ads
543,"Moore, Hopkins and Le",U.K.,1-10,05/12/2024,Google Ads
544,"Morgan, Bradshaw and Williams",UK,11-50,2024-08-05,Organic Search
545,"Baker, Clark and Armstrong",US,11-50,07-Aug-2025,Google Ads
546,"Fowler, Jimenez and Burton",Britain,1-10,27-May-2023,Meta Ads
547,May-Turner,IN,201-1000,07/09/2024,Referral
548,Ballard Ltd,UK,1-10,2023-02-17,Google Ads
549,Evans-Jones,U.S.A,1-10,07/30/2023,
550,Marshall-Peterson,United Kingdom,1-10,01-Aug-2023,Google Ads
551,Edwards Ltd,US,11-50,26-Jun-2025,
552,Gross-Valencia,AUS,11-50,02/09/2025,Referral
553,Anderson-Wood,Canada,11-50,24-Jul-2025,Organic Search
554,"Rodriguez, Allen and Martinez",CA,51-200,10-Apr-2024,LinkedIn Ads
555,Wright-Davis,USA,1-10,12/05/2024,LinkedIn Ads
556,Dougherty-Lin,U.S.A,11-50,08/22/2024,Referral
557,Wright-Grimes,USA,51-200,09-Mar-2025,Google Ads
558,Li PLC,US,1-10,04/25/2025,Google Ads
559,"Edwards, Hines and Jimenez",IN,,04/10/2025,Google Ads
560,"Owens, Koch and Jimenez",CA,,2024-07-05,LinkedIn Ads
561,Landry PLC,U.K.,1-10,2025-05-10,Referral
562,Levy-Lewis,USA,1-10,25-Apr-2023,Meta Ads
563,Williams-Campbell,Australia,1000+,07/09/2023,Organic Search
564,"Khan, Pena and Ruiz",India,11-50,02/12/2024,Referral
565,"Smith, Rodriguez and Anderson",US,1-10,2024-10-23,Organic Search
566,Luna-Gallagher,US,11-50,11/02/2024,Google Ads
567,Williams-Williams,IN,1-10,2023-01-31,Meta Ads
568,"Lee, Tran and Jones",CA,11-50,14-Nov-2023,Google Ads
569,"Cole, Pierce and Bryan",Canada,11-50,05/03/2023,Google Ads
570,"Becker, Wilson and Hester",US,51-200,17-Jun-2025,Google Ads
571,Brooks-Hatfield,AUS,11-50,15-Jun-2025,LinkedIn Ads
572,"Mcmillan, Fischer and Gonzalez",U.S.A,201-1000,17/07/2024,Organic Search
573,"Morales, Williams and Williams",U.K.,11-50,2025-01-21,Referral
574,"Cook, Wells and Bryant",IN,1-10,04/05/2024,Google Ads
575,"Barry, Taylor and Velazquez",Britain,11-50,2023-11-12,Meta Ads
576,Martin-Ewing,USA,201-1000,01/01/2024,Google Ads
577,"Kirby, Wheeler and Romero",Bharat,1-10,08/06/2024,
578,"Patel, Erickson and Evans",India,51-200,08/16/2025,Google Ads
579,Richardson Ltd,AU,,30-Apr-2023,
580,Whitney PLC,USA,1-10,29/11/2025,Organic Search
581,Robles-Swanson,UK,51-200,04/30/2025,Referral
582,"Soto, Carlson and Baker",Australia,11-50,01/05/2024,LinkedIn Ads
583,"Patton, Parsons and Lane",CA,51-200,26-Oct-2024,LinkedIn Ads
584,"Williams, Castillo and Warren",Bharat,11-50,03/14/2024,Organic Search
585,"Harvey, Randall and Hernandez",Britain,51-200,01-Jan-2023,Direct
586,"Allen, Armstrong and Graves",USA,201-1000,15-Mar-2024,Google Ads
587,Smith LLC,Canada,1-10,13/07/2023,Meta Ads
588,Hernandez-Vaughn,US,11-50,08-Jul-2023,
589,Shaw-Carr,India,51-200,26-Sep-2025,Organic Search
590,Salas-Fitzgerald,U.S.A,51-200,06/10/2023,Direct
591,Thornton PLC,United Kingdom,51-200,04/09/2024,Referral
592,Hoffman Ltd,United States,11-50,2024-10-15,Google Ads
593,Fox-Edwards,IN,51-200,07/01/2025,Organic Search
594,Stevens PLC,US,11-50,06/19/2023,Organic Search
595,Payne-Lowe,UK,11-50,04/10/2023,Google Ads
596,"Becker, Lara and Baker",US,1-10,05/30/2025,Direct
597,Lee-Wright,USA,1-10,18-Oct-2024,Organic Search
598,"Evans, David and Hendrix",IN,11-50,26/10/2023,Direct
599,Bush-Vaughn,India,51-200,19-Aug-2023,Google Ads
600,Stewart-Bailey,United States,11-50,16/09/2024,Google Ads
601,"Hill, Martinez and Rhodes",U.K.,11-50,09/16/2025,Direct
602,Huang-Foster,United Kingdom,1-10,2024-06-07,Meta Ads
603,Blevins-Ballard,United Kingdom,11-50,2023-05-17,Meta Ads
604,Williams-Moses,U.S.A,1000+,04/18/2024,LinkedIn Ads
605,"Scott, Mendoza and Harris",AU,1-10,2023-06-30,LinkedIn Ads
606,"Nelson, Hoffman and Nelson",US,,14-Nov-2024,Organic Search
607,Sanchez Ltd,India,1-10,2025-10-23,Google Ads
608,"Perez, Hall and Garcia",CA,1-10,04/06/2024,Referral
609,Love-Garcia,UK,1-10,04-May-2025,Google Ads
610,Santos-Avila,UK,51-200,28/02/2024,Organic Search
611,Morris-Brewer,USA,1000+,30/05/2025,Direct
612,Pearson and Sons,United States,1-10,01/13/2024,Referral
613,"Rodgers, Jefferson and Johnson",CA,51-200,26/06/2025,Referral
614,Butler and Sons,India,1-10,27/09/2023,Referral
615,Osborn Group,UK,11-50,02/23/2023,Organic Search
616,Lopez-Curry,IN,201-1000,2024-01-12,LinkedIn Ads
617,Mcdowell-Smith,United Kingdom,1000+,06/07/2024,Google Ads
618,"Morrison, Hebert and Rogers",U.S.A,51-200,2025-09-30,Referral
619,Hays-Daniels,IN,11-50,2024-10-02,Direct
620,Small-Anderson,Britain,51-200,07/24/2025,Google Ads
621,"Mcdonald, Lee and Rodriguez",Canada,,03/04/2025,Organic Search
622,Simon Ltd,AUS,1-10,02/08/2025,Meta Ads
623,Higgins-Smith,Britain,51-200,05/07/2023,Google Ads
624,Gibbs-Bradley,US,1-10,07/12/2025,LinkedIn Ads
625,Wilcox-Robertson,US,51-200,02-Dec-2023,Google Ads
626,Morales Inc,U.S.A,11-50,13/11/2025,
627,Holden Group,Canada,201-1000,29-Nov-2023,Google Ads
628,Boyle-Smith,IN,11-50,14-Aug-2024,Google Ads
629,Young-Molina,U.S.A,11-50,10/18/2025,Google Ads
630,Turner-Sharp,Britain,11-50,12/06/2023,Google Ads
631,"Young, Contreras and Marshall",USA,51-200,23-Apr-2023,Google Ads
632,Sullivan PLC,United States,1-10,11/04/2023,Direct
633,"Carrillo, Vaughn and Fowler",CA,1-10,2023-03-15,Meta Ads
634,Richardson-Walker,Bharat,1-10,05/13/2023,Google Ads
635,Mendoza Group,UK,1-10,04/30/2023,Organic Search
636,"Zhang, Brooks and Miles",Bharat,11-50,11-Aug-2024,Referral
637,Todd-Pham,CA,51-200,30/11/2025,LinkedIn Ads
638,Gill Ltd,India,1-10,04/01/2023,LinkedIn Ads
639,"Marks, Miller and Griffin",IN,1-10,27/04/2025,Meta Ads
640,"Cox, Stark and Rodriguez",IN,1-10,19-May-2023,
641,"Leach, Harris and Herrera",United States,1-10,12/26/2023,Referral
642,Murphy PLC,Bharat,11-50,06-Oct-2023,Organic Search
643,Wilson-Harris,Britain,51-200,2023-04-25,Meta Ads
644,"Burns, Nolan and Griffin",US,1-10,12/25/2024,Google Ads
645,Chavez PLC,India,1-10,08-Mar-2025,Google Ads
646,Bryant-Brown,IN,1-10,27-Apr-2025,Referral
647,Chambers-Parker,US,1-10,12/25/2023,Referral
648,Foster Inc,Britain,1-10,21-Oct-2025,Meta Ads
649,"Robinson, Jones and Henderson",India,51-200,2023-07-21,Direct
650,"Brown, Mcknight and Michael",United Kingdom,1-10,09-Jan-2023,Google Ads
651,Andersen Group,United Kingdom,11-50,31-Jul-2023,Organic Search
652,Mitchell and Sons,India,1-10,2024-10-19,Meta Ads
653,Cannon Ltd,USA,1-10,14-Jul-2024,Direct
654,"Stuart, Brooks and Vance",U.K.,201-1000,17-Oct-2023,Referral
655,Kane-Knox,IN,1-10,06/27/2025,
656,Miller-Brandt,U.S.A,1-10,03/13/2025,Organic Search
657,"Anderson, Dalton and Wilson",IN,51-200,11/11/2024,Organic Search
658,"Long, Anderson and Irwin",United Kingdom,1-10,08/17/2025,Meta Ads
659,Avila LLC,USA,201-1000,22-Oct-2023,Organic Search
660,Nunez-Stephens,IN,11-50,17/07/2025,Google Ads
661,"Gray, Hall and Murray",US,11-50,2023-09-18,LinkedIn Ads
662,Hill Ltd,Bharat,11-50,08/02/2025,LinkedIn Ads
663,Johnson Ltd,US,51-200,02-Mar-2024,Organic Search
664,Mendez-Mayer,UK,51-200,12/21/2023,Google Ads
665,Allen Inc,U.S.A,11-50,2024-10-28,Referral
666,Wheeler Group,Britain,11-50,2024-11-01,Organic Search
667,"Powers, Brennan and Sanchez",Bharat,11-50,02/11/2023,Meta Ads
668,Morales and Sons,IN,11-50,09/05/2024,Direct
669,"Robinson, Shields and Brown",IN,11-50,02-Jul-2023,Organic Search
670,"Holder, Young and Hendricks",United States,51-200,2023-01-02,Referral
671,"Flores, Harper and Chambers",U.S.A,51-200,13/10/2024,LinkedIn Ads
672,Young-Walter,UK,51-200,26/02/2025,Meta Ads
673,"Boyd, Gutierrez and Hill",United States,1-10,02/02/2023,Referral
674,"Fry, Hobbs and Buck",U.S.A,201-1000,07/22/2025,Organic Search
675,"Shelton, Peters and Williams",Britain,11-50,26/02/2025,Google Ads
676,David-Powers,IN,,04/21/2025,
677,"Flores, Butler and Hernandez",India,1000+,13-Sep-2025,Google Ads
678,White-Medina,United Kingdom,201-1000,2025-12-07,Google Ads
679,Atkinson LLC,Bharat,11-50,10/01/2024,
680,"Thomas, Ford and Brown",Britain,11-50,2024-11-09,Direct
681,Faulkner-Grant,Bharat,51-200,14/09/2024,Organic Search
682,Rivera Inc,U.K.,1-10,25-Feb-2023,Google Ads
683,Boone-Davis,US,201-1000,17/07/2024,Google Ads
684,"Calderon, Williams and Bennett",IN,1-10,2023-12-26,Organic Search
685,"Morrison, Russo and Lopez",United States,11-50,10/25/2023,Referral
686,"Ramsey, Hansen and Mendoza",India,51-200,2025-06-20,Google Ads
687,Turner-Stout,India,1-10,18/04/2023,Meta Ads
688,Giles Ltd,U.S.A,1-10,08/29/2025,LinkedIn Ads
689,Burgess Group,US,51-200,12/21/2025,Google Ads
690,Dominguez Ltd,Bharat,1-10,07/12/2024,Meta Ads
691,Sanders and Sons,UK,11-50,2024-02-04,Organic Search
692,"Morris, Campbell and Owens",India,11-50,25-Jan-2023,LinkedIn Ads
693,"Howard, Green and Hunt",United States,11-50,18/02/2023,Google Ads
694,Owens-Lang,Canada,1-10,03/09/2023,Organic Search
695,"Harrison, Franco and Rocha",AU,1-10,13-Jan-2024,LinkedIn Ads
696,Edwards-Williams,Bharat,1-10,10/24/2024,
697,Figueroa Inc,United States,1000+,12/06/2024,Meta Ads
698,Tran-Silva,India,1-10,2025-10-04,LinkedIn Ads
699,"Butler, Hernandez and Rivera",CA,1-10,2023-07-31,Google Ads
700,Hudson-Sanchez,Australia,201-1000,01/02/2023,Organic Search
701,"Pena, Cohen and Scott",Britain,11-50,06/09/2025,Referral
702,Levy-May,U.S.A,11-50,09/06/2023,Direct
703,Murray-Oconnor,United States,11-50,18-Jan-2025,Direct
704,Jackson-Cortez,India,1000+,2023-03-22,Organic Search
705,White-Preston,IN,1-10,23/09/2025,Organic Search
706,"Bernard, Warren and Combs",USA,11-50,09/28/2025,Referral
707,Landry Ltd,Canada,1-10,17/03/2023,Meta Ads
708,Duran Group,AU,11-50,07/12/2025,Organic Search
709,Kirby and Sons,Canada,11-50,17/10/2023,Google Ads
710,Mann Inc,India,1-10,01/30/2023,Google Ads
711,Wagner LLC,Bharat,51-200,11/05/2023,Google Ads
712,Williamson Ltd,USA,1-10,2025-05-22,Referral
713,"Durham, Hopkins and Smith",Canada,51-200,20-Oct-2024,Referral
714,"Arnold, Smith and Moreno",US,51-200,17/10/2023,Google Ads
715,Nichols-Mitchell,Canada,1-10,2023-10-01,Referral
716,"Li, Craig and Drake",Australia,1-10,14-Jan-2023,Direct
717,Rodriguez Inc,Britain,1-10,17/09/2023,Organic Search
718,"Hernandez, Lee and Fox",India,51-200,04-Jan-2024,Organic Search
719,Adams-Sanders,United States,1-10,27/04/2024,Direct
720,Chung-Stevens,UK,1-10,07/20/2024,Google Ads
721,Branch and Sons,UK,1-10,03/30/2023,Meta Ads
722,Sutton-Abbott,United States,1-10,27/12/2023,
723,"Frey, Santos and Johnson",Bharat,11-50,2024-10-29,Organic Search
724,Gray-Tran,United States,51-200,04/30/2024,Referral
725,Walsh Ltd,United Kingdom,1-10,11/06/2025,Direct
726,Miller Group,UK,1000+,2025-01-04,Google Ads
727,"Mueller, Knight and Hodge",United States,11-50,11/08/2025,Google Ads
728,Jacobson Inc,Bharat,11-50,12/15/2023,Organic Search
729,Lewis Ltd,Australia,51-200,27/08/2025,Meta Ads
730,"Alvarez, Williams and Jones",U.S.A,201-1000,2024-03-31,Organic Search
731,Lam-Elliott,United Kingdom,1000+,03/24/2023,Organic Search
732,White LLC,United Kingdom,11-50,07/15/2025,Google Ads
733,Ali PLC,Canada,1-10,04-Jan-2025,Organic Search
734,Goodwin Ltd,U.S.A,1000+,19/02/2023,LinkedIn Ads
735,Hickman-Evans,IN,51-200,08-Aug-2025,Google Ads
736,"Allen, Davenport and Price",U.K.,51-200,22/05/2025,Organic Search
737,"Rivera, Campos and Taylor",India,51-200,2024-11-18,Google Ads
738,"Ramsey, Mason and Mccann",US,11-50,2025-08-11,Meta Ads
739,Peterson PLC,UK,1000+,11/10/2023,Google Ads
740,"Sanders, Ayala and Johnson",India,11-50,2024-10-18,Meta Ads
741,Bowers-Hayes,U.S.A,11-50,22-Sep-2025,Referral
742,Kelly Group,U.K.,1-10,15/05/2023,Referral
743,Lopez-Willis,United States,1-10,12/08/2023,Google Ads
744,Miller-Montgomery,United Kingdom,11-50,08/23/2024,Organic Search
745,Marquez Inc,United Kingdom,1-10,20-Aug-2024,Google Ads
746,Moore-Dawson,U.K.,11-50,10/30/2024,Organic Search
747,"Moore, Price and Ward",USA,1-10,2024-09-19,Meta Ads
748,Ward-Nelson,US,1000+,22/07/2025,Organic Search
749,Hawkins-Hunt,Canada,1-10,27-Nov-2023,Google Ads
750,Johnson LLC,USA,51-200,13/03/2023,Direct
751,"Davis, George and Nguyen",United Kingdom,11-50,21-Feb-2023,LinkedIn Ads
752,Smith-Gutierrez,US,11-50,28/08/2024,Meta Ads
753,Hardy PLC,Bharat,1-10,2025-06-24,
754,Armstrong and Sons,U.S.A,,27/03/2024,Google Ads
755,"James, Taylor and Turner",IN,1-10,2024-02-05,LinkedIn Ads
756,Thomas-Jackson,CA,11-50,03-Feb-2024,
757,Fisher-Washington,U.S.A,11-50,01/27/2025,Google Ads
758,Ward and Sons,Australia,51-200,17-Mar-2024,LinkedIn Ads
759,"Weber, Wheeler and Gonzalez",U.S.A,1-10,04/28/2025,Organic Search
760,Taylor Inc,CA,201-1000,16-May-2023,
761,Cook-Oliver,Britain,1-10,08-Oct-2023,Referral
762,Alexander-Jordan,AUS,,08-Oct-2025,
763,"Mccann, Taylor and Flores",U.S.A,51-200,12/09/2023,Referral
764,"Harris, Edwards and Oconnell",US,1000+,10/06/2025,Google Ads
765,Carter-Neal,AU,1000+,2025-09-01,Referral
766,Faulkner-Casey,Australia,1-10,2023-04-30,LinkedIn Ads
767,Bennett-Velasquez,U.S.A,1-10,30/12/2024,
768,Diaz-Frederick,India,11-50,13-Jul-2023,Google Ads
769,Vargas PLC,US,11-50,16-Jul-2023,Meta Ads
770,Maldonado PLC,U.S.A,1-10,23/04/2025,Direct
771,Benton Group,AU,51-200,12/12/2025,Organic Search
772,"Clark, Salinas and Guerra",United Kingdom,51-200,27-Aug-2023,Direct
773,Fuentes Group,U.S.A,51-200,2025-12-07,
774,"Porter, Schultz and Allen",USA,1-10,2024-04-09,Google Ads
775,"Moore, Henderson and Bennett",U.S.A,1-10,2025-06-02,Google Ads
776,Ewing-Mendoza,U.K.,1-10,30/03/2023,Organic Search
777,Ferguson-Mclean,UK,51-200,14-Jan-2024,Google Ads
778,"Barnes, Johnson and Schmitt",CA,1-10,2024-12-22,LinkedIn Ads
779,"Woodard, Herrera and Little",United States,1-10,2025-12-19,Google Ads
780,Rodriguez and Sons,Canada,201-1000,14/03/2024,Referral
781,"Ortega, Jackson and Salazar",United Kingdom,51-200,01/06/2024,Direct
782,"Terrell, Byrd and Ross",US,11-50,11-Sep-2023,LinkedIn Ads
783,Sheppard-Jordan,United Kingdom,1-10,18-Jun-2023,Google Ads
784,Garcia and Sons,IN,11-50,2024-04-07,Meta Ads
785,"Burgess, Grant and Watts",AUS,1-10,01/22/2025,Direct
786,Griffin Group,United Kingdom,1-10,02/09/2023,LinkedIn Ads
787,Barton-Chapman,USA,1-10,11/24/2024,Referral
788,"Hernandez, Cuevas and Webb",IN,51-200,07/13/2024,Referral
789,Perry-Nixon,CA,51-200,29/10/2023,Google Ads
790,Guerra Ltd,United States,11-50,20-May-2023,Google Ads
791,Bailey LLC,United States,51-200,06-Jun-2023,LinkedIn Ads
792,Mueller-Boyd,IN,1-10,2025-10-30,Meta Ads
793,Alvarez-Kim,Canada,11-50,24/02/2025,
794,"Chavez, Jones and Williams",U.K.,11-50,2023-12-03,Google Ads
795,"Wilson, Sweeney and Wong",Britain,11-50,08/20/2025,Referral
796,"Marsh, Spears and Yang",Britain,51-200,23/12/2024,Meta Ads
797,"Thompson, Moore and Castro",AUS,51-200,25-Feb-2023,Organic Search
798,Hall-Sullivan,United Kingdom,1-10,2024-05-15,Organic Search
799,Lopez Ltd,Australia,,11/22/2024,LinkedIn Ads
800,Foster-Mclaughlin,Britain,,06/30/2024,LinkedIn Ads
801,Cole Group,United States,1-10,27-Sep-2025,Organic Search
802,Smith-Lewis,US,1000+,2025-01-14,Google Ads
803,Goodwin-Stokes,AU,1-10,14/03/2024,Google Ads
804,Ray PLC,India,11-50,07/14/2023,Meta Ads
805,Diaz and Sons,United States,11-50,09/10/2024,Meta Ads
806,Wilson-Lambert,Britain,201-1000,01/05/2024,Organic Search
807,Rose-Fowler,U.S.A,201-1000,07/02/2024,LinkedIn Ads
808,"Price, Long and Wilson",Canada,1-10,05-Dec-2025,LinkedIn Ads
809,Bruce-Williamson,AUS,201-1000,14-Oct-2024,Direct
810,"Mccarthy, Evans and Mendez",AU,1-10,25/11/2023,Organic Search
811,Powers LLC,US,11-50,08/08/2025,Direct
812,Brooks and Sons,USA,1-10,2023-03-01,Referral
813,"Price, Carlson and Andrews",CA,1-10,2023-02-10,Referral
814,Lopez-Reid,CA,51-200,14/01/2025,Referral
815,"Ellison, Arias and Thompson",United States,51-200,12/04/2025,Organic Search
816,Burns and Sons,Australia,51-200,08/09/2023,Meta Ads
817,Edwards Group,Canada,1-10,2023-10-23,Google Ads
818,"Brown, Howard and Smith",U.K.,1-10,20/08/2023,LinkedIn Ads
819,Lee Group,US,1-10,2024-09-23,Direct
820,"Wagner, Simpson and Cohen",Bharat,1-10,2024-05-05,Meta Ads
821,Mckinney-Wallace,UK,11-50,25-Jun-2025,Direct
822,Miller Inc,USA,1-10,09/01/2024,Referral
823,Carter LLC,IN,51-200,14-Jun-2023,Direct
824,Medina and Sons,India,51-200,25-Nov-2023,LinkedIn Ads
825,Cunningham-Barton,United Kingdom,11-50,2023-04-17,Google Ads
826,Dunn-Wilson,U.K.,11-50,04/10/2024,Google Ads
827,Adams PLC,AU,51-200,20-Apr-2025,Meta Ads
828,Weaver-Sherman,US,1-10,31/07/2024,LinkedIn Ads
829,"Alexander, Robinson and Coleman",United States,201-1000,13/04/2024,Direct
830,"Greer, Potter and Evans",U.S.A,1-10,2024-06-16,Direct
831,Cole LLC,IN,51-200,18-Jul-2025,LinkedIn Ads
832,Gonzales Inc,U.S.A,1-10,21-Feb-2025,Referral
833,Clark Ltd,India,,06/05/2025,Referral
834,"Norris, Callahan and Bishop",India,11-50,27-Jan-2025,Organic Search
835,Martin-Taylor,CA,51-200,2024-03-10,Organic Search
836,Li Inc,United Kingdom,201-1000,2024-11-12,LinkedIn Ads
837,"Bell, Campbell and Ryan",U.S.A,1000+,2024-09-11,Organic Search
838,Werner-Carter,U.K.,11-50,14-Dec-2023,Direct
839,"Adams, Hodge and Duke",IN,1-10,18-Oct-2023,Meta Ads
840,"Ochoa, Taylor and Brady",IN,201-1000,02-Aug-2024,Meta Ads
841,Sellers-Riddle,UK,51-200,10/08/2024,LinkedIn Ads
842,"Martinez, Cline and Wright",USA,1-10,04/22/2023,Google Ads
843,"Morris, Wright and Bridges",U.S.A,11-50,2023-03-25,Direct
844,Burns-Ray,Australia,1-10,11-Sep-2023,Google Ads
845,Burton-Brooks,UK,11-50,01/09/2023,
846,Schultz Inc,IN,1-10,2023-02-23,Direct
847,Robertson-Ramirez,Australia,1-10,01-Mar-2023,Referral
848,Gibson-Freeman,United Kingdom,1000+,05/11/2024,Organic Search
849,"Smith, Schroeder and Oconnor",United States,1-10,08/02/2024,Google Ads
850,"Stanton, Reid and Terry",US,1-10,31/12/2023,
851,Flynn Group,U.S.A,11-50,08/06/2024,Direct
852,Donaldson and Sons,IN,11-50,09/26/2023,Google Ads
853,Adams-Clayton,AUS,11-50,03/07/2024,LinkedIn Ads
854,Kelley-Anderson,Britain,1-10,10/07/2023,Meta Ads
855,Kramer-Shannon,Canada,11-50,18/08/2024,Google Ads
856,Williams Ltd,IN,,2024-05-24,
857,Smith-Noble,Britain,1-10,25-Apr-2025,Organic Search
858,Alexander Inc,United Kingdom,51-200,2023-08-22,LinkedIn Ads
859,Harris-Barker,US,11-50,04-Oct-2024,LinkedIn Ads
860,Khan LLC,USA,1-10,2024-03-08,Organic Search
861,Baxter LLC,United Kingdom,11-50,01/12/2023,Google Ads
862,Pena LLC,AU,1-10,09/23/2025,Referral
863,Watson Ltd,Australia,1-10,14/09/2023,Google Ads
864,Barber-Fischer,Australia,11-50,12/09/2025,Organic Search
865,Rios-Padilla,U.S.A,11-50,10/31/2023,Google Ads
866,Lewis Inc,CA,201-1000,02/10/2023,Organic Search
867,Wheeler PLC,United States,11-50,30-Jul-2023,Organic Search
868,"Wallace, Smith and Cooper",U.S.A,11-50,09/22/2025,Organic Search
869,Mcneil Group,United States,1-10,12/17/2025,Organic Search
870,"Anderson, Jones and Reyes",Australia,11-50,10/10/2025,Organic Search
871,"Shaffer, Garcia and Richardson",USA,1-10,19-Aug-2025,Google Ads
872,Taylor-Ayala,CA,201-1000,26-Sep-2023,Organic Search
873,May Ltd,India,1-10,29/02/2024,Organic Search
874,Bishop and Sons,U.S.A,51-200,2023-07-26,Direct
875,Bell-Lewis,CA,11-50,2024-06-18,Google Ads
876,"Hernandez, Jenkins and Parks",AUS,1-10,31-May-2025,Google Ads
877,Goodwin PLC,India,201-1000,2024-07-01,Referral
878,"Cruz, Richmond and Edwards",IN,1000+,2025-07-25,Referral
879,Wright Ltd,Australia,1-10,04/11/2025,Organic Search
880,Wright PLC,Bharat,51-200,23-Jun-2025,LinkedIn Ads
881,"Griffith, Mitchell and Pugh",USA,51-200,09/09/2023,LinkedIn Ads
882,Abbott Ltd,AUS,1-10,11/30/2024,Google Ads
883,Harris-Lawson,USA,51-200,11/07/2023,LinkedIn Ads
884,Adkins LLC,Britain,1000+,07/28/2025,LinkedIn Ads
885,"Brown, Hurst and Blevins",United States,201-1000,25/11/2025,Google Ads
886,Cruz-Allen,Britain,51-200,17-Mar-2023,
887,"Wheeler, Rice and Levine",U.K.,201-1000,04/10/2024,Google Ads
888,Peck-Anderson,IN,201-1000,25-Feb-2024,Organic Search
889,"Fisher, Payne and Thompson",AU,51-200,04/08/2025,Referral
890,Best-Townsend,Bharat,11-50,16-Sep-2023,LinkedIn Ads
891,Matthews Inc,UK,1-10,17-Feb-2023,Referral
892,Lewis-Livingston,Bharat,51-200,2023-08-15,Referral
893,Hunter-Fuller,United States,1-10,08/07/2025,Organic Search
894,"Wang, Henderson and Morales",US,51-200,14/10/2023,LinkedIn Ads
895,"Herrera, Jensen and Ramirez",AUS,1-10,2025-07-19,Organic Search
896,Miller-Mccall,UK,1-10,09/02/2025,Google Ads
897,Herrera Group,AU,11-50,10/18/2025,Direct
898,"Walters, Davenport and Becker",Australia,1-10,2025-11-01,Organic Search
899,"Ashley, Allen and Sanchez",IN,1-10,2025-08-27,Google Ads
900,Wilson-Salazar,IN,,14-Aug-2023,Organic Search
901,"Yang, Wilson and Zimmerman",US,1-10,09/13/2024,Google Ads
902,"Smith, Crawford and Reed",US,1-10,03-Aug-2024,Referral
903,"Logan, Le and Jackson",United States,11-50,05/05/2025,Meta Ads
904,Brady LLC,UK,11-50,11-Oct-2023,LinkedIn Ads
905,"Tanner, Wise and Johnson",U.S.A,1-10,03/04/2025,Meta Ads
906,Nelson-Brown,Bharat,201-1000,01-Jul-2023,Organic Search
907,"Proctor, Burton and Crawford",United Kingdom,1-10,24/06/2023,
908,"Ward, Porter and Bradley",Bharat,1-10,08/02/2023,
909,Moore-Ayala,U.S.A,51-200,2023-06-23,
910,"Craig, Wilson and Yang",USA,1-10,2025-04-29,LinkedIn Ads
911,Williams LLC,U.K.,1-10,22/10/2023,Referral
912,Mora-White,US,1-10,01/07/2024,Google Ads
913,Tran Ltd,AUS,,08/02/2025,Referral
914,"Rios, Walker and Wright",Britain,1-10,2023-08-24,
915,"Flores, Mckenzie and Duncan",UK,1-10,08/02/2023,Direct
916,Shaw Inc,U.S.A,1-10,02-Jul-2025,Organic Search
917,Walker PLC,UK,11-50,2024-05-17,LinkedIn Ads
918,Finley Inc,AU,51-200,15-Aug-2024,Google Ads
919,Cline-Ayala,Britain,51-200,20/12/2024,Google Ads
920,Murphy-Tran,Bharat,1-10,24-May-2023,Meta Ads
921,Wood LLC,Australia,1000+,30-Oct-2025,Meta Ads
922,"Mueller, Stevenson and Sanchez",CA,1-10,13-Jul-2024,Direct
923,Vargas-Snyder,USA,,01/05/2023,Google Ads
924,Oconnor PLC,Bharat,51-200,06/16/2023,
925,Hernandez Group,IN,51-200,2025-02-09,Meta Ads
926,Hall LLC,US,,31-Jan-2024,Google Ads
927,"Franco, Wiley and Tapia",US,1-10,28/03/2024,LinkedIn Ads
928,"Acosta, Garcia and Moreno",U.S.A,201-1000,16/08/2023,Organic Search
929,Barnes Inc,USA,1-10,14-May-2023,Direct
930,Dawson Inc,United States,11-50,12/27/2025,
931,Morse PLC,Bharat,201-1000,2023-04-17,Meta Ads
932,Haynes-Watson,IN,11-50,11-Oct-2025,Referral
933,"Miller, Davis and Anderson",CA,1-10,2024-10-09,Google Ads
934,Jones-Bradley,Canada,1000+,2025-05-17,Direct
935,Bates-Anderson,India,11-50,27-Feb-2023,Referral
936,Green-Edwards,Australia,11-50,09/08/2023,Direct
937,Haynes-Moss,CA,11-50,2023-07-15,
938,Chavez-Hall,United States,,09/19/2023,Referral
939,Taylor PLC,United States,1-10,17/04/2023,Meta Ads
940,Moore and Sons,AU,11-50,2023-01-22,LinkedIn Ads
941,Owens-Russell,United States,11-50,2025-07-18,
942,"Howard, Townsend and Hayes",UK,11-50,09/16/2023,Meta Ads
943,Baker-Wilson,USA,1-10,01-Apr-2023,Meta Ads
944,Aguirre LLC,USA,11-50,29/10/2023,Organic Search
945,"Terry, Williams and Huff",United States,1-10,2025-05-14,Direct
946,Hernandez-Dawson,U.S.A,11-50,15-Aug-2025,Meta Ads
947,Foster-Williams,UK,,2023-08-03,Referral
948,Green-Ewing,Bharat,11-50,16-Apr-2024,Google Ads
949,Crane Group,AUS,,25-Feb-2024,
950,"Adkins, Wright and Murray",United States,1-10,2023-10-19,Google Ads
951,Martinez Inc,Canada,1-10,10/02/2024,Google Ads
952,Parks-Pace,United States,,12/27/2023,Direct
953,Aguilar LLC,India,201-1000,24/11/2024,Meta Ads
954,Johnson Inc,CA,1-10,05/14/2023,Referral
955,Orr Group,IN,,29/05/2025,Google Ads
956,Davis LLC,AUS,1-10,11/01/2023,Google Ads
957,Williams Group,United States,51-200,21-Aug-2025,Organic Search
958,Jackson PLC,Britain,1-10,01/02/2024,Meta Ads
959,Underwood-Foster,Britain,1-10,16/03/2023,Referral
960,Reyes Group,U.S.A,201-1000,2023-11-18,Meta Ads
961,Gomez and Sons,US,11-50,04/16/2024,LinkedIn Ads
962,Ramirez-Stephenson,U.K.,1-10,2025-10-15,Meta Ads
963,Mendez PLC,United States,51-200,26/08/2024,LinkedIn Ads
964,Holland Group,United States,1-10,07-Jan-2025,Google Ads
965,Andrade-Mendoza,Bharat,1-10,16-Jul-2024,Organic Search
966,Ramirez and Sons,US,51-200,2024-07-31,Referral
967,Gonzalez-Wilkerson,UK,1-10,03/25/2025,Organic Search
968,"Wright, Mcknight and Stephens",IN,51-200,11/28/2024,Meta Ads
969,Mayo Ltd,U.S.A,11-50,2023-03-03,Organic Search
970,Castillo-Harrington,U.K.,1-10,26-Nov-2024,LinkedIn Ads
971,Durham-Shaw,United States,201-1000,03/07/2023,Google Ads
972,Nelson-Johnson,Canada,1-10,03/11/2025,Meta Ads
973,"Robinson, Huang and Osborne",IN,1-10,07/10/2023,Organic Search
974,Stokes Group,USA,201-1000,2023-05-23,Meta Ads
975,"Howard, Silva and Hall",U.K.,1-10,2025-11-27,Meta Ads
976,Garcia Ltd,U.S.A,51-200,06/09/2025,Meta Ads
977,Adams Ltd,U.S.A,11-50,11/22/2023,Direct
978,Gallagher and Sons,United States,11-50,20-Oct-2023,Referral
979,"Bradford, Salinas and Kelly",CA,11-50,07/31/2025,Google Ads
980,Thompson PLC,US,11-50,03/11/2025,Referral
981,Drake-Wolfe,UK,11-50,15-Jul-2023,Direct
982,"Johnson, Haynes and Meza",AU,51-200,08/20/2024,Google Ads
983,"Thomas, Vaughan and Copeland",United Kingdom,1-10,01/25/2025,Google Ads
984,Weaver-Thompson,USA,1-10,11/02/2025,Google Ads
985,"Robinson, Fox and Smith",U.S.A,11-50,03-Feb-2024,Google Ads
986,"Harris, Anderson and Love",IN,11-50,09/19/2025,Google Ads
987,Brown-Hernandez,US,1-10,11/27/2023,Google Ads
988,"Stark, Schroeder and Mathis",United States,1-10,13/07/2024,
989,Yu-Brooks,United Kingdom,11-50,06-Dec-2025,Organic Search
990,"Foster, Garcia and Turner",United Kingdom,51-200,10/04/2023,Referral
991,Daugherty Ltd,United States,1-10,2025-05-13,Google Ads
992,Conner-Yu,United States,51-200,10-Dec-2023,Google Ads
993,"Stewart, Mann and Hoffman",UK,201-1000,2024-02-29,Meta Ads
994,"Buchanan, Walker and Chapman",USA,11-50,2023-01-31,Meta Ads
995,Gray Ltd,IN,1-10,01/25/2025,Referral
996,"Phillips, Thompson and Smith",Canada,1-10,12/18/2023,Google Ads
997,"Fry, Myers and Gamble",Bharat,1-10,09/30/2023,Organic Search
998,"Johnson, Guzman and Mccall",United States,11-50,2025-07-08,Organic Search
999,"Walker, Cunningham and Zuniga",United States,1-10,24/09/2024,
1000,Reed LLC,US,,02/18/2024,Google Ads
1001,Fields Inc,IN,1-10,10/02/2023,Organic Search
1002,"Santiago, Daniel and Rogers",IN,1-10,2023-02-18,Organic Search
1003,"Jones, Scott and Rodriguez",Canada,11-50,2024-03-31,Meta Ads
1004,"Barnes, Jackson and Gutierrez",U.S.A,1000+,24/05/2023,Google Ads
1005,Bell-Bennett,USA,11-50,28/04/2024,LinkedIn Ads
1006,Kramer-Lane,USA,1-10,05/24/2024,Organic Search
1007,"Perez, Hayes and Lloyd",US,11-50,03/26/2025,LinkedIn Ads
1008,Phillips LLC,IN,51-200,10-Feb-2023,LinkedIn Ads
1009,Lynn-Jones,UK,1-10,12/26/2023,LinkedIn Ads
1010,Barron and Sons,USA,,19-Aug-2025,Direct
1011,"Jones, Mcmahon and Spence",Britain,1000+,2025-03-19,Meta Ads
1012,Wheeler-Austin,United Kingdom,11-50,12-Sep-2023,Organic Search
1013,Bush-Reynolds,Bharat,11-50,12/14/2024,LinkedIn Ads
1014,"Martin, Preston and Moore",Canada,11-50,2024-05-11,Direct
1015,Rivera and Sons,Bharat,1-10,30/10/2023,LinkedIn Ads
1016,Terry-Bowen,United States,11-50,26/02/2025,Organic Search
1017,"Fernandez, Guerrero and Evans",Australia,1-10,05/24/2025,Meta Ads
1018,"Larsen, Hernandez and Ward",Britain,1-10,02-Jul-2023,Organic Search
1019,Miller-Colon,Bharat,51-200,2025-03-26,Google Ads
1020,"Greene, Gonzalez and Johnson",U.S.A,11-50,11/12/2025,Meta Ads
1021,Little Inc,India,1-10,23/09/2025,Direct
1022,Anthony-Parker,USA,1-10,2024-01-28,Direct
1023,Ruiz-Jacobson,Australia,1-10,13/06/2023,Meta Ads
1024,Davis-Stephens,United Kingdom,,2023-01-20,Referral
1025,Watson Group,United States,11-50,02/08/2025,Direct
1026,Lopez-Williams,Bharat,1-10,29/05/2025,Organic Search
1027,Marshall-Perez,CA,11-50,2025-02-14,Direct
1028,Elliott-Hernandez,Britain,1-10,12/10/2023,Google Ads
1029,"Contreras, Miller and Cooper",U.S.A,11-50,20-Nov-2025,Google Ads
1030,"Gutierrez, Avila and Perez",US,1000+,04/04/2023,Organic Search
1031,Randall PLC,United Kingdom,11-50,2024-12-14,Direct
1032,Sheppard-Mcdaniel,IN,51-200,2024-02-04,Referral
1033,Armstrong-Young,United States,51-200,09/09/2024,Direct
1034,Miller-Orr,CA,1-10,2024-05-08,Google Ads
1035,"Johnson, Duncan and Black",United Kingdom,201-1000,25-Nov-2023,Meta Ads
1036,"Byrd, Oliver and Martinez",Bharat,51-200,10-Sep-2023,Direct
1037,Thompson-Joyce,AU,11-50,05/13/2023,Meta Ads
1038,Stokes and Sons,Bharat,51-200,2025-06-13,Google Ads
1039,Henderson Ltd,USA,11-50,2023-08-26,Google Ads
1040,Harris-Carson,USA,1000+,05/03/2025,Meta Ads
1041,Flowers LLC,UK,11-50,07-Aug-2023,LinkedIn Ads
1042,Bartlett-Sloan,AUS,1-10,2025-07-22,Meta Ads
1043,Miller PLC,U.K.,1000+,10/25/2025,Google Ads
1044,Arnold-Gates,India,,10/10/2025,Direct
1045,"Ellis, Marks and Buchanan",Australia,51-200,04/05/2024,Google Ads
1046,"Matthews, Harrington and Rodriguez",IN,1000+,23-Nov-2023,LinkedIn Ads
1047,"Chang, Ayers and Buckley",IN,11-50,05/28/2023,Meta Ads
1048,"Chan, Floyd and Dillon",US,51-200,21/04/2023,Organic Search
1049,Humphrey-Baker,Britain,201-1000,2024-08-19,Google Ads
1050,"Washington, Lynch and Johnson",United States,11-50,2023-10-30,Direct
1051,Powell-Montgomery,U.S.A,201-1000,01/03/2024,Google Ads
1052,"Steele, Williams and Preston",CA,1-10,16/05/2024,Google Ads
1053,Vaughn-Williams,IN,51-200,07/03/2023,Referral
1054,Mccall-Prince,United States,1-10,2023-08-27,LinkedIn Ads
1055,Morgan LLC,Britain,51-200,07/14/2024,Google Ads
1056,Ramirez-Vasquez,USA,1-10,07/23/2023,Organic Search
1057,"Cohen, Compton and Perez",Australia,11-50,2025-03-17,LinkedIn Ads
1058,Mccann-Ramos,India,1-10,29-Aug-2023,Organic Search
1059,Adams-Butler,USA,51-200,2024-02-27,Google Ads
1060,"Davis, Alexander and Mcintyre",CA,1000+,14/01/2025,Google Ads
1061,Figueroa-Malone,US,11-50,29-Dec-2025,Organic Search
1062,Nicholson-Robertson,Bharat,,05/03/2024,
1063,Jones Ltd,USA,11-50,10/02/2023,Google Ads
1064,"Powell, Deleon and Warren",US,11-50,17-Jun-2024,Direct
1065,"Johnson, Lee and Whitaker",Bharat,11-50,21/10/2023,Google Ads
1066,Wright Group,Bharat,11-50,11/13/2025,LinkedIn Ads
1067,Hull Ltd,USA,1-10,08-Jun-2023,LinkedIn Ads
1068,Hill Group,IN,51-200,2024-11-14,Google Ads
1069,"Sanders, Leblanc and Maldonado",USA,1000+,14-Feb-2025,Referral
1070,Watson PLC,Britain,11-50,2023-07-15,Organic Search
1071,Thompson-Harrell,Australia,201-1000,10/13/2024,Meta Ads
1072,"Arnold, Cooper and Monroe",UK,1-10,06/14/2024,LinkedIn Ads
1073,Curry-Barker,U.K.,201-1000,04/19/2023,Organic Search
1074,Johnson-Williams,India,1000+,06/17/2025,Referral
1075,"Chan, Lewis and Walker",UK,11-50,2024-09-17,Google Ads
1076,Byrd LLC,India,,05/06/2024,Google Ads
1077,"Ortiz, Smith and Deleon",Australia,51-200,2025-05-18,Direct
1078,"Smith, Buck and Holland",UK,51-200,2023-01-15,Organic Search
1079,"Owen, Walker and Franklin",India,201-1000,08-Dec-2025,Google Ads
1080,Marquez-Fletcher,CA,11-50,11/10/2025,Meta Ads
1081,Coleman-Bennett,Australia,1-10,08/17/2024,Meta Ads
1082,Stevens-Robinson,US,51-200,11/21/2025,Google Ads
1083,Byrd-Holloway,United States,,31/07/2025,Meta Ads
1084,Silva-Smith,United Kingdom,11-50,07/27/2023,Google Ads
1085,"Levy, Franco and Hoffman",U.S.A,1-10,15-Jan-2023,Organic Search
1086,"Lynch, Evans and Rodriguez",USA,1-10,05-Jul-2024,LinkedIn Ads
1087,Rogers LLC,India,201-1000,05/01/2025,Organic Search
1088,"Nguyen, Hill and Douglas",US,1-10,06-Mar-2023,Google Ads
1089,"Evans, Hernandez and Cannon",U.S.A,51-200,10/11/2025,Organic Search
1090,Trujillo PLC,Britain,,2023-09-27,Google Ads
1091,Guerrero-Becker,India,51-200,04/17/2023,Meta Ads
1092,"Johnson, Jimenez and Phillips",U.K.,1-10,22/09/2025,LinkedIn Ads
1093,Sullivan-Doyle,United States,1000+,2024-06-23,Google Ads
1094,"Erickson, Armstrong and Lee",Bharat,1-10,2024-01-07,Referral
1095,"Reeves, Parks and Little",United States,1000+,2024-07-14,Direct
1096,Knox-Powers,AUS,11-50,04/14/2025,Organic Search
1097,"Evans, Jackson and Sandoval",Britain,1-10,04/16/2023,Meta Ads
1098,"White, Davis and Anderson",United States,1-10,01/08/2024,Google Ads
1099,Hardy-Hansen,United States,1-10,2025-06-01,Direct
1100,Arroyo LLC,Bharat,1-10,24-Sep-2023,Organic Search
1101,"Davis, Kelly and Garner",US,11-50,2024-03-06,Google Ads
1102,Fisher-Eaton,USA,51-200,31-Jan-2024,Direct
1103,Green-Carter,U.S.A,11-50,18-Feb-2024,Google Ads
1104,"Carpenter, Oliver and Kennedy",AU,201-1000,2024-12-12,LinkedIn Ads
1105,Mason Ltd,United Kingdom,11-50,2023-12-08,
1106,Moreno-Gutierrez,Bharat,51-200,2024-01-25,Meta Ads
1107,Ortiz-Hudson,U.S.A,11-50,10/03/2025,Meta Ads
1108,Thomas-Huffman,United Kingdom,11-50,16/11/2025,Organic Search
1109,Maxwell Group,US,1-10,01/09/2023,
1110,Welch-Thompson,CA,1-10,30/09/2023,Referral
1111,"Brown, Hayes and Clark",United Kingdom,11-50,12-Dec-2024,Direct
1112,Johnston and Sons,IN,1-10,26/08/2024,Google Ads
1113,Glover-Chan,IN,1-10,2023-12-28,Google Ads
1114,Mendez Ltd,Bharat,201-1000,21/02/2025,Meta Ads
1115,Powell-Sanford,Australia,1-10,26/10/2024,Organic Search
1116,Smith-Ferguson,Britain,1-10,24/01/2025,LinkedIn Ads
1117,"Watson, Smith and Morris",U.S.A,11-50,01/05/2024,Google Ads
1118,"Lee, Rhodes and Sims",India,1-10,05/23/2023,LinkedIn Ads
1119,Perez LLC,USA,,2023-01-25,Meta Ads
1120,Anderson-Reyes,United States,,2024-07-02,Organic Search
1121,"Torres, Brown and Williams",U.K.,1-10,24/06/2023,LinkedIn Ads
1122,Bryant-Meyer,U.S.A,1-10,2023-11-13,LinkedIn Ads
1123,"Morgan, Barron and Cowan",Australia,1-10,30/08/2024,
1124,Ferrell-Henry,U.S.A,1-10,02/28/2025,Organic Search
1125,Martin Group,Bharat,11-50,19-Aug-2023,Direct
1126,Perez Ltd,US,11-50,31/08/2023,
1127,Clark Inc,US,51-200,07-Jan-2024,Google Ads
1128,"Wagner, Martinez and Dawson",United States,201-1000,2024-07-09,Organic Search
1129,Brooks Ltd,India,1-10,10/28/2023,Meta Ads
1130,Wise-Dean,Australia,1000+,25/05/2025,Meta Ads
1131,"Vang, Stanley and Valdez",IN,11-50,15-Oct-2024,LinkedIn Ads
1132,Wallace-Martinez,USA,11-50,23/02/2025,LinkedIn Ads
1133,Wells-Hernandez,U.S.A,11-50,15/12/2025,Organic Search
1134,"Jennings, Smith and Fisher",USA,11-50,05-Feb-2023,LinkedIn Ads
1135,Bates LLC,USA,11-50,08/26/2024,Referral
1136,"Obrien, Taylor and Rivas",USA,51-200,2023-04-25,Google Ads
1137,Hunt PLC,IN,1-10,31/01/2025,Google Ads
1138,Campbell Inc,US,1-10,17/10/2023,Google Ads
1139,Gonzalez-Gonzalez,IN,51-200,14-Oct-2023,Organic Search
1140,Decker-Dudley,United Kingdom,1-10,10/08/2024,Google Ads
1141,Warner-Phillips,United Kingdom,51-200,22-Mar-2025,Organic Search
1142,Kelley and Sons,CA,11-50,10/04/2024,Google Ads
1143,"Fitzpatrick, Rivera and Smith",IN,1-10,2023-04-25,Google Ads
1144,"Davis, Rodriguez and Andrews",AUS,1-10,04-Sep-2025,Organic Search
1145,Hernandez-Davis,India,1-10,2024-07-06,Google Ads
1146,"Jones, Cummings and Conway",USA,1-10,07/08/2023,Organic Search
1147,"Hall, Hinton and Phillips",India,1-10,05/07/2024,Direct
1148,Williams-Li,US,201-1000,07/10/2023,Google Ads
1149,Phelps LLC,U.K.,51-200,03/11/2025,Direct
1150,"Edwards, Rodgers and Davis",AU,,07/26/2023,Referral
1151,"Holland, Murphy and Kline",United Kingdom,1-10,17/08/2024,Organic Search
1152,"Adams, Quinn and Watson",AU,51-200,16-Oct-2023,Google Ads
1153,White-Morales,UK,1-10,11/25/2024,
1154,Nelson-Cruz,United States,11-50,09-Nov-2023,
1155,Marsh-Banks,United Kingdom,1-10,18-Oct-2025,Meta Ads
1156,Wilson Ltd,U.K.,1-10,02-Jul-2023,Organic Search
1157,"Brown, Dunlap and Moore",IN,201-1000,15-Oct-2023,Direct
1158,Pruitt-Webb,UK,11-50,06/21/2025,Referral
1159,"Gregory, White and James",U.K.,11-50,2023-03-29,Organic Search
1160,Carr-Huffman,United States,11-50,08/18/2024,Organic Search
1161,"Mcpherson, Anderson and Knapp",IN,11-50,12/08/2025,LinkedIn Ads
1162,Clay Group,IN,1-10,06/06/2025,Meta Ads
1163,Brown Ltd,U.S.A,1-10,23/08/2023,Google Ads
1164,Smith-Oneill,United States,1-10,17/02/2025,Referral
1165,"Saunders, Ray and Cunningham",United States,1-10,05/16/2025,
1166,"Marks, Stone and Watts",U.S.A,11-50,2025-05-09,Organic Search
1167,"Davis, Stanley and Wright",AUS,1000+,12/01/2024,Meta Ads
1168,Alvarado-Davidson,UK,11-50,13/06/2025,
1169,Combs PLC,USA,51-200,25-Oct-2024,Referral
1170,"Brown, Schneider and Moore",U.S.A,11-50,30-Oct-2023,Meta Ads
1171,Christian-Booth,United Kingdom,201-1000,2025-07-11,Referral
1172,Walton LLC,USA,51-200,10/05/2025,Referral
1173,Rivera LLC,Canada,51-200,2025-01-28,Google Ads
1174,Hunter PLC,Bharat,11-50,22-Jul-2025,Meta Ads
1175,"Gray, Montoya and Miller",USA,11-50,07/28/2025,Google Ads
1176,Solis-West,U.S.A,51-200,2024-08-03,Direct
1177,West-Wilson,Australia,11-50,2023-07-03,Organic Search
1178,Mcgee-Smith,Bharat,51-200,03/08/2023,Referral
1179,Gutierrez-Hawkins,U.S.A,11-50,09/12/2023,Referral
1180,Petersen PLC,US,11-50,04/03/2024,Meta Ads
1181,"Walsh, Wu and Hart",India,1-10,29-Apr-2025,Google Ads
1182,"Powers, Clements and Cox",U.S.A,11-50,2024-05-10,Meta Ads
1183,Velasquez Group,AU,1-10,28-May-2025,Organic Search
1184,Castro-Harvey,Britain,1-10,04/18/2024,Referral
1185,Moran-Cox,AU,51-200,2024-06-16,Google Ads
1186,Wilson-Malone,UK,11-50,2023-02-26,LinkedIn Ads
1187,"Brandt, Carter and Boyd",India,11-50,18/07/2025,Referral
1188,"Rodriguez, Prince and Vasquez",USA,51-200,2025-02-13,Organic Search
1189,"Newton, Ortiz and King",Bharat,1-10,31-Jul-2023,Direct
1190,Lopez Group,Australia,11-50,06/08/2023,Meta Ads
1191,Bryant and Sons,IN,11-50,31-May-2023,Organic Search
1192,"Morgan, Sherman and Williams",IN,1-10,2023-11-26,Google Ads
1193,"Monroe, Chapman and Barton",US,11-50,11-Dec-2024,Organic Search
1194,Ellis-Lawrence,Canada,11-50,02-Mar-2023,LinkedIn Ads
1195,"Taylor, Porter and Moreno",USA,1-10,02-Mar-2023,Google Ads
1196,Tran Group,USA,1-10,07/08/2023,Organic Search
1197,"Webb, Romero and Morse",Britain,1-10,01/31/2024,Google Ads
1198,Holt and Sons,US,51-200,12/06/2023,Direct
1199,"Ochoa, Garcia and Sandoval",U.K.,11-50,14-Oct-2024,Organic Search
1200,"Andrade, Gordon and Cruz",Australia,1-10,09-Jul-2025,Google Ads
1201,"Moon, Farmer and Hill",Bharat,11-50,22/12/2025,Google Ads
1202,Waller-Chavez,United States,51-200,16-Mar-2024,Meta Ads
1203,"Tanner, Hunt and Cameron",Bharat,1-10,2024-11-04,Organic Search
1204,"Valencia, Joseph and Walls",USA,1-10,2025-12-15,Organic Search
1205,"Robinson, Clark and Klein",Britain,1-10,06/10/2025,Meta Ads
1206,"Reed, Chambers and Zavala",US,1-10,12/05/2025,LinkedIn Ads
1207,"Hester, Thompson and Daniels",U.K.,11-50,06-Feb-2023,Referral
1208,"Morris, Wilson and Bell",U.S.A,,2023-03-17,Direct
1209,Aguilar-Bender,Britain,1-10,08-Sep-2024,Referral
1210,"Butler, Adkins and Skinner",United Kingdom,1-10,2025-03-16,Direct
1211,Rich-Henderson,AU,,30-Jul-2023,Google Ads
1212,Mills Inc,AU,1-10,2025-06-11,Google Ads
1213,Thomas-Santiago,Canada,,15-Jun-2024,Google Ads
1214,Adams and Sons,U.S.A,51-200,06-Jul-2024,Direct
1215,Vega-Thomas,AU,11-50,04/26/2025,Organic Search
1216,Vaughn LLC,IN,51-200,2024-10-21,LinkedIn Ads
1217,Molina Inc,USA,51-200,26/02/2024,Google Ads
1218,Cervantes-Garcia,Britain,11-50,20-Jan-2024,Meta Ads
1219,"Stevenson, Hancock and Newton",IN,51-200,18-Jul-2025,Referral
1220,"Price, Dixon and Robles",U.S.A,1-10,17-Nov-2025,LinkedIn Ads
1221,"Roberts, Beck and House",Canada,11-50,10/29/2023,
1222,Butler-French,United States,51-200,2025-09-02,LinkedIn Ads
1223,"Edwards, Arnold and Smith",USA,11-50,05-Nov-2023,LinkedIn Ads
1224,Harris-Melton,U.S.A,1-10,05/15/2025,Google Ads
1225,Greer-Pruitt,United Kingdom,11-50,2023-04-13,
1226,"Mckinney, Richardson and Chapman",UK,11-50,05/15/2023,Meta Ads
1227,"Morrison, Parsons and Brandt",United States,51-200,26/03/2024,Referral
1228,Cole-Lucero,US,51-200,08/12/2024,Google Ads
1229,Lopez and Sons,Bharat,1-10,05/03/2024,Organic Search
1230,"Palmer, Bennett and Patterson",United States,11-50,29/08/2025,Google Ads
1231,"Baker, Martin and Singleton",India,1000+,2024-12-22,Organic Search
1232,Rivera Ltd,United States,51-200,2024-08-18,LinkedIn Ads
1233,"Williams, Randolph and Gilbert",US,11-50,15-Jul-2025,Meta Ads
1234,"Turner, Tyler and Pierce",United States,1-10,12/23/2024,Meta Ads
1235,Bowers LLC,United States,1000+,10/30/2023,Referral
1236,"Robinson, White and Jones",U.S.A,1-10,2025-01-06,Google Ads
1237,"Moore, Daniels and Powell",CA,1-10,12/15/2025,Direct
1238,Walker-Lewis,CA,1-10,2024-09-25,Organic Search
1239,Rivera-Carter,Britain,1-10,12/11/2024,Direct
1240,"Moreno, Barajas and Colon",Bharat,11-50,16-Aug-2024,Organic Search
1241,"Smith, Caldwell and Griffin",United States,,03/21/2024,Organic Search
1242,"Austin, Oliver and Haley",United States,1-10,13/04/2023,Meta Ads
1243,"Blackwell, James and Hogan",CA,1000+,20/10/2023,Google Ads
1244,Cruz PLC,US,51-200,2024-05-24,Organic Search
1245,"Campbell, Pruitt and Short",AUS,1-10,28/09/2024,LinkedIn Ads
1246,Robertson-Hicks,India,1-10,05/27/2024,Organic Search
1247,Williams-Villanueva,Britain,1-10,13-Jun-2025,LinkedIn Ads
1248,Flores Inc,Britain,,08/13/2025,LinkedIn Ads
1249,"Smith, Jones and Santiago",USA,51-200,11-Sep-2024,Organic Search
1250,Hancock Group,U.S.A,11-50,09/15/2023,Google Ads
1251,Harris Ltd,Australia,1-10,23-Apr-2023,Direct
1252,"Rowe, Lucas and Case",U.K.,1-10,05/05/2023,Organic Search
1253,"Parks, Johnson and Love",Britain,1-10,07-Oct-2023,Organic Search
1254,Bauer PLC,India,11-50,2025-09-20,Google Ads
1255,Andrews and Sons,UK,1-10,2024-02-23,Google Ads
1256,Russell-Hayes,U.S.A,51-200,01/12/2024,Referral
1257,Hamilton-Smith,AU,11-50,10/09/2023,Organic Search
1258,"Wilson, Smith and Cortez",USA,11-50,02-Sep-2025,Meta Ads
1259,Avila PLC,IN,51-200,2025-03-01,Google Ads
1260,Haynes Inc,United States,1-10,03/08/2025,Meta Ads
1261,Reilly-Rodriguez,US,11-50,13-Oct-2023,Organic Search
1262,"Turner, Miller and Hubbard",UK,201-1000,15/12/2024,LinkedIn Ads
1263,James-Short,US,51-200,30-Jul-2025,Referral
1264,Wells PLC,Canada,11-50,17-Sep-2025,LinkedIn Ads
1265,Taylor Group,US,11-50,13/12/2024,
1266,"Phillips, Walters and Evans",United States,201-1000,19/10/2025,LinkedIn Ads
1267,"Wong, Bernard and Smith",USA,51-200,2025-02-25,LinkedIn Ads
1268,"Thomas, Williams and Armstrong",United States,51-200,23-Jun-2025,Organic Search
1269,Medina-Arroyo,U.S.A,1-10,02/12/2025,Organic Search
1270,Clark-Figueroa,U.K.,1-10,06/04/2024,Google Ads
1271,"Cooper, Gutierrez and Brewer",United States,1-10,07/17/2023,Referral
1272,"Thomas, White and Jensen",United Kingdom,1-10,11/28/2024,Organic Search
1273,Lee-White,USA,11-50,2025-08-28,Meta Ads
1274,"Phelps, York and Randolph",Britain,11-50,05/26/2023,Google Ads
1275,"Murray, Dunn and Roberts",US,1-10,16-Feb-2023,Direct
1276,King and Sons,USA,1-10,12-Aug-2024,Organic Search
1277,"Carpenter, Lynn and Howard",United States,11-50,2023-08-16,Direct
1278,"Rios, Garcia and Harvey",US,1-10,15-Feb-2024,Referral
1279,Stewart Group,Canada,11-50,2024-04-27,Referral
1280,Jensen-Torres,United States,11-50,02/05/2025,Organic Search
1281,"Hernandez, Knight and Aguirre",United States,1-10,02-Aug-2023,LinkedIn Ads
1282,Jackson-Edwards,India,201-1000,02/13/2023,Google Ads
1283,Joseph Ltd,Bharat,11-50,02/07/2023,Google Ads
1284,Hill-Ward,Bharat,1-10,10-Oct-2023,Google Ads
1285,"Quinn, Humphrey and Ford",U.S.A,,2023-04-29,Google Ads
1286,Hampton-Tucker,Canada,51-200,2024-05-26,Google Ads
1287,Wilkinson and Sons,USA,1-10,2024-08-21,Meta Ads
1288,"Gonzalez, Gross and Sims",USA,51-200,10/10/2025,Referral
1289,"Jones, Smith and Hunter",IN,201-1000,2024-08-22,Google Ads
1290,Hess PLC,U.S.A,1-10,22/09/2025,Google Ads
1291,Hammond-Lewis,USA,11-50,09/09/2023,Referral
1292,Arnold PLC,IN,1-10,22-Aug-2023,Referral
1293,"Kennedy, Rowe and Diaz",Australia,1-10,05/03/2023,Organic Search
1294,Vance PLC,UK,11-50,2024-02-26,Organic Search
1295,"Vincent, Anderson and Mason",U.K.,201-1000,23-Feb-2023,Referral
1296,Sanders PLC,AU,51-200,03/19/2024,Meta Ads
1297,Bates PLC,Bharat,51-200,27-Apr-2023,Organic Search
1298,"Martin, Palmer and Griffin",AU,11-50,08/07/2025,Organic Search
1299,Knight PLC,UK,201-1000,28/09/2023,Meta Ads
1300,"Brennan, Thomas and Dennis",IN,11-50,22-Nov-2024,Google Ads
1301,Williams-Juarez,Bharat,1-10,26/01/2023,Organic Search
1302,Brown LLC,United Kingdom,1-10,19/06/2025,Google Ads
1303,"Velez, Ward and Harrison",United Kingdom,201-1000,20-Jul-2024,Organic Search
1304,Keith-Williams,IN,201-1000,2024-06-15,Google Ads
1305,"Nguyen, Padilla and Boyd",United States,51-200,13/01/2024,
1306,Davenport-Baker,US,1-10,2024-06-11,Referral
1307,"Hudson, Bennett and Gray",IN,1-10,12-Aug-2023,LinkedIn Ads
1308,"Valdez, Houston and Black",Britain,11-50,27-May-2023,Referral
1309,Kaufman-Walker,U.S.A,11-50,2025-02-06,Direct
1310,Gomez-Parrish,USA,1-10,22-Feb-2023,Google Ads
1311,Sparks-Eaton,CA,51-200,2023-03-08,Google Ads
1312,Shaw and Sons,Canada,1000+,2025-10-28,Organic Search
1313,Martin-Jones,AU,11-50,16/04/2023,Organic Search
1314,"Campbell, Hernandez and Moore",AUS,1-10,14-May-2024,Referral
1315,"Love, Wilson and Hall",India,11-50,2024-05-08,
1316,Cortez-Olson,CA,11-50,16/04/2024,LinkedIn Ads
1317,Mendoza-Garza,Canada,51-200,14-Apr-2025,Organic Search
1318,"Whitaker, Johnson and Williams",United States,11-50,16/04/2025,Direct
1319,"Vargas, Taylor and Hunt",AUS,1-10,02/01/2023,LinkedIn Ads
1320,"Thomas, Jackson and Nielsen",India,51-200,03/11/2023,
1321,"Mullen, Greene and Elliott",CA,11-50,19-Sep-2023,Organic Search
1322,Johns Ltd,United Kingdom,1-10,04/03/2023,Direct
1323,"Nicholson, Valentine and Robinson",IN,51-200,2024-08-15,Organic Search
1324,"Haney, Dillon and Jackson",United States,51-200,27-Jan-2025,LinkedIn Ads
1325,Burke-Norton,Canada,1-10,04/20/2024,Meta Ads
1326,Hanson PLC,U.S.A,,14/10/2024,Direct
1327,Jackson-Jennings,U.K.,1-10,10/05/2024,Meta Ads
1328,Carlson-Jones,USA,201-1000,13/08/2024,Meta Ads
1329,Cruz-Rodriguez,India,1-10,2023-07-16,
1330,Mills PLC,Canada,11-50,01/14/2023,Referral
1331,"Barnes, Hernandez and Davis",Bharat,51-200,2023-09-16,Meta Ads
1332,Valenzuela-Greene,Britain,1-10,2025-10-07,Referral
1333,"Gordon, Wilson and Olson",Canada,51-200,2024-03-31,Meta Ads
1334,Winters PLC,IN,11-50,2023-03-20,Direct
1335,Prince Ltd,Canada,1-10,18-May-2024,Meta Ads
1336,"Reynolds, Fisher and Golden",Britain,51-200,19/01/2024,Meta Ads
1337,"Moreno, Perez and Lang",United States,11-50,01-Oct-2025,Google Ads
1338,Bell-Ballard,Bharat,11-50,25-Apr-2024,LinkedIn Ads
1339,"Johnston, Coleman and Scott",AUS,11-50,20-Sep-2025,Organic Search
1340,Kent Inc,United States,11-50,11/08/2024,LinkedIn Ads
1341,George-Stephens,U.K.,1-10,08/21/2023,Meta Ads
1342,Lopez-Fletcher,Bharat,1-10,04/25/2024,Meta Ads
1343,Lane Inc,US,51-200,19-Jun-2024,LinkedIn Ads
1344,"Smith, Pena and Watts",CA,51-200,09/21/2025,Meta Ads
1345,Ortiz-Rodriguez,USA,51-200,27/02/2024,Google Ads
1346,Pearson-King,India,51-200,2023-02-13,Google Ads
1347,"Henderson, Diaz and Hill",Bharat,11-50,07/03/2024,Google Ads
1348,"Sanders, Harris and Arnold",USA,1-10,2025-02-04,Google Ads
1349,"Olson, Wood and Peters",AU,,2023-07-29,Referral
1350,Hinton-Lane,USA,1-10,11/03/2023,Google Ads
1351,"Sanders, Taylor and Shields",AUS,1-10,2023-06-23,LinkedIn Ads
1352,Adkins Group,USA,51-200,15-Jul-2023,Referral
1353,"Avery, Garcia and Romero",IN,51-200,11/15/2025,Meta Ads
1354,Owen-Mendez,U.S.A,1-10,10/07/2023,LinkedIn Ads
1355,"Mann, Martin and Oconnell",U.S.A,1000+,2025-03-17,Referral
1356,Brock and Sons,USA,11-50,2025-07-04,Organic Search
1357,Frost-Graham,USA,201-1000,03/01/2024,LinkedIn Ads
1358,Baker LLC,UK,51-200,01/05/2023,Meta Ads
1359,Lynch Ltd,U.S.A,1-10,01/12/2023,Google Ads
1360,Arias-Morales,USA,11-50,2024-10-21,LinkedIn Ads
1361,"Meyer, Dawson and Harper",CA,11-50,08/06/2023,Referral
1362,Bowman Group,United States,201-1000,21/03/2023,LinkedIn Ads
1363,"Mitchell, Johnson and Greene",Bharat,11-50,06-May-2025,Meta Ads
1364,"Hale, Gilbert and Craig",U.K.,1-10,06-Dec-2023,LinkedIn Ads
1365,Allen-Smith,U.K.,11-50,24/08/2025,Direct
1366,Miller LLC,U.S.A,1-10,2023-01-21,Google Ads
1367,Gomez-Foster,USA,51-200,02/13/2024,
1368,"Gonzalez, Smith and Padilla",United Kingdom,11-50,18/12/2024,
1369,Dunn Ltd,U.S.A,11-50,18/09/2024,Referral
1370,"Herman, Bailey and Richmond",USA,51-200,07/30/2023,Meta Ads
1371,Perez-Mccarty,US,1-10,27/08/2025,Google Ads
1372,Spears-Andrews,U.S.A,,01/01/2023,Referral
1373,Thompson-Hunter,Britain,1-10,10/31/2024,Referral
1374,"Jones, Phillips and Arroyo",IN,51-200,30/09/2024,Meta Ads
1375,"Frye, Walter and Li",CA,51-200,2023-10-20,Organic Search
1376,"Wright, Ramos and Bennett",Britain,1-10,14-Dec-2024,Referral
1377,Carrillo-Todd,India,11-50,01/27/2024,
1378,Maldonado-Mosley,USA,11-50,2023-01-12,Meta Ads
1379,Olson LLC,India,11-50,17-Jul-2024,Meta Ads
1380,Reyes and Sons,Bharat,201-1000,03/04/2023,Direct
1381,"Haynes, Mcbride and Gutierrez",United States,11-50,20/03/2023,Organic Search
1382,Black-Smith,Australia,,2023-06-19,Referral
1383,"Goodman, Peterson and Spencer",US,51-200,02-Feb-2024,Organic Search
1384,Woods LLC,Australia,11-50,2025-01-20,Direct
1385,Shannon LLC,USA,1-10,06/30/2024,LinkedIn Ads
1386,Valentine Ltd,United States,1-10,2024-09-29,Meta Ads
1387,Porter and Sons,Britain,1-10,2023-06-30,Google Ads
1388,Moss LLC,India,11-50,21-Mar-2024,LinkedIn Ads
1389,Perez and Sons,AU,51-200,27-Jan-2024,Organic Search
1390,"Kelly, Maxwell and Wilson",USA,11-50,08-Oct-2024,Referral
1391,Lowe Ltd,U.S.A,1-10,06/25/2024,Meta Ads
1392,Austin-Duran,AU,1-10,16/12/2023,Referral
1393,"Rubio, Charles and Watson",CA,11-50,11-Dec-2024,Organic Search
1394,Vasquez-Galloway,USA,1-10,12/06/2024,Meta Ads
1395,"Melton, Henry and Joyce",Britain,11-50,2024-10-23,
1396,"Ramirez, Walker and Ray",India,11-50,22-Nov-2023,Meta Ads
1397,Fox Group,U.S.A,51-200,01/17/2024,LinkedIn Ads
1398,Ayers-Johnson,IN,1-10,13-May-2024,Meta Ads
1399,Long-Parks,USA,1-10,2025-11-04,LinkedIn Ads
1400,Bryant Inc,USA,201-1000,07/09/2024,Direct
1401,"Holmes, Stewart and Smith",US,1000+,04/21/2023,Meta Ads
1402,"Clark, Carpenter and Nguyen",U.S.A,51-200,02/01/2023,Google Ads
1403,"Hensley, Lopez and Baker",USA,1-10,13-Jun-2025,Google Ads
1404,Ruiz-Austin,USA,1-10,12/06/2024,LinkedIn Ads
1405,White-Coleman,IN,51-200,12/05/2024,Google Ads
1406,Ramirez-White,US,51-200,2024-08-02,Organic Search
1407,Krause Ltd,United States,201-1000,2024-03-30,Google Ads
1408,Olsen Ltd,IN,11-50,06/08/2023,Google Ads
1409,Brock-Peters,U.S.A,11-50,2024-01-04,Meta Ads
1410,Gonzalez-Marsh,U.S.A,1-10,2024-01-03,Organic Search
1411,"Hernandez, Shaffer and Thompson",United States,51-200,04/08/2025,Google Ads
1412,Taylor-Barry,India,51-200,09/22/2025,
1413,"Holmes, Le and Floyd",United States,11-50,11-Jul-2025,Referral
1414,King-Garrison,USA,11-50,18-May-2025,Meta Ads
1415,Ross Ltd,CA,11-50,02/09/2024,Organic Search
1416,Combs-Davis,United States,11-50,09/29/2025,Google Ads
1417,"Cook, Ward and Castro",US,11-50,18-Feb-2023,
1418,Cooper-Jenkins,United States,11-50,2023-08-17,Google Ads
1419,Dillon-Mccarty,UK,11-50,24/10/2023,LinkedIn Ads
1420,Ray Ltd,CA,1-10,2023-03-25,Meta Ads
1421,"Ryan, Krause and Mitchell",United States,201-1000,22-Nov-2024,
1422,Nunez-Freeman,Bharat,51-200,12-Jun-2023,LinkedIn Ads
1423,"Griffin, Miller and Austin",Canada,11-50,11/04/2023,LinkedIn Ads
1424,Welch-Thomas,United States,201-1000,2025-03-27,Organic Search
1425,Davidson LLC,Bharat,1-10,2023-09-23,LinkedIn Ads
1426,Welch-Duncan,United States,1-10,10/26/2024,Organic Search
1427,Page-Jacobs,U.K.,11-50,03/07/2025,Organic Search
1428,Nelson-Wallace,U.S.A,11-50,2024-03-07,Google Ads
1429,Adkins-Meyer,Bharat,1-10,08-Dec-2024,Organic Search
1430,Gutierrez-White,Britain,1-10,03/02/2023,Organic Search
1431,Martinez and Sons,Canada,11-50,04/08/2024,LinkedIn Ads
1432,"King, Manning and Brady",United States,11-50,18/07/2023,Google Ads
1433,Jackson Inc,Bharat,11-50,01-Apr-2025,Meta Ads
1434,"Brown, Wise and Warren",US,51-200,08/05/2023,Organic Search
1435,Garcia PLC,U.S.A,51-200,10/10/2025,Meta Ads
1436,Perez-Rojas,United Kingdom,51-200,2025-12-26,Referral
1437,Sims-Anderson,U.S.A,11-50,2025-05-06,Organic Search
1438,Dalton-Nguyen,Britain,1-10,2023-02-16,Google Ads
1439,Mcdonald-Pitts,Canada,11-50,08-Mar-2025,Referral
1440,Dunn-Taylor,India,11-50,2023-12-25,Organic Search
1441,"Ryan, Garza and Bryant",Australia,11-50,02/08/2025,Organic Search
1442,"Fields, Elliott and Mills",Canada,201-1000,2024-11-09,Direct
1443,"Ferguson, Stout and Olson",United States,201-1000,04/12/2025,
1444,Ballard Group,Canada,51-200,12/29/2025,
1445,Diaz-Green,AU,11-50,03/23/2023,Organic Search
1446,Smith-Mills,India,51-200,26/10/2023,Referral
1447,Cooper Group,US,201-1000,2023-10-18,Referral
1448,"Smith, Weeks and Arroyo",Britain,51-200,05/16/2024,Meta Ads
1449,Evans-Cannon,Bharat,11-50,17/07/2024,Referral
1450,Harper-Robles,AU,51-200,12-Jan-2025,Meta Ads
1451,"Brooks, Jenkins and Castro",Britain,1-10,08/26/2024,Referral
1452,Wright-Espinoza,USA,201-1000,27-Feb-2023,
1453,"Price, Gray and Baker",Bharat,11-50,24/11/2025,Organic Search
1454,Garrett-Black,U.K.,11-50,12/07/2025,Referral
1455,"Aguirre, Cohen and Mitchell",U.S.A,51-200,30/01/2023,Google Ads
1456,"Patel, Adams and Lopez",United States,11-50,08/02/2024,LinkedIn Ads
1457,Walsh PLC,IN,11-50,2023-03-09,
1458,Nelson-Dean,Canada,11-50,03/07/2025,Google Ads
1459,Flores and Sons,U.S.A,1-10,30/12/2023,Organic Search
1460,Booker Inc,India,11-50,09/29/2023,Google Ads
1461,Compton LLC,United Kingdom,51-200,10/15/2024,Google Ads
1462,Martinez-Gonzales,USA,1-10,09/24/2025,Google Ads
1463,Hall and Sons,India,1000+,23/07/2025,Meta Ads
1464,Snyder LLC,U.S.A,1-10,19-Nov-2025,Organic Search
1465,Collins-Lloyd,US,1-10,06/20/2025,
1466,Ford-Moody,UK,51-200,15-May-2023,Organic Search
1467,Miller-Christensen,Bharat,1-10,10-Jan-2024,Google Ads
1468,Daniels and Sons,U.S.A,51-200,30-Jul-2023,Direct
1469,Huang LLC,U.S.A,201-1000,12/18/2023,Organic Search
1470,Clayton-Martinez,IN,1-10,05-Jul-2024,Meta Ads
1471,"Wright, Wise and Ramos",US,51-200,12/25/2024,Meta Ads
1472,"Vang, Gonzalez and Moss",U.S.A,1000+,24-Apr-2023,Meta Ads
1473,Boyd and Sons,USA,51-200,03/03/2024,
1474,Price-Ali,IN,51-200,2024-02-13,Organic Search
1475,Moore-Chandler,US,201-1000,09/09/2025,Organic Search
1476,"Pineda, Meyer and King",Bharat,1-10,2025-09-24,
1477,"Evans, Ward and Williams",IN,11-50,2025-01-26,Meta Ads
1478,"Robinson, Rodriguez and Chen",U.S.A,201-1000,11/07/2023,Organic Search
1479,Smith-Bauer,US,51-200,23-Dec-2025,Organic Search
1480,"Wilson, Mccormick and Smith",CA,51-200,02-Jul-2025,Google Ads
1481,Perkins Ltd,US,11-50,06/06/2024,Direct
1482,Barker-Moore,U.S.A,51-200,04/09/2023,Google Ads
1483,Parks LLC,CA,1-10,2025-10-04,
1484,"Brown, Kelly and Moore",Canada,1-10,12/25/2025,LinkedIn Ads
1485,"Moody, Martinez and Hall",India,51-200,30/05/2023,LinkedIn Ads
1486,"Kramer, Sherman and Trujillo",India,11-50,01/08/2024,Meta Ads
1487,Quinn-Smith,AUS,,08/24/2024,Referral
1488,Howard-Taylor,USA,11-50,30-Oct-2024,Organic Search
1489,Washington Group,AU,1-10,2023-11-09,Google Ads
1490,"Phillips, Terry and Lopez",Bharat,1000+,14/12/2024,Meta Ads
1491,Stephens LLC,USA,1000+,2025-05-18,Google Ads
1492,"Mcdonald, Dillon and George",U.S.A,51-200,10/09/2023,Meta Ads
1493,"Martin, Schmidt and Cole",U.S.A,11-50,2025-06-17,Google Ads
1494,Weaver-Gibson,Canada,51-200,30-Nov-2023,Google Ads
1495,"Hunter, Gross and Andrade",UK,51-200,07/05/2023,Meta Ads
1496,"Vincent, Parsons and Allen",U.S.A,11-50,2025-05-10,Referral
1497,"Brown, Coffey and Fuentes",U.K.,1000+,04/14/2024,Google Ads
1498,Warren Group,US,1-10,24/10/2024,
1499,"Moore, Campbell and Ortiz",U.S.A,1-10,21-Mar-2023,Referral
1500,Rodriguez-Mills,India,1-10,08/05/2025,Direct
1501,Russo and Sons,United States,1-10,29-Nov-2023,Google Ads
1502,Washington Inc,India,,02/22/2023,Referral
1503,Duncan Group,U.S.A,1-10,12/11/2025,Google Ads
1504,"Burns, Hanson and Garza",Canada,11-50,2025-09-01,LinkedIn Ads
1505,Diaz PLC,U.S.A,1-10,2024-06-10,Organic Search
1506,"Jones, Conrad and Clark",UK,1-10,2023-09-15,Google Ads
1507,Hebert-Collier,Bharat,1-10,07-Apr-2025,Organic Search
1508,Owen-Brown,U.S.A,11-50,30-Nov-2025,Direct
1509,"Paul, Zamora and Short",UK,51-200,12/03/2023,Referral
1510,"Brown, Jensen and Rice",United States,1-10,02-May-2024,Meta Ads
1511,"Jones, Torres and Blackburn",U.S.A,1000+,14-Jul-2025,LinkedIn Ads
1512,"Davis, Hardy and Schmidt",Bharat,1-10,11/21/2024,Referral
1513,Lee Ltd,IN,51-200,17-Jul-2023,
1514,Hudson and Sons,United Kingdom,1-10,16-Sep-2023,Direct
1515,"Curry, Perry and Garcia",US,11-50,20/09/2024,Organic Search
1516,"Ray, Craig and Park",USA,,18-Oct-2023,Google Ads
1517,Andrade-Jackson,UK,11-50,22/12/2025,Referral
1518,Pierce PLC,United States,11-50,06/12/2023,Referral
1519,Sandoval-Ferguson,Britain,1-10,02/19/2024,Direct
1520,"Ramos, Gomez and Edwards",AUS,,21-Oct-2024,Direct
1521,Kirk-Gutierrez,United States,51-200,02/05/2023,Google Ads
1522,"Jordan, Swanson and Franklin",USA,11-50,08-May-2025,
1523,"Gardner, Brooks and Pierce",U.S.A,51-200,10/09/2023,Organic Search
1524,"King, Nixon and West",IN,11-50,01/23/2023,LinkedIn Ads
1525,Smith-Johnson,U.S.A,51-200,03-Sep-2024,LinkedIn Ads
1526,Larson-Holmes,Australia,51-200,20/02/2025,Meta Ads
1527,Smith-Joyce,AU,51-200,24-Sep-2025,Google Ads
1528,Foley Inc,U.S.A,11-50,04-Jun-2025,Organic Search
1529,"Short, Ellison and Dixon",CA,51-200,05/09/2025,
1530,"Howe, Moore and Johnson",U.S.A,11-50,03/29/2024,Organic Search
1531,Moore-Baker,Britain,,2025-11-28,Organic Search
1532,"Wright, Scott and Evans",United Kingdom,11-50,05/03/2024,Organic Search
1533,"Ross, Hardin and Navarro",India,11-50,2024-12-12,LinkedIn Ads
1534,"Nguyen, Olson and Freeman",CA,1-10,22-Feb-2023,Google Ads
1535,"Warner, Weiss and Davis",Canada,51-200,24/07/2025,Meta Ads
1536,"Evans, Cross and Johnston",United States,11-50,26/10/2024,Direct
1537,Deleon LLC,U.K.,51-200,2025-04-01,Referral
1538,Hobbs-Hamilton,USA,51-200,10-Oct-2024,Google Ads
1539,Kane and Sons,Bharat,51-200,17-Jan-2024,Google Ads
1540,"Delgado, Guzman and Smith",AUS,1000+,23-Nov-2023,Meta Ads
1541,"Reyes, Torres and Williams",Bharat,11-50,12/31/2023,Organic Search
1542,"Cunningham, Murphy and Wolfe",Australia,11-50,27-Nov-2024,Meta Ads
1543,Maddox-Mullins,India,,25-Oct-2024,LinkedIn Ads
1544,"Wagner, Walker and Roberts",USA,1-10,2024-03-24,Google Ads
1545,Hernandez-Rogers,United States,51-200,09/16/2025,LinkedIn Ads
1546,Duncan-Williams,U.S.A,51-200,03-Mar-2025,Organic Search
1547,Baker-Ross,U.K.,1-10,25/04/2024,Meta Ads
1548,Ayala-Anderson,Bharat,1-10,21-Sep-2023,Direct
1549,Castillo and Sons,USA,51-200,12/14/2024,Organic Search
1550,Foster-Duncan,United States,11-50,31/07/2025,LinkedIn Ads
1551,"Gilbert, Fitzgerald and Sanchez",U.S.A,201-1000,28-Apr-2023,
1552,Adams Group,US,201-1000,31/05/2024,Organic Search
1553,Cohen-Johnston,Canada,1-10,07/14/2025,Organic Search
1554,Powers Group,US,1000+,2023-01-14,Google Ads
1555,Bailey-Flores,Bharat,51-200,27/04/2025,Organic Search
1556,"Rios, Carrillo and Jackson",Australia,51-200,10/10/2025,Meta Ads
1557,Jensen-Branch,AUS,1-10,08/29/2025,Meta Ads
1558,Hanson-Alexander,AUS,1-10,2023-07-05,LinkedIn Ads
1559,Gonzalez LLC,United States,1-10,08-Dec-2025,Referral
1560,Todd Inc,United States,1-10,19-Dec-2025,Meta Ads
1561,Singh and Sons,Australia,11-50,2024-01-22,LinkedIn Ads
1562,"Mcintosh, Melton and Wilkins",Australia,11-50,05/02/2025,Referral
1563,Cooper Inc,Britain,11-50,2023-03-04,Direct
1564,Cole-Johnson,AUS,1-10,2024-08-19,Organic Search
1565,Payne LLC,UK,201-1000,11/21/2024,Direct
1566,"Webb, Blair and Thomas",Canada,1-10,11/23/2024,Google Ads
1567,"Barnett, Bennett and Escobar",United States,51-200,2025-09-10,Direct
1568,"Williams, Jackson and Campbell",Australia,201-1000,18/10/2024,Organic Search
1569,"Williamson, Brown and Pena",USA,51-200,07/06/2025,Meta Ads
1570,Alvarado-Durham,United States,1-10,03-Oct-2025,Organic Search
1571,Lin-Smith,Bharat,11-50,23/04/2023,Google Ads
1572,"Hughes, Whitney and Romero",Bharat,11-50,2023-04-09,Google Ads
1573,"Garcia, Stewart and Delacruz",AU,51-200,2025-06-07,LinkedIn Ads
1574,"Miller, Gonzalez and Rasmussen",Canada,201-1000,25/07/2025,
1575,"House, Smith and Wright",United Kingdom,201-1000,2023-04-03,Google Ads
1576,"Torres, Burns and Garner",CA,1000+,2023-12-29,Referral
1577,Garrett-Young,USA,201-1000,12-Jun-2024,LinkedIn Ads
1578,"Hill, Brown and Scott",US,51-200,18/04/2025,LinkedIn Ads
1579,Zamora-Briggs,AUS,11-50,06/03/2024,Organic Search
1580,Raymond LLC,USA,11-50,25/05/2023,Google Ads
1581,"Taylor, Blair and Meyer",UK,1000+,09-Jun-2024,Organic Search
1582,"Salazar, Garrett and Perez",US,51-200,2023-08-11,Meta Ads
1583,Berry Group,Britain,1-10,16/02/2024,Direct
1584,Browning-Murphy,U.S.A,1-10,13-Jan-2024,Organic Search
1585,"Anderson, Delgado and Carpenter",UK,11-50,24/06/2025,Google Ads
1586,"Mcbride, Huffman and Parker",Bharat,1-10,13-Oct-2024,Google Ads
1587,"Roach, Browning and Jordan",CA,1-10,04-Aug-2025,Organic Search
1588,Douglas PLC,UK,11-50,01/12/2024,
1589,Stewart PLC,USA,1-10,2025-12-18,Google Ads
1590,"Fry, Wilson and Stewart",IN,11-50,26-Nov-2025,Organic Search
1591,Acosta LLC,United States,,2024-04-23,Google Ads
1592,Ali-Turner,AU,11-50,03/14/2023,Google Ads
1593,"Peck, Shannon and Mahoney",U.S.A,201-1000,07/09/2025,Google Ads
1594,Hernandez-Lopez,UK,11-50,19/07/2025,Meta Ads
1595,Lopez PLC,CA,,10/06/2024,Meta Ads
1596,"Adams, Bradley and Hall",U.S.A,1000+,04/09/2024,Google Ads
1597,Hall Inc,Britain,51-200,01-Aug-2025,LinkedIn Ads
1598,Miller-Chan,India,1-10,21-Dec-2025,Google Ads
1599,Shaw PLC,CA,11-50,02/06/2025,Google Ads
1600,Joseph-Brooks,U.S.A,1-10,04/15/2023,Meta Ads
1601,Henry-Taylor,U.S.A,51-200,18/02/2023,Meta Ads
1602,Perez Group,Bharat,1-10,02/10/2024,Meta Ads
1603,Schaefer Group,United States,,2023-07-18,Google Ads
1604,Jones Group,United States,201-1000,03-Oct-2024,Meta Ads
1605,"Burns, Nguyen and Ellis",AUS,11-50,08-Oct-2024,Referral
1606,Patterson Inc,USA,1-10,11/08/2023,Google Ads
1607,"Moss, James and Edwards",IN,1000+,2024-05-25,Organic Search
1608,"Crosby, Armstrong and Herrera",U.S.A,,26-Aug-2025,Google Ads
1609,"Liu, Buchanan and Meyer",Canada,201-1000,05-Jul-2025,Direct
1610,Bryant-Rich,CA,1-10,2023-05-22,Organic Search
1611,Stone Group,Canada,1-10,10/18/2024,Referral
1612,"Williams, Hughes and Hubbard",U.S.A,11-50,2023-12-13,Meta Ads
1613,Wilkerson-Ayala,UK,11-50,17-Apr-2023,Organic Search
1614,Murray-Henderson,U.S.A,1-10,2023-06-14,Google Ads
1615,"Ellison, Vaughn and Mckee",India,11-50,11-Sep-2024,
1616,Gallegos-Hayes,IN,51-200,21-Jan-2025,Referral
1617,"Mason, White and Richards",US,11-50,2024-06-19,LinkedIn Ads
1618,"Payne, Long and Morris",AUS,201-1000,08/11/2025,Google Ads
1619,White PLC,US,1-10,2023-05-14,Referral
1620,"Huang, Khan and Davis",Bharat,201-1000,11/29/2024,Organic Search
1621,Holt-Meadows,IN,11-50,2023-08-05,Google Ads
1622,Higgins Inc,United States,11-50,01/08/2023,Organic Search
1623,Wilson Group,USA,51-200,09/01/2025,Organic Search
1624,"Cox, Mills and Cruz",United States,1-10,25/06/2025,Google Ads
1625,"Salazar, Moore and Pierce",AU,51-200,23-Jan-2024,Organic Search
1626,Tate LLC,India,11-50,29-Nov-2023,Referral
1627,"Savage, Huffman and Martin",US,51-200,07-Dec-2024,LinkedIn Ads
1628,Barnes LLC,USA,1-10,05/13/2023,
1629,"Mack, Griffin and Sims",U.S.A,1000+,25-Jan-2023,Organic Search
1630,Roach and Sons,Bharat,11-50,05/15/2023,Organic Search
1631,Dean LLC,US,1-10,2025-09-28,Direct
1632,Ellis Group,IN,201-1000,08/10/2025,Meta Ads
1633,"Aguirre, Franklin and Snyder",Britain,1-10,15/07/2025,Organic Search
1634,Chapman Group,IN,11-50,02/11/2023,Google Ads
1635,Ortiz-Miller,USA,1-10,2024-03-20,Meta Ads
1636,"Smith, Khan and Ramirez",UK,51-200,09/13/2024,Referral
1637,"Grant, Bryan and Williams",UK,1000+,25-Sep-2025,
1638,Thomas Inc,Bharat,1-10,08/15/2024,LinkedIn Ads
1639,"Lane, Morrison and Rivera",US,1-10,21/11/2023,Meta Ads
1640,Martin LLC,U.K.,51-200,2025-02-03,Referral
1641,"Guerrero, Graves and Armstrong",US,1-10,04-May-2025,Direct
1642,"Thompson, Gibson and Riley",IN,11-50,28/07/2024,Organic Search
1643,Richardson-Gray,Canada,51-200,30-Apr-2024,Google Ads
1644,Chang PLC,United Kingdom,51-200,25-Feb-2025,Organic Search
1645,Carter and Sons,U.S.A,51-200,2024-01-31,Meta Ads
1646,Neal LLC,UK,1-10,07-Jan-2023,Referral
1647,Rose-Warren,CA,11-50,2024-10-05,LinkedIn Ads
1648,"Clark, Brown and Duncan",United States,11-50,2024-02-04,LinkedIn Ads
1649,"Rice, Miller and Ramsey",USA,1-10,23-Oct-2023,Google Ads
1650,"Peck, Andersen and Mitchell",UK,11-50,2025-07-03,Organic Search
1651,"Abbott, Green and Andrews",CA,1-10,19-Jul-2024,Organic Search
1652,"Gomez, Anderson and Hart",Canada,201-1000,04/18/2023,Organic Search
1653,"Daniel, Jimenez and Morton",Britain,11-50,25-Oct-2024,
1654,"Hall, Roberts and Lee",United States,1-10,2025-11-13,
1655,Mclaughlin and Sons,United States,1-10,06-Dec-2025,Organic Search
1656,"Duarte, Gutierrez and Cook",U.S.A,51-200,12/04/2024,LinkedIn Ads
1657,"Shaffer, Lewis and Davidson",Bharat,51-200,03-Jul-2023,LinkedIn Ads
1658,"Campbell, Tyler and Parker",United States,1-10,19/02/2023,
1659,"Pierce, Wang and Wilson",India,11-50,2023-10-09,Meta Ads
1660,Peterson-Ramsey,U.K.,1-10,05/10/2025,
1661,"Choi, Collier and Lee",UK,11-50,15-Apr-2024,Google Ads
1662,Nielsen-Mendoza,UK,1-10,24-Mar-2025,LinkedIn Ads
1663,Robles-Brewer,US,11-50,12/11/2025,Referral
1664,Moore-Murray,US,,03/15/2025,Meta Ads
1665,"Huang, Ford and Olsen",United States,11-50,27-Mar-2023,Google Ads
1666,"Brown, Meyer and Cunningham",AU,201-1000,14/03/2024,
1667,"Stewart, Herrera and Clark",U.K.,11-50,20-Mar-2024,Meta Ads
1668,"Rivera, Hendricks and Flynn",U.S.A,11-50,11/01/2024,Meta Ads
1669,Montes LLC,U.K.,,2024-05-23,
1670,Morgan Group,AUS,1-10,2023-01-01,Meta Ads
1671,"Ferguson, Martin and Obrien",USA,51-200,16-May-2025,Meta Ads
1672,Larson LLC,India,1-10,10/09/2024,LinkedIn Ads
1673,"Hodge, Mckinney and Nelson",United States,1-10,02-Sep-2025,Google Ads
1674,Crawford and Sons,U.S.A,51-200,2023-05-10,Google Ads
1675,Hayes-Sampson,U.S.A,11-50,2025-08-11,
1676,Warren and Sons,CA,51-200,30/07/2024,Google Ads
1677,Brooks Inc,U.S.A,1000+,01/04/2023,Google Ads
1678,Gentry Group,Bharat,1-10,07/04/2023,Google Ads
1679,"Johnson, Webb and Porter",US,1-10,26-Oct-2023,Organic Search
1680,Peterson Group,U.K.,1-10,08/21/2024,Organic Search
1681,"Russo, Collins and Murphy",U.S.A,11-50,06/27/2023,Referral
1682,Short PLC,UK,1-10,29-Mar-2023,Direct
1683,"Haney, Harris and Johnson",UK,1000+,10/13/2023,Referral
1684,Reeves-Boyd,AU,11-50,27/03/2023,Organic Search
1685,Collins Inc,Bharat,11-50,11/16/2024,Meta Ads
1686,"Charles, Wiggins and Cook",Britain,11-50,24/03/2024,Organic Search
1687,"Edwards, Lane and Collins",IN,51-200,2023-11-15,
1688,Hill-Flores,United Kingdom,1-10,2024-09-19,LinkedIn Ads
1689,Lambert-Nelson,Canada,1-10,2023-02-18,Meta Ads
1690,"Castro, Garcia and Daniels",U.S.A,11-50,01-Sep-2023,Meta Ads
1691,"Flores, Thomas and Bush",US,1-10,2024-03-02,Organic Search
1692,Andrews-Jackson,India,1-10,10/20/2025,Google Ads
1693,Austin-Morgan,India,51-200,05/15/2025,Organic Search
1694,Williams-Johnson,CA,1000+,2023-03-21,Referral
1695,"Williams, Reyes and Miller",United States,11-50,20-Jul-2025,Meta Ads
1696,White-Carlson,U.S.A,11-50,2024-03-19,Google Ads
1697,"Soto, Vaughn and Griffin",CA,11-50,2023-05-22,LinkedIn Ads
1698,Edwards-Roth,United States,11-50,24-Nov-2025,Direct
1699,"Chang, Lamb and Miller",IN,51-200,13/08/2023,Direct
1700,Bradley-Davis,USA,1-10,02/10/2025,Google Ads
1701,"Mcdonald, Bryant and Cohen",U.S.A,1-10,2023-08-26,Google Ads
1702,"Miranda, Ruiz and Meza",U.K.,1-10,2025-05-30,LinkedIn Ads
1703,Callahan PLC,United Kingdom,11-50,25-Jul-2024,Organic Search
1704,Durham-Myers,UK,1-10,10/09/2023,Google Ads
1705,"Stark, Rivera and Valencia",Bharat,11-50,02/03/2025,LinkedIn Ads
1706,Chavez-Johnson,United States,1-10,20-Apr-2024,Meta Ads
1707,Rodriguez-Mendoza,United States,11-50,19/08/2023,Meta Ads
1708,Campbell LLC,USA,51-200,2025-09-10,Google Ads
1709,"Andrews, Romero and Sullivan",United States,51-200,10/27/2023,Referral
1710,"Robles, Nguyen and Banks",United Kingdom,1-10,04/12/2023,Referral
1711,Patel-Morales,AUS,51-200,03/05/2023,Google Ads
1712,Allen-Sanchez,IN,11-50,03/11/2025,Referral
1713,Dickson Group,Bharat,11-50,12-Apr-2025,Referral
1714,Peterson Ltd,United Kingdom,11-50,05/06/2025,LinkedIn Ads
1715,"Reynolds, Baird and Bradley",India,1-10,26-Jan-2025,Meta Ads
1716,Stephens-Young,US,201-1000,23/09/2024,LinkedIn Ads
1717,"Caldwell, Stevenson and Joseph",United Kingdom,1000+,29-Sep-2025,
1718,Wilson-Carlson,CA,1-10,17/11/2025,Direct
1719,Peters-Short,US,51-200,01/28/2024,LinkedIn Ads
1720,Parker Group,India,51-200,13-Oct-2023,Organic Search
1721,George Ltd,U.S.A,1-10,01/12/2025,Organic Search
1722,"Wise, Gray and Snyder",U.K.,201-1000,10-Jan-2024,Referral
1723,"Brown, Robinson and Taylor",CA,1-10,11/30/2024,Organic Search
1724,"Berger, Fields and Smith",USA,201-1000,05-Jun-2024,LinkedIn Ads
1725,Guerrero Group,Britain,1-10,2024-02-12,Direct
1726,"Carter, Gilbert and West",Britain,1-10,2024-10-03,Google Ads
1727,Maldonado LLC,United States,1-10,07/22/2024,LinkedIn Ads
1728,Hudson-Gentry,United States,1-10,21/01/2023,Direct
1729,Sellers-Zuniga,US,51-200,25/12/2024,Google Ads
1730,"Haas, Cooper and Davis",U.S.A,11-50,21-Feb-2024,Google Ads
1731,Carr PLC,Australia,1-10,15/07/2023,LinkedIn Ads
1732,Abbott-Phelps,CA,1-10,08/08/2023,Organic Search
1733,Wood PLC,UK,51-200,07/25/2023,LinkedIn Ads
1734,Rodriguez-Campbell,AUS,11-50,17-Feb-2023,Meta Ads
1735,"Long, Flores and Reyes",U.S.A,11-50,2025-11-05,Referral
1736,Graham-Clark,Bharat,1-10,12-Feb-2025,LinkedIn Ads
1737,Wells and Sons,US,11-50,17/04/2024,Referral
1738,"Cruz, Middleton and Larsen",India,51-200,2025-07-15,Google Ads
1739,Roberts Ltd,Britain,1-10,18-May-2025,Meta Ads
1740,"Smith, Griffith and Tucker",UK,201-1000,2024-03-24,Organic Search
1741,Proctor-Taylor,CA,51-200,2023-04-09,Google Ads
1742,May Group,US,1-10,16/07/2025,Google Ads
1743,English-Dominguez,US,11-50,08/12/2023,
1744,Hanson-Gibson,U.S.A,201-1000,2025-05-16,Google Ads
1745,Arnold-Cole,United States,51-200,05-Jul-2024,Google Ads
1746,Perez-Coleman,India,,28-Dec-2025,Google Ads
1747,Lane Ltd,United Kingdom,11-50,22/10/2025,
1748,Joseph LLC,Australia,11-50,2025-01-22,Meta Ads
1749,House-Johnston,India,,03/28/2023,Meta Ads
1750,Good PLC,IN,201-1000,04/07/2025,LinkedIn Ads
1751,Bush-Wilson,Bharat,1-10,2025-04-14,
1752,Nixon-Miller,U.K.,1-10,2024-09-03,Direct
1753,"Simon, Terrell and Terrell",USA,1-10,02/02/2023,Referral
1754,Marshall-Miller,IN,1-10,03/22/2025,Google Ads
1755,"Davis, Kennedy and Harmon",U.S.A,201-1000,30/01/2025,
1756,"Miller, Schultz and Yates",Australia,11-50,08/28/2024,Meta Ads
1757,Austin-Berger,US,,12/27/2024,Organic Search
1758,"Osborne, Harrison and Hunt",US,,01-Feb-2024,LinkedIn Ads
1759,Berry-Rivera,USA,11-50,03-Dec-2025,LinkedIn Ads
1760,Yu-Yates,IN,1-10,01/23/2025,LinkedIn Ads
1761,Jackson-Neal,United Kingdom,1-10,11/02/2025,Direct
1762,"Curry, Acosta and Elliott",Bharat,1-10,01-Jul-2024,Referral
1763,Soto PLC,United States,1-10,04/01/2023,Direct
1764,Berry Ltd,India,11-50,2025-05-24,
1765,Lamb-Weber,United States,51-200,27/06/2024,Referral
1766,Washington-Martinez,CA,1-10,22-Aug-2023,LinkedIn Ads
1767,York LLC,AUS,11-50,08-Nov-2024,Meta Ads
1768,Anderson-Campbell,Australia,51-200,08-Apr-2024,LinkedIn Ads
1769,Smith-Rodriguez,Britain,1000+,16/04/2023,Meta Ads
1770,Kent Ltd,UK,11-50,24-May-2024,Google Ads
1771,Hopkins LLC,Britain,11-50,2025-05-08,Meta Ads
1772,Green Ltd,India,11-50,11-Jun-2025,LinkedIn Ads
1773,Washington PLC,Canada,1-10,22/09/2024,Referral
1774,Larson and Sons,UK,1-10,08/09/2024,Referral
1775,Mullins-Gutierrez,Australia,1-10,2023-06-18,Organic Search
1776,Young-Alexander,Canada,1-10,16-Apr-2023,Google Ads
1777,"Jackson, Lane and Wilkinson",Bharat,51-200,2025-01-01,Google Ads
1778,May Inc,United States,11-50,03/22/2023,Referral
1779,Jackson Group,AUS,1-10,09-Aug-2023,
1780,Turner-Reese,U.S.A,1-10,16/06/2024,Referral
1781,"Hall, Vega and Price",India,201-1000,16-Mar-2025,Organic Search
1782,Thomas-Berg,CA,51-200,24-Aug-2024,Referral
1783,Roberts Group,India,,2024-05-07,
1784,Gregory-Nixon,U.S.A,1-10,16/09/2023,Google Ads
1785,"Blanchard, Davis and Schmidt",IN,1-10,19-Apr-2025,Organic Search
1786,Blanchard-Reynolds,Canada,51-200,2025-08-27,Meta Ads
1787,"Garrison, Rogers and Adams",US,1-10,08-Mar-2025,LinkedIn Ads
1788,Scott PLC,U.K.,51-200,14/05/2025,Direct
1789,Murray-Leonard,USA,11-50,28/05/2024,LinkedIn Ads
1790,Navarro PLC,U.S.A,201-1000,23-Jul-2024,Organic Search
1791,Meyer Ltd,Bharat,1-10,02/02/2025,Google Ads
1792,"Kaiser, Edwards and Smith",US,1-10,31/10/2025,Meta Ads
1793,Decker Inc,United Kingdom,1000+,07/20/2025,Organic Search
1794,Davis-Garcia,US,11-50,02/06/2023,Organic Search
1795,Bell-Hardy,Canada,51-200,2024-10-07,Google Ads
1796,Lee-Johnson,AU,11-50,06/04/2024,Google Ads
1797,Brown PLC,United States,1-10,05/30/2025,Google Ads
1798,"Shannon, Robinson and Greene",US,11-50,2023-04-15,Organic Search
1799,Erickson Inc,AUS,,03-Nov-2024,Organic Search
1800,Gates and Sons,IN,1-10,12-Feb-2023,Direct
1801,Douglas-Yoder,IN,201-1000,28-Nov-2023,Google Ads
1802,"Pratt, Lopez and Rodriguez",United States,1000+,06/06/2023,
1803,King Group,US,1-10,01/02/2024,LinkedIn Ads
1804,"Mayer, Fowler and Livingston",Britain,51-200,23/07/2024,Meta Ads
1805,Hammond-Schwartz,U.K.,201-1000,2023-02-07,Organic Search
1806,"Carrillo, Morris and Martin",US,11-50,25-Nov-2023,Organic Search
1807,Ramirez Inc,U.S.A,1-10,04/06/2025,LinkedIn Ads
1808,Price-Ferrell,IN,1000+,05/18/2023,Organic Search
1809,Sosa-Baker,Britain,1-10,04/03/2025,
1810,Jones-Krause,US,1000+,2023-02-05,Direct
1811,"Vasquez, Thomas and Mack",CA,1-10,24/06/2023,Google Ads
1812,Mendez Inc,U.K.,11-50,03-Sep-2023,Google Ads
1813,Baldwin-Garcia,Britain,1-10,23/08/2024,Google Ads
1814,Waters-Smith,IN,1-10,10-Nov-2023,Referral
1815,Hernandez-Bowman,US,11-50,2024-09-06,Google Ads
1816,Ortega LLC,AU,11-50,2023-07-25,Google Ads
1817,Graves Group,USA,1-10,2023-06-11,Meta Ads
1818,"Smith, Zimmerman and Wise",AU,201-1000,2024-08-31,Organic Search
1819,Graham-Anthony,U.S.A,,2023-07-10,
1820,Fernandez Inc,U.S.A,11-50,29/03/2023,Meta Ads
1821,Finley-Meyers,USA,11-50,2024-01-15,Organic Search
1822,Martinez-Nichols,UK,51-200,12/13/2023,Referral
1823,Cook-Turner,US,11-50,01/20/2024,Google Ads
1824,Chen Ltd,US,1-10,06-Dec-2024,Direct
1825,Diaz LLC,United States,,10/05/2025,Organic Search
1826,Randall LLC,Bharat,11-50,20/09/2023,Referral
1827,"Harris, Spencer and Ponce",United States,1000+,17/04/2024,Organic Search
1828,"Lee, Dominguez and Mosley",CA,11-50,2023-08-19,Organic Search
1829,"Barker, Tucker and Mcclure",U.K.,11-50,27-Feb-2024,Google Ads
1830,Moss-Taylor,U.S.A,51-200,14/02/2025,Organic Search
1831,Johnson PLC,US,201-1000,21-Jan-2024,Referral
1832,Burns Inc,U.K.,11-50,01/07/2023,Google Ads
1833,"Schneider, Porter and Hanna",UK,1-10,2025-04-26,Meta Ads
1834,Levy-Smith,United Kingdom,1-10,19-Jul-2025,Organic Search
1835,Brown-French,AUS,1-10,06/07/2024,
1836,Sullivan and Sons,IN,1000+,24-Mar-2024,Organic Search
1837,"Contreras, Ellis and Gregory",Bharat,51-200,06/05/2024,Meta Ads
1838,"Hernandez, Riley and Buckley",United States,201-1000,09/05/2024,Meta Ads
1839,Moss Group,Bharat,1-10,01/07/2023,Google Ads
1840,"Smith, Meadows and Montgomery",United Kingdom,1-10,12-Sep-2025,Google Ads
1841,Haynes and Sons,IN,11-50,13-Feb-2024,Organic Search
1842,Hoover-Davis,U.S.A,201-1000,06/02/2024,Meta Ads
1843,"Jackson, Garza and Meyers",Britain,11-50,11/04/2024,Organic Search
1844,Wilson PLC,United States,11-50,02/24/2024,LinkedIn Ads
1845,"Walker, Brock and Simmons",India,1-10,03/15/2024,Google Ads
1846,"Gregory, Nguyen and Daugherty",US,201-1000,2025-07-10,Google Ads
1847,"Gardner, Morris and Oconnell",AU,1-10,2024-05-08,Organic Search
1848,Duran PLC,CA,51-200,19/03/2024,Referral
1849,Rogers Inc,CA,11-50,01/01/2023,Meta Ads
1850,Thomas-Perry,United States,51-200,2023-02-13,Google Ads
1851,"Wood, Martin and Sanchez",India,1-10,04/03/2024,Meta Ads
1852,"Williams, Garcia and Boone",USA,11-50,20/01/2025,Referral
1853,"Bennett, Moore and Hobbs",India,,08/28/2025,Google Ads
1854,Mann PLC,USA,1-10,09/03/2024,LinkedIn Ads
1855,Butler-Aguirre,US,1-10,07/16/2025,Direct
1856,Schwartz-Harris,Britain,1-10,2024-07-25,Organic Search
1857,"Nelson, Cole and Allen",US,51-200,08/02/2025,LinkedIn Ads
1858,Bishop Inc,Canada,201-1000,28/12/2025,Google Ads
1859,"White, Porter and Clements",USA,,2024-04-19,Google Ads
1860,"Serrano, Turner and Barnes",United States,11-50,25/11/2024,Google Ads
1861,"Young, Wilson and Moreno",U.S.A,1-10,25/02/2024,Referral
1862,Montgomery PLC,India,51-200,14/05/2025,LinkedIn Ads
1863,"Robinson, Townsend and Hopkins",IN,,2023-03-03,Google Ads
1864,Brown-Rodriguez,AU,1-10,2023-03-04,Google Ads
1865,Jennings Group,USA,1000+,11-Sep-2025,Google Ads
1866,Thompson-Santiago,United States,1000+,03-Nov-2023,Meta Ads
1867,Clark-King,IN,1-10,11/23/2023,Referral
1868,"Trujillo, Chang and Williams",United States,1-10,05-Nov-2023,Referral
1869,"Williams, Medina and Moore",United States,11-50,04-Nov-2025,
1870,Jacobson Ltd,AUS,11-50,08/12/2024,Google Ads
1871,Watkins-Nguyen,United Kingdom,11-50,27-Apr-2024,Referral
1872,Burgess LLC,IN,51-200,2024-09-27,
1873,Maxwell LLC,India,1-10,12-Apr-2025,LinkedIn Ads
1874,Kane-Bennett,India,1-10,2025-12-12,
1875,Brown-Graham,AUS,1-10,18-Dec-2025,
1876,Reilly Group,Canada,11-50,28/08/2025,Direct
1877,Hughes and Sons,United Kingdom,1-10,29-Mar-2025,Google Ads
1878,Cortez-Chen,Bharat,11-50,21/09/2024,Google Ads
1879,Harris-Martinez,U.S.A,1-10,2024-03-14,Direct
1880,"Carroll, Ramirez and Rodriguez",AUS,1-10,2025-03-09,Direct
1881,Ellis-Jackson,USA,1-10,2025-01-25,Organic Search
1882,Robinson-Phillips,IN,1-10,2025-02-11,Referral
1883,Clarke Ltd,Bharat,11-50,12-Aug-2023,Organic Search
1884,"Whitehead, Lane and Tran",USA,11-50,11-Aug-2025,Organic Search
1885,Atkins-Robinson,India,1-10,19-Aug-2024,Direct
1886,Hood-Ramirez,US,201-1000,2024-10-07,Google Ads
1887,"Patterson, Salas and Wright",U.S.A,11-50,13/12/2025,
1888,Riley-Snow,United States,11-50,2024-02-10,Google Ads
1889,"Shah, Mcintyre and Villanueva",Australia,1000+,07-Jun-2023,Direct
1890,Baird-Williams,Canada,1000+,2025-08-03,Referral
1891,Quinn-Gordon,USA,,03/03/2024,Direct
1892,Schmidt-Mendoza,USA,201-1000,12/08/2025,Google Ads
1893,"Nicholson, Chavez and Allen",US,1000+,03/09/2023,Direct
1894,"Mullins, Steele and Russell",US,201-1000,02-Oct-2023,Google Ads
1895,Anderson LLC,US,1-10,07/04/2024,
1896,Holland Inc,IN,1-10,03/02/2024,Organic Search
1897,Castillo LLC,U.S.A,1-10,17-Jul-2024,LinkedIn Ads
1898,Warner PLC,U.S.A,51-200,03/29/2023,Organic Search
1899,"Silva, Bray and Ford",CA,1000+,10/06/2025,Organic Search
1900,Sawyer Group,United Kingdom,,28-Mar-2023,Referral
1901,Clarke LLC,United States,11-50,25/02/2023,Organic Search
1902,"Marshall, Schultz and Dalton",USA,,23/03/2024,Meta Ads
1903,Cruz Ltd,United Kingdom,11-50,21/09/2025,LinkedIn Ads
1904,Schmidt-Phillips,Bharat,1-10,2024-06-24,Direct
1905,Wolfe-Salazar,IN,1-10,02/02/2024,Google Ads
1906,"Norton, French and Miller",UK,11-50,23-Apr-2024,Organic Search
1907,Fitzgerald-Brown,United Kingdom,11-50,08-Apr-2023,
1908,"Cox, Williams and Reyes",USA,51-200,02/02/2023,LinkedIn Ads
1909,Harvey-Diaz,Bharat,51-200,11-May-2025,Organic Search
1910,Wong Ltd,AU,1-10,07/23/2025,LinkedIn Ads
1911,Castro and Sons,Bharat,1-10,23-May-2024,Organic Search
1912,Zavala and Sons,UK,201-1000,25/12/2023,Google Ads
1913,"Wilson, Mendoza and Crosby",USA,11-50,2025-05-30,Organic Search
1914,"Pitts, Warner and Mullins",CA,11-50,2023-11-14,Google Ads
1915,Flores LLC,India,1-10,18/03/2024,Direct
1916,"Frazier, Ramirez and Brown",US,201-1000,2024-05-14,LinkedIn Ads
1917,Chavez-Mason,AUS,201-1000,07/01/2023,Direct
1918,Harrison PLC,CA,1-10,30-Nov-2024,Referral
1919,"Bryan, Lam and Hayes",UK,51-200,08-Jun-2025,Google Ads
1920,Marsh-Dougherty,United Kingdom,1-10,19/03/2024,LinkedIn Ads
1921,Miller and Sons,Bharat,11-50,04/10/2024,Direct
1922,Mullen-Jones,IN,1-10,2023-11-02,Referral
1923,"Crane, Johnson and Butler",Australia,51-200,09/06/2025,Google Ads
1924,"Weaver, Anderson and Reed",CA,1000+,09/05/2023,Google Ads
1925,Rojas-Smith,USA,,11/16/2024,Referral
1926,Brown and Sons,U.K.,1-10,06/14/2023,Organic Search
1927,"Newman, Jenkins and Cooper",UK,1-10,04/12/2025,Organic Search
1928,"Buchanan, Tucker and Wade",US,11-50,27-Mar-2024,Meta Ads
1929,"Wilkinson, Wallace and Torres",United States,201-1000,08/07/2025,Organic Search
1930,Villanueva LLC,U.K.,11-50,02/09/2023,Google Ads
1931,Mccormick and Sons,Canada,11-50,2023-11-26,Direct
1932,Watson-Roberts,US,1000+,18/05/2023,Google Ads
1933,Hernandez LLC,CA,51-200,2025-01-02,Google Ads
1934,Huber-Montgomery,United Kingdom,1-10,2025-08-08,Referral
1935,Mcpherson Ltd,USA,11-50,01-Jan-2023,Google Ads
1936,"Conway, Bauer and Martin",U.S.A,11-50,07-Dec-2024,Google Ads
1937,"Martinez, Green and Lopez",United States,201-1000,2023-12-12,Meta Ads
1938,"Mann, Wade and Spence",Canada,1-10,02-Jun-2025,Direct
1939,Ferguson Inc,AUS,11-50,08/21/2025,Direct
1940,Sullivan Group,India,1-10,18/01/2024,Referral
1941,Gould LLC,USA,11-50,06/18/2024,Direct
1942,Smith Ltd,Bharat,1-10,15/06/2025,LinkedIn Ads
1943,"Cantrell, Rivera and Thornton",AU,11-50,12/29/2023,Direct
1944,Kemp-Montes,Canada,51-200,2025-10-06,Organic Search
1945,"Estrada, Marsh and Chandler",United Kingdom,201-1000,04/04/2025,LinkedIn Ads
1946,Morgan-Rodriguez,Australia,51-200,17/01/2025,Meta Ads
1947,Mccullough-Taylor,US,51-200,02-Nov-2024,Google Ads
1948,"Wilson, Johnson and Williamson",US,201-1000,2025-07-05,Organic Search
1949,Griffin Inc,UK,1000+,2023-05-29,Google Ads
1950,Brown-Davidson,U.K.,11-50,2024-04-26,Organic Search
1951,"Fox, Harrington and Wang",Canada,201-1000,19/03/2023,Referral
1952,Rhodes-Rosario,Bharat,1000+,06-Jun-2025,Organic Search
1953,"Foster, Henry and Morrison",IN,51-200,2024-11-22,
1954,"Harding, Kerr and Ward",U.S.A,11-50,11/05/2025,Referral
1955,Baldwin Group,USA,201-1000,26/04/2024,LinkedIn Ads
1956,Hughes-Smith,U.S.A,11-50,07/16/2024,Google Ads
1957,Bell-Madden,Britain,11-50,02/26/2025,Referral
1958,"Miller, Luna and Wallace",India,1-10,23-Sep-2023,Organic Search
1959,Lara-Roberts,India,11-50,27-Mar-2025,Organic Search
1960,"Waller, Coleman and Mosley",AU,51-200,01/08/2025,Meta Ads
1961,Houston PLC,United Kingdom,1-10,13-Sep-2023,Referral
1962,Thomas LLC,USA,11-50,08-Dec-2025,Organic Search
1963,Mcneil-Fox,USA,51-200,30/09/2023,Organic Search
1964,Jones-Choi,Australia,1-10,31-Jul-2023,Google Ads
1965,Davis-Ortiz,US,1-10,16/09/2025,Direct
1966,Perry-Peters,UK,1-10,2024-03-31,Organic Search
1967,"Bradley, Melendez and Gonzalez",Britain,11-50,01/26/2025,Direct
1968,Roberts-Henry,CA,11-50,02-Feb-2023,Referral
1969,Davenport-Torres,USA,11-50,2024-09-19,Google Ads
1970,"Singh, Walker and Moody",Canada,11-50,12-Sep-2025,Google Ads
1971,Baker Ltd,U.K.,1-10,19-Mar-2023,Meta Ads
1972,"Kennedy, Valdez and Stafford",U.K.,1-10,02/11/2024,Google Ads
1973,White-Knox,AUS,1-10,2025-12-10,Referral
1974,"Sanchez, Wilson and Ramirez",CA,51-200,2023-11-03,Organic Search
1975,George LLC,US,11-50,12/30/2023,Organic Search
1976,"Castillo, Graham and Scott",UK,1-10,05-Sep-2025,Meta Ads
1977,"Alvarez, Benson and Wilson",UK,11-50,08-Nov-2024,Direct
1978,"Quinn, Smith and Green",AU,11-50,03/11/2025,Referral
1979,"Brown, Flores and Johns",US,1-10,10-Nov-2025,Organic Search
1980,Howard Inc,IN,51-200,14/01/2025,Meta Ads
1981,Ward-Fields,U.K.,1000+,01/09/2023,Referral
1982,Williams-Carter,Canada,1-10,22/03/2023,Referral
1983,"Mayer, Palmer and Miranda",USA,11-50,26-Sep-2023,Referral
1984,"Marsh, Nelson and Wolfe",Australia,,03/02/2024,Meta Ads
1985,Davis-Carpenter,UK,1-10,07/25/2023,Meta Ads
1986,Watson-Washington,Britain,11-50,10/23/2023,Referral
1987,Mccall-Martin,AUS,,22/08/2024,Google Ads
1988,Pope PLC,CA,201-1000,2024-03-04,Google Ads
1989,"Norris, Cisneros and Mathis",India,1-10,09-May-2023,Organic Search
1990,"Arnold, Avila and Wilson",India,51-200,02/11/2025,Referral
1991,Moon-Wilson,U.S.A,1-10,2024-12-07,Google Ads
1992,Mclean Group,India,201-1000,06-Jan-2024,LinkedIn Ads
1993,Collins-Cox,U.K.,1-10,17/09/2025,
1994,Preston-Harper,Bharat,11-50,2025-07-17,Organic Search
1995,Jackson-Torres,UK,1000+,19/06/2025,Organic Search
1996,"Olsen, Walker and Vincent",USA,1000+,17/01/2024,Direct
1997,Watts LLC,India,51-200,26-Jul-2023,Referral
1998,Vazquez-Bowers,USA,201-1000,29/04/2024,Meta Ads
1999,Smith Group,US,11-50,06/30/2024,LinkedIn Ads
2000,Williams-Rodriguez,U.S.A,1-10,08/16/2024,Google Ads
2001,"Palmer, Brown and Wilson",Bharat,1-10,08/27/2023,LinkedIn Ads
2002,Williams-Turner,USA,1-10,06/20/2025,Google Ads
2003,"Harris, Santana and Lopez",IN,1-10,19/08/2023,Organic Search
2004,Johnson-Thomas,United States,1-10,2023-07-21,Meta Ads
2005,"Mcmahon, Rush and Bailey",UK,201-1000,03/19/2023,Meta Ads
2006,Wyatt Ltd,Britain,51-200,16-Dec-2024,Organic Search
2007,"Allen, Hudson and Garcia",U.S.A,51-200,2023-05-05,Direct
2008,"Hines, Rice and Baldwin",US,1-10,10-Sep-2024,Meta Ads
2009,Jackson-Webster,United States,51-200,2024-12-11,Google Ads
2010,Beltran Inc,USA,51-200,2023-12-09,Organic Search
2011,Knapp Ltd,USA,1-10,05/09/2025,
2012,Richardson-Lawrence,CA,1-10,2025-08-20,Organic Search
2013,Nunez-Rodriguez,United States,51-200,11/06/2023,Google Ads
2014,Zavala-Coleman,UK,1-10,04/20/2023,Referral
2015,"Perez, Rodriguez and Rollins",UK,,06-Jan-2024,Organic Search
2016,Owens PLC,Bharat,201-1000,2025-06-15,Google Ads
2017,Simpson LLC,USA,,02-Jun-2025,Google Ads
2018,"Roberts, Bowen and Miller",India,51-200,11/03/2023,Meta Ads
2019,Wilson-Campbell,India,201-1000,21-Nov-2024,Organic Search
2020,"Fitzgerald, Mcdaniel and Randall",United States,51-200,2024-02-01,Meta Ads
2021,Spencer LLC,AU,51-200,03/01/2023,Google Ads
2022,Lopez-Jones,Bharat,51-200,13/10/2025,Referral
2023,Crosby-Richardson,U.S.A,11-50,05/01/2025,LinkedIn Ads
2024,Lutz Group,United States,201-1000,06/15/2024,
2025,"Garcia, Kim and Barrett",CA,11-50,2023-09-10,Google Ads
2026,Neal-Madden,United States,51-200,2025-06-26,Direct
2027,"Schaefer, Levine and Brown",UK,201-1000,17-Sep-2023,LinkedIn Ads
2028,Morgan PLC,USA,1-10,2023-01-16,Organic Search
2029,Martinez-Massey,US,1000+,04/10/2025,Organic Search
2030,"Porter, Hubbard and Miranda",AUS,11-50,13-May-2023,Organic Search
2031,"Nelson, Clarke and Schneider",UK,1-10,05/19/2024,Referral
2032,Kelly-Estrada,United Kingdom,11-50,2023-04-01,Referral
2033,Archer-Dixon,U.S.A,1-10,15/04/2024,Meta Ads
2034,Tate Inc,United Kingdom,11-50,27/01/2023,Referral
2035,Fuller and Sons,United Kingdom,51-200,12/02/2024,
2036,Garcia Inc,United States,51-200,04-Aug-2025,Meta Ads
2037,Jimenez Inc,US,1-10,2025-10-04,Referral
2038,Reyes Ltd,U.S.A,1-10,01/08/2024,Referral
2039,Hernandez-Howell,Britain,1-10,02/03/2023,Organic Search
2040,Wolf Ltd,India,201-1000,19/06/2025,Referral
2041,"Saunders, Sparks and Harris",United States,1-10,2025-12-10,
2042,"Jimenez, Wagner and Daniels",CA,11-50,2025-04-29,Meta Ads
2043,"Payne, Cisneros and Johnson",India,11-50,2025-07-04,Organic Search
2044,Beard-Wilson,IN,11-50,28-Apr-2024,Direct
2045,Edwards-Bennett,U.K.,51-200,25-May-2024,Organic Search
2046,Johnson-Thompson,Bharat,51-200,03/19/2023,Meta Ads
2047,"Dalton, Turner and Mccarthy",Bharat,11-50,2025-10-06,Organic Search
2048,Jordan-Edwards,AUS,1-10,08/22/2024,Direct
2049,Freeman-Rodriguez,United States,11-50,20-Sep-2025,Meta Ads
2050,"Henry, Spencer and Ryan",UK,51-200,11/21/2025,Organic Search
2051,Alvarez-Dickerson,Australia,1-10,2024-06-24,LinkedIn Ads
2052,"Brown, Baker and Garza",United States,11-50,11/21/2025,Direct
2053,Jensen-Gomez,USA,11-50,2023-02-26,Organic Search
2054,Flores-Johnson,U.S.A,201-1000,28-Oct-2023,
2055,Pacheco-Silva,Canada,1000+,25/05/2023,Direct
2056,"Peterson, Davis and Reed",United States,201-1000,13/07/2025,Referral
2057,Jenkins-Brown,Britain,11-50,2025-11-04,
2058,Watkins-Lozano,United States,11-50,07/05/2025,LinkedIn Ads
2059,Melton Inc,United States,11-50,05/09/2024,Google Ads
2060,Jackson-Ryan,Britain,51-200,07/07/2024,Organic Search
2061,Murray Group,Britain,,2025-09-04,Google Ads
2062,"Robertson, Fisher and Smith",United States,1-10,17/05/2025,LinkedIn Ads
2063,Chapman-Odom,US,1-10,04/04/2024,Meta Ads
2064,Hudson-Morris,United States,51-200,13/05/2025,Meta Ads
2065,Stokes Inc,Bharat,1-10,2025-05-29,
2066,"Leonard, Rogers and Shaw",US,11-50,29/07/2023,Google Ads
2067,"Morgan, Mendez and Cox",AUS,11-50,17/07/2024,Google Ads
2068,Harris-Reid,U.S.A,,26-Dec-2025,Google Ads
2069,Pittman PLC,USA,11-50,2025-12-15,Organic Search
2070,Mitchell Inc,United States,1000+,15/03/2024,Google Ads
2071,Davies-Morales,USA,51-200,2024-02-23,Google Ads
2072,Weber Inc,USA,201-1000,2023-03-31,Meta Ads
2073,"Richard, Davis and Rogers",CA,51-200,07/24/2024,LinkedIn Ads
2074,Simmons-Reed,United States,51-200,2024-01-31,Meta Ads
2075,Pearson LLC,Britain,51-200,2023-05-14,Google Ads
2076,"Brock, Reynolds and Fernandez",United Kingdom,11-50,31-Mar-2025,
2077,Perry LLC,United Kingdom,51-200,08-Apr-2024,Organic Search
2078,"Robertson, Powers and Kelley",UK,51-200,21-Mar-2025,LinkedIn Ads
2079,Burton PLC,India,1-10,2024-11-01,Meta Ads
2080,Ray and Sons,USA,1-10,01/05/2024,Organic Search
2081,"Hayden, Harmon and Mcdonald",Australia,1-10,20/12/2024,LinkedIn Ads
2082,"Patel, Mendez and Hammond",AU,1-10,19/03/2025,Meta Ads
2083,Michael-Barber,US,11-50,02-Nov-2024,
2084,Boyd LLC,AUS,,12/22/2025,Meta Ads
2085,Hernandez-Hernandez,IN,11-50,09/06/2025,LinkedIn Ads
2086,"Cannon, Richard and Jenkins",US,11-50,2024-10-06,Meta Ads
2087,Walters Group,U.K.,1000+,10/15/2024,Google Ads
2088,Colon-Lucas,US,51-200,12/06/2024,Referral
2089,Mcdaniel-Young,IN,1-10,15/08/2024,Meta Ads
2090,Wilson and Sons,Canada,1-10,05/21/2025,Google Ads
2091,Sanchez LLC,Britain,1-10,2025-08-28,
2092,Washington-Esparza,USA,51-200,29-Jul-2024,Google Ads
2093,Lucas-Johnson,Britain,1-10,05/03/2023,Direct
2094,Nelson Inc,Britain,1-10,19-Sep-2023,Google Ads
2095,Clarke-Ramirez,United Kingdom,11-50,13/07/2024,Direct
2096,"Thompson, Phelps and Stuart",IN,1-10,05-Jun-2023,Google Ads
2097,Casey-Brown,U.S.A,1-10,2024-12-01,Meta Ads
2098,Edwards LLC,U.K.,11-50,2023-12-12,Meta Ads
2099,Lester Group,Bharat,11-50,21-Apr-2024,Referral
2100,Powers-Blackwell,U.S.A,1-10,05/06/2024,Meta Ads
2101,Hahn-Ramsey,Australia,1-10,17-Aug-2023,Google Ads
2102,Young PLC,Bharat,51-200,10/03/2025,Organic Search
2103,"Mason, Martinez and Beck",CA,1-10,02/27/2024,Meta Ads
2104,"Herring, Huynh and King",USA,51-200,2025-02-16,Referral
2105,Young Inc,India,11-50,18-May-2023,
2106,Murphy-Silva,India,11-50,09/03/2023,Direct
2107,Shaffer-Manning,USA,,2024-11-08,Referral
2108,Robinson-Rodriguez,Britain,11-50,21-Jun-2025,Meta Ads
2109,Booker Group,CA,1-10,2024-06-04,Organic Search
2110,King-Lawrence,Australia,201-1000,12/31/2025,Organic Search
2111,Ferguson-Lyons,Bharat,1-10,08-Aug-2023,Organic Search
2112,Vega-Richmond,United States,11-50,10/29/2023,Direct
2113,Cox Ltd,AU,1000+,2025-05-21,LinkedIn Ads
2114,Underwood-Smith,US,11-50,09/12/2025,Google Ads
2115,"Johnson, Stevenson and Lindsey",IN,1-10,02/10/2025,Referral
2116,Vazquez Ltd,India,1-10,07/02/2024,Google Ads
2117,Fowler-Haynes,USA,11-50,05/02/2024,Google Ads
2118,"Martinez, Camacho and Mathews",USA,1000+,06/03/2024,
2119,Smith-Yu,United States,51-200,2023-04-02,Google Ads
2120,Turner-Mayer,U.S.A,11-50,08/02/2025,Google Ads
2121,Evans and Sons,India,11-50,2023-01-23,Referral
2122,Welch-Suarez,USA,201-1000,2024-08-15,Organic Search
2123,"Sullivan, Johnson and Delacruz",IN,51-200,12-May-2025,Referral
2124,Ruiz-Gutierrez,US,1-10,07/20/2023,
2125,Love-Mcdowell,Canada,51-200,01/27/2025,Meta Ads
2126,Holloway Ltd,United Kingdom,1-10,11/09/2024,Organic Search
2127,Hunter-Bell,United Kingdom,1-10,2023-06-01,Organic Search
2128,"Daniel, Kelley and Murphy",Bharat,1000+,04/05/2024,Google Ads
2129,"Johnson, Williams and May",Bharat,51-200,04/07/2024,
2130,"Ramos, Davidson and Smith",UK,11-50,08/25/2024,Meta Ads
2131,Fuller LLC,U.S.A,11-50,2023-02-01,LinkedIn Ads
2132,"Miller, Moore and Black",Britain,11-50,05/29/2023,Meta Ads
2133,"Hines, Bradford and Jennings",AU,201-1000,2025-07-19,Google Ads
2134,Hayes-Russo,US,51-200,19/07/2025,Organic Search
2135,"Serrano, Marsh and Gonzalez",US,11-50,11-Jun-2023,Google Ads
2136,Richardson-Long,Canada,11-50,08/02/2025,LinkedIn Ads
2137,Duffy-Wilkerson,United Kingdom,11-50,10/10/2023,
2138,Smith Inc,U.S.A,11-50,10-Oct-2023,Google Ads
2139,"Holland, Sims and Meadows",United Kingdom,1-10,09-Jul-2025,Organic Search
2140,Gonzalez-Haynes,USA,51-200,2023-08-04,Meta Ads
2141,Burke-Hernandez,USA,51-200,2023-01-06,Google Ads
2142,Jackson-Bradley,India,1-10,04/12/2023,Meta Ads
2143,Higgins Group,United States,1-10,29/07/2025,Referral
2144,Wilcox-Snyder,U.K.,1-10,27/07/2024,Google Ads
2145,Reeves and Sons,US,1-10,15-Jul-2025,Google Ads
2146,Roberts-Snyder,United States,51-200,2023-05-01,Direct
2147,Reynolds and Sons,US,11-50,2023-01-03,Referral
2148,"Lewis, Holloway and Acosta",U.S.A,51-200,06/15/2023,Google Ads
2149,Barnes Group,USA,1-10,2024-02-13,LinkedIn Ads
2150,Williamson and Sons,U.S.A,201-1000,09-Jun-2024,Referral
2151,Aguilar-Holland,U.K.,1-10,08/23/2024,Organic Search
2152,Mccann-Sanders,UK,1-10,2025-04-24,Organic Search
2153,Reeves Ltd,United Kingdom,201-1000,2025-11-20,Direct
2154,Fitzgerald-Scott,United States,1-10,03/14/2023,Google Ads
2155,Hawkins Inc,USA,11-50,21-May-2023,Meta Ads
2156,Galvan-Ruiz,UK,201-1000,21-Nov-2024,Google Ads
2157,Barajas-Crosby,CA,51-200,21-Mar-2023,LinkedIn Ads
2158,"Mckinney, Pacheco and Smith",AU,1-10,10/27/2025,Meta Ads
2159,"Harvey, Turner and Foster",CA,201-1000,04/11/2025,
2160,Anderson-Mcclain,Canada,11-50,03/16/2025,Organic Search
2161,Carpenter LLC,USA,11-50,2023-01-20,LinkedIn Ads
2162,Gordon LLC,US,51-200,2023-02-26,Organic Search
2163,Anderson-Stewart,CA,201-1000,05-Nov-2025,
2164,"Hamilton, Green and Edwards",AU,51-200,2025-06-30,Google Ads
2165,Porter LLC,U.K.,1-10,23/04/2024,Direct
2166,"Ward, Jordan and Orr",Canada,1-10,04-Oct-2023,Direct
2167,Austin-Juarez,Australia,1-10,2023-01-22,LinkedIn Ads
2168,Black-Graham,US,201-1000,15-Mar-2024,Direct
2169,Peters Ltd,U.K.,11-50,03/07/2023,Google Ads
2170,"Yates, Brown and Hernandez",India,11-50,07-Aug-2025,Google Ads
2171,White Group,India,1-10,15/05/2023,Direct
2172,Martin-Mcdonald,Canada,,2024-02-21,Organic Search
2173,Carney Group,AUS,11-50,04-Apr-2023,
2174,Alexander Ltd,India,1000+,29-Mar-2024,Meta Ads
2175,"Washington, Vasquez and Singleton",USA,,2025-02-04,Meta Ads
2176,Oneill and Sons,U.S.A,11-50,2023-01-27,Meta Ads
2177,"Macdonald, Willis and Silva",U.S.A,11-50,06/18/2025,Google Ads
2178,Fox PLC,UK,51-200,22-Mar-2024,Organic Search
2179,Butler Inc,Australia,11-50,06-Jan-2023,LinkedIn Ads
2180,Tate Ltd,USA,11-50,11/26/2023,Referral
2181,Clay Inc,USA,1-10,2025-03-12,Google Ads
2182,Maldonado-Becker,Bharat,1-10,2023-11-03,Google Ads
2183,Brooks-Hickman,India,11-50,23/03/2023,
2184,Hood and Sons,U.S.A,1-10,11/11/2025,Google Ads
2185,"Castillo, Fuller and Adams",USA,11-50,10/06/2023,Google Ads
2186,"Smith, Booker and Douglas",U.S.A,201-1000,10/24/2024,Referral
2187,Nguyen-Dennis,U.S.A,1-10,06/04/2023,Referral
2188,"Meadows, Robles and Anderson",Bharat,11-50,10/17/2023,Meta Ads
2189,Solis LLC,AU,1-10,16/09/2023,LinkedIn Ads
2190,Yates-Manning,United States,1-10,06/01/2024,Organic Search
2191,"Crane, James and Ross",United States,,2025-12-05,LinkedIn Ads
2192,Allen Group,United Kingdom,11-50,27-Oct-2025,LinkedIn Ads
2193,Price Group,Britain,1-10,2025-08-21,Organic Search
2194,Holland-Best,IN,11-50,2024-04-29,Referral
2195,Martinez Group,Britain,11-50,13-Nov-2023,Organic Search
2196,Fitzgerald-Dorsey,US,51-200,04/20/2023,Direct
2197,"Munoz, Howard and Davis",United States,11-50,30/12/2023,Organic Search
2198,Hunt-Burns,USA,1-10,02/05/2023,Meta Ads
2199,Alvarez-Hart,Bharat,51-200,10/12/2025,Google Ads
2200,Davis-Henderson,Bharat,51-200,2023-09-17,Organic Search
2201,Austin-Hamilton,USA,201-1000,24/03/2024,Google Ads
2202,Davis-Palmer,India,11-50,2024-05-14,Google Ads
2203,Rhodes-Holland,United Kingdom,1-10,13-Apr-2025,Google Ads
2204,"Moore, Simpson and Soto",Bharat,201-1000,2024-04-17,LinkedIn Ads
2205,"Miller, Mcdonald and Miller",India,51-200,2023-09-28,Organic Search
2206,Evans-Joyce,United Kingdom,,19/08/2025,Referral
2207,"Leach, Skinner and Mills",United States,1-10,06/23/2024,Direct
2208,Carroll-Arnold,USA,51-200,2023-06-16,Google Ads
2209,Palmer PLC,US,51-200,2025-05-05,Direct
2210,Gutierrez-Marshall,U.S.A,1-10,10-Nov-2023,LinkedIn Ads
2211,"Carroll, King and Scott",U.K.,51-200,07-Sep-2024,LinkedIn Ads
2212,Mack Inc,India,11-50,05/04/2024,Meta Ads
2213,Yang Group,UK,11-50,12/12/2023,LinkedIn Ads
2214,Hartman Group,U.S.A,201-1000,09-Oct-2023,Organic Search
2215,Edwards-Ramsey,USA,51-200,07/27/2023,Referral
2216,"Cole, Morton and Peterson",Canada,1-10,2025-04-14,Google Ads
2217,"Hendrix, Green and Nunez",Bharat,1-10,17/02/2025,Google Ads
2218,Ferguson-Smith,IN,1000+,01/08/2025,
2219,Stevens-Sullivan,US,201-1000,19-Feb-2024,
2220,"Church, Guzman and Tucker",AU,11-50,10/19/2025,Meta Ads
2221,"Li, Jensen and Vazquez",IN,11-50,04-Jul-2024,Referral
2222,"Leonard, Ballard and Miller",Bharat,201-1000,11/18/2024,Meta Ads
2223,Horton and Sons,CA,11-50,2025-03-15,Organic Search
2224,Santos Group,U.K.,1-10,2023-09-17,Meta Ads
2225,"Garrison, Ryan and Miller",U.K.,1-10,06-Nov-2025,Meta Ads
2226,Hernandez-Henderson,IN,11-50,19/02/2025,Referral
2227,Martin and Sons,US,1-10,07/10/2023,Referral
2228,"Park, Maynard and Ruiz",US,1000+,18/04/2023,Direct
2229,Richards-Harris,India,51-200,2025-04-30,Meta Ads
2230,"Gallegos, Myers and Cook",Britain,51-200,2024-03-26,LinkedIn Ads
2231,Mccoy Ltd,United States,201-1000,2025-10-12,Referral
2232,Petty-Allison,U.S.A,201-1000,09-Jul-2023,Organic Search
2233,"Lane, Simon and Duarte",India,201-1000,06/05/2025,LinkedIn Ads
2234,Freeman Group,U.S.A,11-50,2024-02-02,Google Ads
2235,"Garza, Carr and Gregory",IN,201-1000,11/30/2024,Referral
2236,Hall-Brown,U.S.A,51-200,30-Mar-2025,
2237,Henderson LLC,Canada,51-200,01-Jan-2025,
2238,"Brown, Orozco and Butler",United States,1-10,16/03/2023,Google Ads
2239,Wilson-Dean,USA,11-50,16-Oct-2024,Referral
2240,"Reed, Terry and Smith",United States,51-200,21/03/2024,LinkedIn Ads
2241,Barber-Harrison,Canada,1-10,09/07/2023,Organic Search
2242,Hall-Robinson,United States,11-50,17/01/2024,Organic Search
2243,"Morgan, Guzman and Kirby",Bharat,51-200,22/12/2024,Referral
2244,"Mcdonald, Ware and Sharp",U.S.A,51-200,2024-04-09,Google Ads
2245,Moyer-Whitaker,U.S.A,51-200,30-Mar-2024,Google Ads
2246,"Delgado, Ward and Kennedy",CA,1-10,24/03/2025,
2247,Howell LLC,U.S.A,51-200,2023-09-05,Referral
2248,"Curry, Estrada and Anderson",U.S.A,1-10,13/09/2023,Google Ads
2249,Leon Group,AU,51-200,01/10/2024,Direct
2250,Young-Hawkins,CA,201-1000,29-Dec-2025,Referral
2251,Howard LLC,USA,1000+,2024-03-19,Direct
2252,Rhodes-Thompson,Bharat,1-10,21/08/2024,Google Ads
2253,"Johnson, Brown and Jordan",Bharat,1-10,13-Jan-2024,Direct
2254,"Perez, Hoffman and Tucker",United States,1-10,08/03/2025,Referral
2255,Glover-Hammond,United States,1-10,24/12/2025,Meta Ads
2256,"Adams, Hernandez and Vaughn",US,201-1000,14-Apr-2024,Direct
2257,"Munoz, Garcia and Williams",United States,51-200,26-Mar-2024,Google Ads
2258,Lloyd-Estes,India,51-200,08/27/2025,Meta Ads
2259,Villegas PLC,US,11-50,29-May-2024,Referral
2260,"Casey, Meza and Colon",US,1-10,28-May-2023,Referral
2261,Romero and Sons,United States,11-50,08-Feb-2025,Google Ads
2262,"Wilson, Harris and Ward",Australia,,04/09/2025,Referral
2263,"Carter, Alexander and Hunter",India,1-10,13/10/2025,Organic Search
2264,"Harrell, Moore and Cox",Britain,11-50,04/06/2025,
2265,Montes-Hammond,USA,11-50,23/05/2025,LinkedIn Ads
2266,Sanchez Group,U.S.A,11-50,02/27/2023,Meta Ads
2267,Mitchell-Jackson,IN,1-10,22-Dec-2024,Organic Search
2268,Watson-Fischer,United States,1-10,21-Feb-2025,Google Ads
2269,Soto-Sanchez,United States,1-10,24-Oct-2023,Google Ads
2270,"Fisher, Perez and Pham",Britain,1000+,07/11/2024,Organic Search
2271,Hardin-Villanueva,United States,1-10,01/03/2023,Direct
2272,"Norton, Cox and Johnson",U.K.,11-50,06/07/2025,Direct
2273,Carrillo Ltd,US,51-200,05/23/2025,
2274,"Acevedo, Miller and Edwards",US,11-50,03/27/2024,Google Ads
2275,Hamilton Group,IN,1-10,06/22/2025,Referral
2276,Keller Ltd,USA,51-200,12-Apr-2023,Organic Search
2277,Orr Inc,USA,11-50,05-Aug-2025,Google Ads
2278,"Whitney, Lloyd and Liu",Bharat,11-50,17/11/2024,Meta Ads
2279,Barnes-Blackwell,US,201-1000,20-Jun-2024,Direct
2280,"Spencer, Torres and Newton",IN,11-50,06/09/2023,Direct
2281,Smith-Ramirez,AUS,11-50,07/18/2024,Meta Ads
2282,"Bishop, Thomas and Powell",USA,1-10,10/27/2023,Organic Search
2283,"Harris, Stephens and Kramer",India,11-50,2025-12-27,Referral
2284,"Ramos, Reed and Cain",United States,1000+,17/01/2023,
2285,"Sullivan, Gonzalez and Turner",U.S.A,11-50,30-Mar-2023,Meta Ads
2286,Medina Group,IN,1-10,2025-01-28,Referral
2287,"Higgins, Hobbs and Meyer",United States,1-10,10/09/2024,LinkedIn Ads
2288,"Campbell, Davis and Arnold",India,51-200,22/04/2023,Google Ads
2289,"Peterson, Reid and Johnson",India,1-10,08/03/2025,Meta Ads
2290,"Vargas, Allen and Schroeder",US,1000+,23/08/2025,Organic Search
2291,"Henderson, Wagner and Dennis",CA,11-50,08/01/2025,Google Ads
2292,Green-Romero,USA,1-10,01/29/2025,Google Ads
2293,West PLC,USA,201-1000,03/10/2023,Google Ads
2294,"Smith, Morgan and Young",United States,1-10,02/08/2023,Organic Search
2295,"Zhang, Cunningham and Kline",Bharat,1-10,27/02/2023,Referral
2296,"Wade, Richard and Hall",U.K.,51-200,2025-02-20,Direct
2297,Mitchell-Glover,IN,201-1000,16-Jun-2025,Google Ads
2298,"Armstrong, Taylor and Gray",US,1-10,2023-04-30,LinkedIn Ads
2299,"Wright, Murphy and Aguilar",US,11-50,14/05/2025,Google Ads
2300,Gibson-Thomas,USA,1000+,01/12/2025,Organic Search
2301,Poole-Miller,United States,,03/17/2024,Google Ads
2302,Coleman and Sons,United Kingdom,51-200,2023-09-09,LinkedIn Ads
2303,Lewis-Miller,Britain,51-200,18/10/2023,Organic Search
2304,"Fox, Chapman and Stone",Australia,,22/12/2023,Meta Ads
2305,Wiggins-Silva,CA,1-10,25/09/2025,Google Ads
2306,"Henderson, Alexander and Galvan",US,1-10,2025-07-27,Direct
2307,Dennis-Butler,USA,,12/01/2023,Google Ads
2308,Dawson-Anderson,AU,201-1000,2025-04-27,Meta Ads
2309,"Palmer, Rice and Benson",AUS,1-10,11/10/2025,Meta Ads
2310,Kennedy-Francis,Canada,11-50,02/03/2025,LinkedIn Ads
2311,"Wood, Crane and Guzman",IN,1-10,2023-10-31,Referral
2312,Rodriguez-Wood,AU,11-50,03/12/2024,Referral
2313,Williams-Hernandez,CA,11-50,25/05/2024,
2314,Torres-Brooks,United States,1000+,26/06/2023,Google Ads
2315,Tucker-Moody,Bharat,,2025-05-01,Organic Search
2316,Bowers Group,United Kingdom,1-10,19/09/2025,Google Ads
2317,Zuniga LLC,US,1-10,12/27/2024,Meta Ads
2318,Lewis-Fuentes,USA,201-1000,10/19/2023,Direct
2319,Smith-Kelley,United States,201-1000,08-Jan-2025,Google Ads
2320,Harrell Group,IN,51-200,22/02/2025,Google Ads
2321,Berry-Knight,US,1-10,08/25/2024,Referral
2322,Harrington-Alvarez,U.K.,1-10,01/25/2023,Google Ads
2323,"Bass, Anderson and Taylor",Bharat,1-10,12/16/2024,Referral
2324,"Murray, Cole and Cole",UK,11-50,24-Mar-2025,Organic Search
2325,"Nguyen, Marsh and Beck",U.K.,11-50,14-Jan-2024,LinkedIn Ads
2326,Hughes-Mccullough,United Kingdom,1-10,06/05/2025,Meta Ads
2327,Weaver-Rubio,US,1-10,11/19/2023,Meta Ads
2328,Fitzgerald-Brewer,USA,1-10,12/10/2024,Organic Search
2329,"Hogan, Zimmerman and Hoffman",UK,1-10,16/04/2025,Organic Search
2330,Schneider Inc,U.S.A,1-10,05-Jun-2023,Meta Ads
2331,Friedman PLC,USA,1-10,08/08/2023,
2332,"Todd, Bernard and Boyd",India,51-200,12/05/2023,Google Ads
2333,Shaw-Smith,IN,11-50,29/08/2024,Direct
2334,"Mayer, White and Smith",AU,11-50,2025-05-04,
2335,"Wallace, Roman and Lawson",U.K.,11-50,2023-04-30,Direct
2336,Chapman-Henry,U.S.A,11-50,12/30/2023,LinkedIn Ads
2337,Morgan and Sons,US,1-10,12/02/2025,Organic Search
2338,Johnson-Rice,Bharat,11-50,2023-09-01,Organic Search
2339,Scott-Wilson,Bharat,51-200,2025-06-12,
2340,Weaver LLC,USA,11-50,2024-06-02,Referral
2341,White Inc,U.S.A,51-200,11-Nov-2023,LinkedIn Ads
2342,"Jackson, Mendez and Nguyen",United Kingdom,11-50,26/11/2023,
2343,Reeves LLC,AUS,1-10,2025-04-19,
2344,Garcia-Thomas,USA,11-50,2023-11-27,Google Ads
2345,Scott-David,United States,51-200,2024-10-30,Meta Ads
2346,"Willis, Vasquez and Goodwin",Canada,51-200,2025-05-05,Organic Search
2347,Avery-Adams,U.S.A,51-200,29/12/2025,Google Ads
2348,Marshall-Russell,Australia,201-1000,28/02/2024,LinkedIn Ads
2349,Johnson-Schultz,U.S.A,201-1000,04/14/2025,Google Ads
2350,"Garcia, Hines and Pearson",U.S.A,1-10,2023-08-03,Organic Search
2351,Miller-Fields,USA,201-1000,16/02/2024,Organic Search
2352,Patton and Sons,USA,51-200,2025-08-02,Organic Search
2353,Fernandez-Jackson,Britain,11-50,06-Oct-2025,Organic Search
2354,"Hayes, Smith and Marshall",Australia,11-50,13-Jan-2023,Direct
2355,"Roberts, Stanton and Smith",United States,11-50,2023-09-18,LinkedIn Ads
2356,Nelson-King,U.S.A,11-50,28/12/2025,LinkedIn Ads
2357,"James, Bell and Chen",India,51-200,11/05/2023,Meta Ads
2358,"Pittman, Campbell and Martin",Bharat,11-50,25/12/2024,Google Ads
2359,"Hart, Turner and Foster",USA,,12-Jul-2024,Organic Search
2360,Rivas Ltd,AU,11-50,02/16/2023,Organic Search
2361,"Lutz, Johns and Clark",U.K.,51-200,2023-05-09,
2362,"Bernard, Flores and Fleming",Britain,51-200,20-Sep-2024,LinkedIn Ads
2363,Reid-Petty,United Kingdom,1-10,11/08/2025,Organic Search
2364,"Chavez, Sanchez and Bird",U.K.,11-50,2025-07-27,Organic Search
2365,Clark-Haley,CA,,12/29/2025,Meta Ads
2366,Smith-Holt,AUS,,12/17/2023,Referral
2367,"Nielsen, Lynch and Smith",U.S.A,,16-Aug-2024,Direct
2368,Chambers Group,U.K.,,04/01/2025,Referral
2369,"Woodard, Warner and Farmer",Australia,11-50,11/06/2024,Organic Search
2370,"Miller, Mcdowell and Curtis",United States,,12/12/2024,Referral
2371,"Johnson, Collier and Powers",India,1-10,04/07/2023,Google Ads
2372,"Martinez, Stanton and Bennett",US,1-10,21-Feb-2024,Direct
2373,"Howard, Thompson and Tate",India,1000+,06/16/2025,Organic Search
2374,"Terrell, Martinez and Wood",Britain,51-200,2023-02-09,LinkedIn Ads
2375,Wallace and Sons,USA,,25-May-2025,Organic Search
2376,"Smith, Campbell and Morse",US,11-50,27-Sep-2023,Direct
2377,Lee-Velasquez,CA,1-10,05/02/2025,Direct
2378,"Turner, Robbins and Young",US,201-1000,12/06/2025,Google Ads
2379,Coffey-Johnson,Canada,11-50,13-Sep-2023,Meta Ads
2380,Conway-Mann,United Kingdom,11-50,13-Jun-2024,LinkedIn Ads
2381,Rodriguez-Ramirez,USA,1-10,14/06/2025,Google Ads
2382,"Snyder, Arnold and Keller",U.S.A,1000+,17/06/2023,Meta Ads
2383,"Chambers, Morrison and Thompson",Bharat,1-10,2023-04-26,Google Ads
2384,"Anderson, Brown and Green",Canada,1-10,08/25/2025,Referral
2385,"Foley, Ibarra and Daniel",US,11-50,19-May-2024,Organic Search
2386,Lee-Gregory,US,51-200,12/15/2023,Meta Ads
2387,"Byrd, Mendez and Becker",US,11-50,2025-09-28,Google Ads
2388,Smith-Simmons,United Kingdom,1-10,01/13/2025,Google Ads
2389,"Hahn, Williams and Mcmillan",US,11-50,15-Mar-2024,Google Ads
2390,Richard-Russell,U.S.A,11-50,01/09/2023,Meta Ads
2391,Frazier Group,USA,1-10,2023-03-17,LinkedIn Ads
2392,Ward-Blake,Britain,201-1000,20/06/2023,Google Ads
2393,"Walker, Ramirez and Fisher",United Kingdom,11-50,2025-11-16,LinkedIn Ads
2394,Stewart-Myers,USA,11-50,09/09/2025,Google Ads
2395,Miller-Armstrong,United States,1-10,03/10/2024,LinkedIn Ads
2396,Mooney and Sons,Canada,,2025-09-15,Referral
2397,"Coleman, Jones and Wright",U.S.A,1-10,01/21/2024,Referral
2398,Murphy Inc,India,11-50,03/25/2025,Google Ads
2399,"Garrett, Johnson and Reynolds",US,11-50,2025-02-09,LinkedIn Ads
2400,Watkins Ltd,India,11-50,09/04/2023,Organic Search
2401,Pittman-Wright,AU,1-10,28-Nov-2024,Organic Search
2402,Allen-Peterson,Canada,11-50,08/26/2024,Organic Search
2403,Underwood PLC,Britain,11-50,16-Dec-2023,Referral
2404,Harding PLC,Bharat,51-200,2024-12-14,Google Ads
2405,"Gonzales, Davis and Griffin",United States,51-200,2025-06-22,LinkedIn Ads
2406,Bennett Ltd,AUS,11-50,2025-12-19,Organic Search
2407,Patton Inc,U.K.,1-10,19-Dec-2025,Direct
2408,Brown-Bishop,India,11-50,2025-05-21,Referral
2409,Jones-Byrd,USA,1-10,2023-03-02,LinkedIn Ads
2410,"Williams, Horn and Morales",Bharat,11-50,18-May-2024,
2411,"Walton, Hall and Greene",United Kingdom,51-200,08/12/2023,LinkedIn Ads
2412,"Hanson, Chavez and Marshall",Britain,11-50,16-May-2025,Google Ads
2413,Hobbs-Harvey,Bharat,51-200,12-Feb-2023,LinkedIn Ads
2414,Curtis-Lowe,U.S.A,51-200,2023-02-10,Google Ads
2415,Gibson LLC,USA,1-10,08/29/2025,Organic Search
2416,"Lee, Garcia and Larson",United States,1-10,2025-12-23,LinkedIn Ads
2417,Watkins and Sons,US,201-1000,2023-05-05,Meta Ads
2418,"Martinez, Hicks and Kelly",CA,11-50,26-Feb-2024,
2419,Hardy-Wallace,Britain,1-10,17-May-2024,Google Ads
2420,Anderson PLC,Britain,11-50,05-Jul-2023,Direct
2421,Palmer-Pearson,AUS,11-50,2024-05-05,Organic Search
2422,Collins-Mcclure,US,,19/05/2024,Organic Search
2423,"Cooper, Wood and Smith",UK,1-10,07/24/2025,Google Ads
2424,"Sandoval, Thomas and Young",U.K.,1-10,2024-05-25,LinkedIn Ads
2425,"Trevino, Henderson and Gonzalez",AU,1-10,24-Apr-2025,Referral
2426,Davidson and Sons,India,11-50,16-Nov-2024,Referral
2427,Neal-Holden,US,1-10,12/09/2023,Organic Search
2428,"Schwartz, Christian and Knight",USA,11-50,2025-09-23,LinkedIn Ads
2429,Jensen-Barnes,US,11-50,08/07/2024,LinkedIn Ads
2430,Robinson-Smith,CA,11-50,2023-04-02,LinkedIn Ads
2431,Steele Group,UK,11-50,01-Nov-2025,Referral
2432,"Lewis, Castillo and Tate",AUS,201-1000,08/18/2023,Google Ads
2433,Aguirre-Bennett,U.S.A,,2023-09-10,Referral
2434,Lopez-Fritz,IN,,08/07/2024,Referral
2435,Smith-Howard,United Kingdom,11-50,04/11/2025,LinkedIn Ads
2436,"Wilson, Roberts and Lee",India,,08/04/2025,LinkedIn Ads
2437,"Durham, Ward and Hester",Bharat,11-50,01/26/2023,Google Ads
2438,Gonzalez and Sons,Canada,11-50,19-Sep-2023,Meta Ads
2439,Mcclure Ltd,USA,201-1000,04/21/2024,Organic Search
2440,Cameron Inc,US,1-10,26-Jul-2024,Google Ads
2441,Decker and Sons,USA,1-10,2023-11-23,Direct
2442,Pena-Dyer,U.S.A,1-10,09/25/2024,Organic Search
2443,Boyle-Torres,U.S.A,51-200,06/11/2023,Direct
2444,"Jackson, Rose and Lloyd",US,1000+,2023-06-10,Referral
2445,"Keith, Johns and Jones",USA,11-50,20/12/2023,
2446,Andrade and Sons,U.S.A,51-200,07/23/2023,Google Ads
2447,"Brooks, Greene and Rowland",UK,,25/04/2023,Google Ads
2448,Mccall PLC,U.S.A,1-10,2023-10-05,Meta Ads
2449,"Lopez, Nichols and Clarke",U.S.A,11-50,01-Sep-2025,Google Ads
2450,Wright-Soto,Canada,51-200,2023-02-23,Google Ads
2451,Salas-York,India,1-10,11/25/2023,Google Ads
2452,"Blackwell, Clark and Miller",AU,,09-Mar-2025,Google Ads
2453,Gibbs-Mendez,AU,51-200,26/07/2024,Referral
2454,Romero Ltd,United Kingdom,51-200,28/08/2025,LinkedIn Ads
2455,"Brooks, Stone and White",AUS,201-1000,2024-08-23,Direct
2456,"Brooks, Neal and Baldwin",India,1-10,23/10/2023,Google Ads
2457,Wells-Perkins,Canada,1-10,10/07/2024,Referral
2458,"Morse, Silva and Johnson",United States,51-200,02/03/2024,LinkedIn Ads
2459,Jacobson Group,CA,1-10,2025-04-17,LinkedIn Ads
2460,Foster LLC,Canada,201-1000,2024-07-07,Referral
2461,Oneal-Duncan,USA,1-10,2023-08-05,Organic Search
2462,Scott-Miller,U.S.A,1000+,04/08/2025,Organic Search
2463,Phillips PLC,U.S.A,51-200,2025-11-18,Google Ads
2464,Hall-Williams,U.K.,11-50,2024-09-30,Google Ads
2465,"Oliver, Simmons and Mcdonald",Canada,11-50,08-Mar-2023,Organic Search
2466,Richardson-Jimenez,U.S.A,201-1000,19/12/2025,Referral
2467,Reyes-White,AUS,1-10,2024-04-16,Meta Ads
2468,Baker Inc,United Kingdom,11-50,03/04/2024,LinkedIn Ads
2469,Valenzuela-Phillips,India,1-10,11/12/2023,Google Ads
2470,"Hunt, Schneider and Hartman",AUS,1-10,2024-11-04,
2471,Johnson-Gonzalez,Britain,51-200,2024-05-24,Organic Search
2472,Leonard LLC,India,11-50,23-Nov-2025,Referral
2473,Mcgee-Mack,United States,11-50,17/02/2023,Referral
2474,Lee-Munoz,Australia,1-10,10/09/2025,LinkedIn Ads
2475,Murillo Ltd,Bharat,11-50,2023-04-02,LinkedIn Ads
2476,"Daniels, Green and Carrillo",CA,,10-Sep-2025,
2477,Short-Logan,India,1-10,2025-06-08,Google Ads
2478,Bautista-Underwood,Canada,1-10,13-Oct-2024,Organic Search
2479,"Smith, Valdez and Hays",U.K.,1000+,2023-11-04,Google Ads
2480,Grimes and Sons,USA,51-200,10/25/2024,Meta Ads
2481,Cummings and Sons,CA,11-50,03/08/2024,Organic Search
2482,Hall-Matthews,India,11-50,30/04/2023,
2483,"Todd, Sharp and Murray",Bharat,51-200,07/07/2023,Google Ads
2484,Edwards and Sons,U.K.,1-10,2023-01-03,Referral
2485,Carrillo-Wolfe,U.K.,11-50,10/06/2023,Referral
2486,Gonzales PLC,USA,1000+,2024-12-06,Google Ads
2487,Brooks PLC,Canada,1-10,10/11/2024,
2488,Torres Ltd,IN,11-50,2024-12-09,Meta Ads
2489,Porter Ltd,USA,,24/03/2024,LinkedIn Ads
2490,Morgan-Barnes,Britain,1-10,27/06/2023,Organic Search
2491,"Goodwin, Farmer and Vaughn",Britain,11-50,21-May-2023,Google Ads
2492,Nguyen-Johnson,U.S.A,51-200,10-Jun-2025,Google Ads
2493,Weeks and Sons,United States,51-200,17/09/2024,Referral
2494,Carroll-Lloyd,AUS,51-200,2025-02-23,Google Ads
2495,"Berry, Myers and James",USA,11-50,09/25/2024,Google Ads
2496,Brown-Hughes,U.S.A,1-10,31/12/2025,Direct
2497,Rodriguez-Hudson,AU,11-50,01/11/2024,Direct
2498,Fowler-Torres,CA,201-1000,11/09/2023,Meta Ads
2499,"Burns, Lopez and Jones",AUS,11-50,06/24/2025,Referral
2500,Campbell-Hall,AU,11-50,2023-11-23,
2501,"Warren, Gibson and Wood",AUS,11-50,22-Oct-2025,Direct
2502,Moore-Rodriguez,Australia,1-10,21/09/2024,Organic Search
2503,"Barnes, Paul and Price",Canada,1-10,27-Jun-2023,Organic Search
2504,Anderson and Sons,US,1-10,2023-12-19,Meta Ads
2505,Reynolds-Mckinney,India,51-200,06/10/2025,LinkedIn Ads
2506,Moore-Andrews,U.S.A,1-10,23/04/2024,Meta Ads
2507,Matthews-Shaw,Bharat,1-10,11/24/2025,Referral
2508,"Stevens, Harris and Ritter",United States,51-200,12/12/2024,Referral
2509,Brown-Ross,AUS,1-10,28/09/2024,Organic Search
2510,Stevens-Johnston,Australia,1-10,02/04/2025,Organic Search
2511,"Davis, Lucas and Ellison",United Kingdom,11-50,31/10/2025,
2512,Graves-Dawson,U.S.A,,12-Apr-2023,
2513,Myers-Colon,CA,1-10,08/28/2023,Referral
2514,Perry and Sons,Bharat,1-10,29/04/2025,Organic Search
2515,"Quinn, Ellis and Bartlett",IN,51-200,04/15/2023,Meta Ads
2516,Hale Inc,AUS,201-1000,16-Jan-2025,Organic Search
2517,Hale-Williams,USA,1-10,09/02/2023,Direct
2518,"Carter, Hendricks and Wolfe",United Kingdom,1-10,08/23/2025,LinkedIn Ads
2519,"Barrera, Kerr and Jenkins",U.S.A,11-50,08/05/2023,Organic Search
2520,"Martinez, Wood and Campos",Canada,201-1000,09/23/2023,Organic Search
2521,"Miranda, Nguyen and Hayes",U.S.A,11-50,09/05/2023,
2522,Clark-Williams,United Kingdom,,15-Jan-2023,Meta Ads
2523,"Brady, James and Reese",IN,1-10,22/10/2025,Google Ads
2524,Sanders Inc,India,201-1000,03/12/2024,Direct
2525,Wilson-Stark,Britain,11-50,2025-02-22,Referral
2526,Santiago-Marshall,U.S.A,1-10,31-Dec-2024,Organic Search
2527,Jones-Kelley,India,1-10,03/07/2023,Organic Search
2528,Reeves Group,United States,201-1000,10-Sep-2025,Google Ads
2529,Ruiz LLC,Australia,51-200,31/07/2024,Organic Search
2530,"Garcia, Phillips and Nichols",U.K.,,08/22/2024,Google Ads
2531,Jackson-Powers,India,1-10,2023-02-01,Google Ads
2532,Byrd and Sons,US,51-200,05-Mar-2025,LinkedIn Ads
2533,Howard-Robinson,United States,1-10,07/11/2023,Google Ads
2534,Stafford PLC,UK,11-50,2025-10-01,Referral
2535,Ramos Inc,USA,1-10,2024-11-21,Referral
2536,"Cain, Davidson and Moran",CA,51-200,11/05/2024,Google Ads
2537,Myers LLC,U.K.,1-10,01/11/2025,
2538,Williams-Smith,U.S.A,1-10,08-Feb-2023,Referral
2539,Wang-Mcfarland,IN,11-50,08/05/2025,Google Ads
2540,Kerr-Gonzalez,U.S.A,11-50,08/09/2023,Referral
2541,Fisher Inc,United Kingdom,1-10,19/03/2024,Meta Ads
2542,Hoover-Frazier,AUS,51-200,30/05/2023,LinkedIn Ads
2543,Walker Inc,USA,1-10,20/12/2023,Referral
2544,"Jackson, Jackson and Perry",Australia,51-200,23/11/2025,Direct
2545,Ochoa LLC,U.S.A,1-10,28-Feb-2024,Direct
2546,"Sims, Weber and Villa",U.S.A,11-50,09/01/2025,Google Ads
2547,Mcmillan-Martinez,IN,,04/17/2023,Organic Search
2548,"Hanson, Williams and Mcclure",UK,1-10,2023-12-28,Meta Ads
2549,Turner-George,United States,201-1000,12/10/2025,Organic Search
2550,Marquez PLC,IN,,09-Jul-2025,Meta Ads
2551,King Inc,United Kingdom,11-50,28-Aug-2025,Referral
2552,"Nguyen, Mccoy and Price",United States,1-10,02/26/2023,Referral
2553,"Anderson, Thompson and Gill",U.S.A,,24/09/2023,Google Ads
2554,"Stewart, York and Olson",United Kingdom,51-200,2023-06-03,Referral
2555,Smith-Barr,Canada,1-10,16-May-2025,Referral
2556,Reyes-Davidson,US,11-50,04/07/2025,Google Ads
2557,Gordon Ltd,Canada,11-50,02/29/2024,Referral
2558,Hall PLC,Canada,1000+,07/15/2023,Referral
2559,Todd-Harvey,Australia,11-50,2025-05-14,Referral
2560,Harris-Bennett,Canada,201-1000,2025-03-30,LinkedIn Ads
2561,"Johnson, Mclean and George",CA,1-10,11-Feb-2024,LinkedIn Ads
2562,Stevenson-Murphy,USA,201-1000,08/20/2023,LinkedIn Ads
2563,Stewart-Buchanan,Canada,1000+,31-Mar-2024,Google Ads
2564,Meyer Group,US,1-10,10/27/2024,Organic Search
2565,"Hess, Christensen and Perez",IN,11-50,01/05/2024,Google Ads
2566,"Rivera, Allen and Ryan",United States,1000+,09/03/2024,Organic Search
2567,"Mcneil, Solis and Horton",IN,11-50,20-Mar-2025,Referral
2568,Franklin Group,USA,1-10,2025-09-28,
2569,"Morris, Ramos and Smith",Britain,51-200,09/09/2024,LinkedIn Ads
2570,Jones-Lee,Australia,1-10,14/12/2023,Google Ads
2571,"Braun, Mays and Martinez",UK,51-200,17/01/2024,Direct
2572,Romero Group,IN,11-50,14/06/2024,Direct
2573,"Mcdonald, Martin and Gonzalez",USA,1-10,2024-05-21,Google Ads
2574,Thompson-Wright,US,1-10,09/11/2024,Direct
2575,Ray-Faulkner,CA,,03-Nov-2024,Organic Search
2576,Nelson Group,India,51-200,01/02/2024,Google Ads
2577,Tapia LLC,USA,,23/05/2025,Referral
2578,Gray-Ruiz,US,,07/07/2024,Referral
2579,Wagner-Moss,USA,1-10,04/26/2023,Google Ads
2580,Weiss Group,U.K.,1-10,23-Jul-2024,Direct
2581,Gill Group,Bharat,201-1000,21/02/2024,Meta Ads
2582,Blake LLC,U.S.A,51-200,05/06/2023,Google Ads
2583,"Medina, Tran and Thompson",CA,1-10,27-Aug-2025,Organic Search
2584,Ford-Chavez,USA,201-1000,2023-02-22,LinkedIn Ads
2585,Hart-Castillo,USA,201-1000,27/12/2025,
2586,Taylor-Harrison,India,51-200,25-Dec-2024,Referral
2587,Hendricks Inc,USA,11-50,07/25/2023,Google Ads
2588,Hensley Ltd,Britain,1-10,14-Oct-2023,Organic Search
2589,"Brooks, Sullivan and Perry",Australia,11-50,11-Jul-2023,Google Ads
2590,Waller-Brooks,Bharat,11-50,08/13/2023,Organic Search
2591,Parker-Archer,Britain,11-50,06/10/2025,Referral
2592,Ortiz Inc,Bharat,11-50,30-May-2025,
2593,Wise-Walton,U.K.,1-10,06-Jun-2025,Referral
2594,Hicks-Burns,Bharat,51-200,01/29/2024,LinkedIn Ads
2595,"Richardson, Brown and Cruz",IN,11-50,10/04/2023,Google Ads
2596,Fitzgerald-Allen,USA,1-10,12-Jan-2025,Google Ads
2597,Dorsey LLC,U.S.A,11-50,2023-12-12,
2598,"Mann, Johnson and Wade",U.K.,1-10,04/10/2025,Referral
2599,Green Group,US,11-50,05/01/2024,Google Ads
2600,"Hernandez, Wright and Lane",Canada,,08/11/2024,
2601,"Skinner, Smith and Wise",U.S.A,1-10,23-Mar-2023,Meta Ads
2602,"Dawson, Cruz and Mccarthy",Australia,11-50,2025-01-09,Google Ads
2603,Stone and Sons,USA,1-10,03/06/2023,Referral
2604,Martin-Simmons,UK,1-10,03/10/2023,Referral
2605,"Turner, Ponce and Barrett",United States,11-50,2023-04-06,Google Ads
2606,Willis-Gross,US,1-10,03/30/2025,Organic Search
2607,"Booth, Rodriguez and Armstrong",Canada,1-10,2025-03-11,Organic Search
2608,Olsen-Adams,UK,1-10,06/08/2025,Meta Ads
2609,Conrad Group,AU,1-10,2023-08-16,Referral
2610,"Parker, Benitez and Velasquez",Bharat,1-10,14/06/2024,Google Ads
2611,Warren-Pena,IN,1-10,12/15/2024,Referral
2612,"Jordan, Thompson and Lopez",U.S.A,11-50,2025-03-06,LinkedIn Ads
2613,"Fry, Hayes and Olsen",UK,11-50,05/29/2024,Google Ads
2614,Lamb and Sons,AUS,201-1000,2024-11-02,
2615,Bird-Savage,AUS,,22/01/2024,Organic Search
2616,Sims-Weber,U.K.,1-10,01-Jul-2024,LinkedIn Ads
2617,"Martin, Carter and Gray",Bharat,11-50,07-Mar-2025,
2618,Brown-Johnson,AU,51-200,2025-01-27,Meta Ads
2619,Woods Ltd,U.S.A,1-10,2023-12-21,
2620,Ortega Inc,Canada,1-10,25-Nov-2024,Referral
2621,Morrison-Hatfield,U.S.A,1-10,2024-07-24,Referral
2622,Frederick-Kennedy,UK,11-50,09/03/2025,Meta Ads
2623,Munoz-Rogers,IN,11-50,03/30/2024,Direct
2624,"Wu, Key and Montoya",U.S.A,11-50,06/18/2023,LinkedIn Ads
2625,Ortega-Gray,U.S.A,1-10,2025-08-15,Referral
2626,Hester LLC,US,11-50,2023-06-28,Referral
2627,Hardy-Barron,U.S.A,11-50,2023-12-08,Google Ads
2628,"Ramirez, Lyons and Briggs",Bharat,1-10,02/27/2025,Direct
2629,Hayes-Parks,United States,51-200,11/04/2024,LinkedIn Ads
2630,Robertson-Keller,U.S.A,,2025-09-16,Organic Search
2631,Andersen LLC,UK,51-200,10-Jan-2024,LinkedIn Ads
2632,"Nguyen, Wallace and Lawson",Bharat,51-200,03/02/2023,LinkedIn Ads
2633,Stevenson-Bauer,U.K.,11-50,06/04/2023,Referral
2634,Patterson-Huynh,Bharat,,28-Oct-2025,Direct
2635,Hatfield-Vincent,AU,11-50,11-Sep-2024,Google Ads
2636,Navarro LLC,Bharat,51-200,05/15/2025,Referral
2637,"Lee, Thomas and Meyer",U.S.A,1-10,2024-02-26,Google Ads
2638,"Glover, Moran and Johnson",UK,51-200,08/11/2025,Google Ads
2639,Robles-Turner,UK,51-200,07/05/2025,Direct
2640,"Davies, Archer and Owens",Britain,11-50,01/13/2023,Referral
2641,Friedman-Olson,UK,1-10,03/03/2023,Organic Search
2642,"Allen, Lewis and Mullins",Canada,1000+,2024-05-01,Meta Ads
2643,"Graves, Garcia and Holder",US,11-50,07-May-2025,
2644,Miranda-Robinson,AUS,1-10,24-Jan-2024,Meta Ads
2645,Wade-Lynn,US,51-200,2024-05-17,Organic Search
2646,"Martinez, Taylor and Nichols",United Kingdom,,28-Apr-2025,Referral
2647,"Vasquez, Pope and Cook",Bharat,1-10,2023-08-22,Organic Search
2648,Huynh PLC,US,201-1000,10/18/2023,
2649,Schneider Group,India,1-10,2025-09-01,Organic Search
2650,"Paul, Hardy and Valdez",United Kingdom,,2024-02-21,Organic Search
2651,"Burch, Kim and Hall",Britain,11-50,04-Nov-2023,Organic Search
2652,Wilson-Miller,AU,51-200,30-Oct-2024,Google Ads
2653,Garner Inc,Canada,11-50,2025-08-14,
2654,"Richardson, Castaneda and Finley",IN,1-10,2023-08-14,
2655,"Mclaughlin, Collins and Lawrence",United Kingdom,11-50,05/06/2024,LinkedIn Ads
2656,Boone Group,US,1-10,28/07/2024,Meta Ads
2657,Wise-Salinas,IN,51-200,2025-12-04,Referral
2658,Meyer PLC,IN,1-10,2023-10-20,Organic Search
2659,"Walker, Foster and Medina",UK,11-50,04/01/2024,Google Ads
2660,Stewart-Cabrera,United Kingdom,11-50,26-May-2024,Organic Search
2661,Hood-Porter,US,51-200,30/09/2023,Referral
2662,Hernandez-Campbell,IN,11-50,07-Jun-2024,Google Ads
2663,"Ortega, Solis and Warner",IN,1000+,03/02/2023,Referral
2664,"Flores, Shaw and Barker",U.S.A,1-10,17/10/2025,Meta Ads
2665,Shea-Mccarthy,Canada,11-50,04/17/2024,Meta Ads
2666,Welch-Lewis,United States,11-50,22/09/2023,Meta Ads
2667,Padilla-Bennett,United States,1-10,09/06/2024,LinkedIn Ads
2668,Hernandez-Moran,U.S.A,1-10,26/03/2025,LinkedIn Ads
2669,"Michael, Walker and Fitzgerald",US,11-50,11/02/2025,Organic Search
2670,Gates Ltd,UK,1-10,03/17/2024,Organic Search
2671,Evans-Briggs,IN,,19-Jan-2024,Referral
2672,Ritter PLC,United Kingdom,201-1000,2025-12-07,Referral
2673,Rogers-Gregory,USA,,2023-06-23,
2674,Todd-Myers,United States,201-1000,2025-08-13,Google Ads
2675,"Acosta, Campbell and Leblanc",CA,201-1000,09/04/2024,Referral
2676,"Chase, Long and Anderson",United States,11-50,02/23/2024,Organic Search
2677,"Glenn, Brown and Michael",U.S.A,51-200,01/11/2024,Meta Ads
2678,Ellis-Martin,United States,11-50,05/11/2024,Organic Search
2679,Ramos Group,USA,11-50,2023-03-05,LinkedIn Ads
2680,Merritt-Clark,IN,1-10,2025-03-31,Direct
2681,"Gonzalez, Curtis and Cox",IN,11-50,03/04/2025,Referral
2682,"Garcia, Floyd and Garrison",India,11-50,07-Jul-2025,LinkedIn Ads
2683,Clements-Simmons,Canada,51-200,08/17/2024,Google Ads
2684,Howe Inc,USA,1-10,13-Oct-2024,Google Ads
2685,Mccann-White,Australia,1-10,01/27/2023,LinkedIn Ads
2686,"Morgan, Hamilton and Hernandez",CA,1-10,2023-05-08,Google Ads
2687,"Powell, Johnson and Allen",US,11-50,26/05/2023,LinkedIn Ads
2688,Turner-Carlson,USA,201-1000,2024-08-24,Meta Ads
2689,Delgado Group,IN,1-10,02/06/2025,Organic Search
2690,"Esparza, Lambert and Davis",United States,51-200,2023-01-11,LinkedIn Ads
2691,Hancock-Santos,Bharat,1000+,2023-03-11,Organic Search
2692,Chen-Wallace,UK,201-1000,07/12/2023,Organic Search
2693,Wilson Inc,Canada,,2023-05-31,Meta Ads
2694,Burns Ltd,India,201-1000,10/19/2024,LinkedIn Ads
2695,"Walker, Matthews and Archer",India,201-1000,2023-08-28,Google Ads
2696,Hill-Mcgee,USA,51-200,2023-01-26,Meta Ads
2697,"White, Washington and Newman",Canada,,11/03/2023,Referral
2698,Evans-Martinez,USA,1-10,23-Mar-2023,Meta Ads
2699,Brown-Stout,Bharat,,13/02/2023,LinkedIn Ads
2700,"Lopez, Hess and Smith",IN,1000+,05/07/2023,Meta Ads
2701,"Roth, Logan and Moreno",AU,1-10,04/29/2024,LinkedIn Ads
2702,Stone PLC,United States,201-1000,10/27/2025,Direct
2703,"Reeves, Tyler and Martinez",U.S.A,11-50,2023-03-29,Google Ads
2704,Sheppard Inc,U.K.,1-10,03/31/2024,Google Ads
2705,Atkins Ltd,United States,11-50,11/17/2024,Organic Search
2706,Martinez-Anderson,United States,11-50,17/08/2023,LinkedIn Ads
2707,Delgado Inc,US,,07-Apr-2024,LinkedIn Ads
2708,"Scott, Mullins and Miller",US,11-50,29/08/2024,Organic Search
2709,Hunter LLC,Canada,11-50,13-Jun-2023,
2710,"Jackson, Rowland and Barrett",Bharat,11-50,11/07/2024,Referral
2711,Turner PLC,Australia,1-10,23/05/2024,
2712,Hopkins-Wallace,Canada,,02/26/2025,LinkedIn Ads
2713,"Henry, Edwards and Bartlett",U.S.A,11-50,2025-11-24,Meta Ads
2714,Obrien-Dixon,USA,51-200,2025-06-07,Meta Ads
2715,"Garcia, Weiss and Young",IN,51-200,28/06/2024,
2716,Guzman and Sons,United Kingdom,1-10,04/12/2023,Organic Search
2717,"Howard, Anderson and Dean",US,1-10,11/25/2024,Google Ads
2718,Pierce LLC,IN,201-1000,2024-04-18,Organic Search
2719,Santos-Martin,U.S.A,1-10,03/30/2023,Direct
2720,Miller-King,CA,51-200,11-Jun-2024,Direct
2721,Bentley-Thomas,US,201-1000,2024-08-07,Google Ads
2722,Cowan-Terry,Bharat,1-10,08-Mar-2025,Meta Ads
2723,Klein PLC,IN,1-10,2025-04-11,Google Ads
2724,"Holland, Dixon and Martin",Britain,,04/18/2023,LinkedIn Ads
2725,Johnson-Munoz,U.S.A,1-10,13/10/2023,LinkedIn Ads
2726,Nelson PLC,IN,1-10,02-Feb-2023,Meta Ads
2727,Sutton Group,US,51-200,2024-02-12,Google Ads
2728,Blankenship-Strickland,United Kingdom,11-50,09/10/2024,
2729,Melton and Sons,US,1-10,2023-06-03,Organic Search
2730,Smith-Bennett,IN,1-10,01/18/2025,Organic Search
2731,Gray Inc,U.K.,1-10,07/31/2025,Direct
2732,Chapman-Roman,U.K.,11-50,08/04/2025,LinkedIn Ads
2733,Rice Ltd,US,1-10,2025-10-10,Organic Search
2734,"Grimes, Arnold and Lawson",U.S.A,51-200,04/11/2023,Direct
2735,Reed Ltd,Australia,1-10,27/06/2024,Google Ads
2736,"Faulkner, Schmidt and Wheeler",US,11-50,06/04/2025,Google Ads
2737,Woods-Anderson,USA,11-50,06/03/2024,
2738,Parks Ltd,USA,201-1000,19/03/2025,Referral
2739,Sandoval and Sons,U.S.A,201-1000,27-Aug-2025,Organic Search
2740,Bradley-Adams,India,1-10,2023-10-07,Google Ads
2741,"Fowler, Wood and Waters",USA,51-200,11-Apr-2024,Google Ads
2742,"Franklin, Mann and White",United Kingdom,1-10,11-Dec-2025,Organic Search
2743,Lindsey-Shaw,AUS,51-200,07/04/2024,Google Ads
2744,Cisneros-Meyer,United States,,02/18/2024,Google Ads
2745,"Keith, Cervantes and Torres",India,51-200,13/03/2024,Google Ads
2746,Meza Group,CA,11-50,2025-07-09,Google Ads
2747,Bruce-Walters,CA,51-200,03-Sep-2024,
2748,Blair Inc,U.S.A,1-10,12/03/2023,Meta Ads
2749,Johnston Inc,India,11-50,03/18/2023,
2750,"Mitchell, Noble and Stokes",U.S.A,51-200,27/08/2025,Meta Ads
2751,Hayden Group,United States,,30/05/2025,Google Ads
2752,"Romero, Cross and Castillo",AU,11-50,31-Dec-2024,Referral
2753,"Jennings, Rhodes and Patel",Canada,11-50,02/08/2024,Meta Ads
2754,Bartlett Ltd,USA,51-200,2025-09-19,Referral
2755,Klein Ltd,U.S.A,11-50,12-Mar-2023,Organic Search
2756,"Brady, Sanchez and Stevenson",UK,51-200,20/10/2023,Referral
2757,"Sutton, Williams and West",Bharat,201-1000,2024-06-10,Google Ads
2758,Craig PLC,India,11-50,2024-11-05,Organic Search
2759,Thompson LLC,India,11-50,11/07/2025,Organic Search
2760,Palmer Inc,AU,201-1000,14/09/2024,Meta Ads
2761,Simpson-Jackson,U.S.A,51-200,29/10/2025,Google Ads
2762,Morgan Ltd,Canada,11-50,24-Feb-2024,
2763,Evans-Carter,United States,51-200,26-Feb-2025,Direct
2764,"Long, Leblanc and Hickman",Britain,11-50,07/09/2024,Referral
2765,"Robertson, Barry and Walls",Bharat,1-10,03/03/2025,
2766,"Charles, Brown and Smith",U.S.A,1-10,2023-09-02,LinkedIn Ads
2767,Murphy-Gomez,USA,1-10,01/16/2023,Meta Ads
2768,Bailey Ltd,CA,51-200,19-Oct-2025,LinkedIn Ads
2769,Jordan and Sons,AUS,1000+,2023-07-24,Google Ads
2770,Rice and Sons,U.S.A,11-50,22-Nov-2024,Referral
2771,Martinez-Freeman,IN,11-50,27-May-2023,Meta Ads
2772,Hammond LLC,AUS,51-200,21/05/2023,Organic Search
2773,Diaz-Mcclain,Australia,11-50,17/02/2024,
2774,"Cain, Rodriguez and Gonzales",AUS,51-200,2023-03-27,LinkedIn Ads
2775,Martin-Gomez,AUS,1-10,2024-07-02,
2776,Smith-Stephenson,IN,11-50,10-Apr-2023,Organic Search
2777,"Gonzalez, Lopez and Williams",India,51-200,07/05/2024,Google Ads
2778,Fisher-Rivera,Britain,51-200,04/10/2023,Meta Ads
2779,Moyer-Bird,US,,12/14/2025,Meta Ads
2780,Fisher PLC,IN,,04/09/2024,Direct
2781,Marsh-Klein,United Kingdom,11-50,11/20/2024,Organic Search
2782,Potter-Deleon,US,1-10,2024-07-07,Referral
2783,Shaw-Mclean,USA,11-50,11-Nov-2024,Organic Search
2784,Anderson-Rosario,USA,11-50,07/17/2023,LinkedIn Ads
2785,Martinez LLC,U.K.,51-200,21/08/2023,Google Ads
2786,"Smith, Cohen and Williams",USA,51-200,17-Oct-2024,LinkedIn Ads
2787,Jordan-Harper,U.S.A,1-10,2023-11-22,Referral
2788,Hamilton LLC,IN,51-200,02/10/2025,Referral
2789,Tucker-Hodges,USA,51-200,22/07/2023,LinkedIn Ads
2790,"Lopez, Campbell and Wilson",Australia,11-50,2023-06-27,Direct
2791,Gamble-Wright,UK,51-200,26-Aug-2024,Referral
2792,Gonzalez-Mccarthy,United Kingdom,201-1000,05/10/2025,Google Ads
2793,Haynes PLC,United States,201-1000,2023-11-07,Google Ads
2794,"White, Riddle and Garza",IN,51-200,10/09/2024,Referral
2795,"Hernandez, Martinez and Morales",US,1000+,08/12/2025,
2796,Mooney-Hickman,U.K.,1-10,2024-10-04,LinkedIn Ads
2797,Smith-Gonzalez,AU,11-50,2024-03-06,Google Ads
2798,James PLC,U.K.,11-50,01/26/2025,Organic Search
2799,Graves-Baird,Australia,1-10,01/11/2025,LinkedIn Ads
2800,Rogers Group,CA,1-10,2025-03-27,Google Ads
2801,Hicks Ltd,Canada,51-200,11/14/2024,LinkedIn Ads
2802,Torres LLC,Australia,,2025-11-12,Referral
2803,Ramirez-Bell,CA,201-1000,17/03/2023,Google Ads
2804,Wright-Jacobson,UK,11-50,03/04/2025,Referral
2805,"Garner, Lewis and Kennedy",Bharat,201-1000,19-Jul-2025,Google Ads
2806,"Garcia, Lopez and Vaughan",Britain,51-200,28-Nov-2025,Referral
2807,Cook-Rodriguez,India,11-50,24/09/2025,Organic Search
2808,"Smith, Arnold and Atkins",US,11-50,2024-11-27,Organic Search
2809,Ward-Patrick,United States,11-50,10-Dec-2025,Organic Search
2810,"Maxwell, Rice and Watson",IN,1-10,2024-06-23,Meta Ads
2811,"Hill, Silva and Miller",US,1000+,16/09/2025,Organic Search
2812,Anderson Ltd,CA,1-10,04/11/2023,LinkedIn Ads
2813,"Martinez, Willis and Barr",AU,51-200,06/02/2023,Organic Search
2814,"Roth, Lee and Griffin",UK,11-50,04/20/2024,Meta Ads
2815,"Cooper, Swanson and Mayo",U.K.,1000+,23/04/2025,Organic Search
2816,Ferguson and Sons,AUS,1000+,25/05/2025,Referral
2817,"Dawson, Snow and Malone",IN,51-200,03/23/2024,LinkedIn Ads
2818,"Hester, Jacobson and West",USA,51-200,29/10/2023,Google Ads
2819,"Wilson, Graham and Webb",India,1-10,01/07/2023,Meta Ads
2820,"Velazquez, Gordon and Johnson",Canada,1-10,2024-04-09,Google Ads
2821,"Hill, Ponce and Roberts",U.K.,,21/05/2024,Referral
2822,"Brown, Compton and Lee",U.S.A,51-200,22-Aug-2025,Meta Ads
2823,Simpson-Patel,United Kingdom,1-10,2025-09-24,Direct
2824,"Mata, Martin and Christensen",U.K.,201-1000,01/27/2023,Referral
2825,Hart-Myers,United Kingdom,201-1000,10-Aug-2024,Google Ads
2826,"Nelson, White and Moore",IN,51-200,04/30/2023,Meta Ads
2827,Vargas Inc,USA,11-50,14/09/2023,Meta Ads
2828,"Gibson, Zimmerman and Warren",India,11-50,2023-11-07,Referral
2829,Phelps-Phillips,Britain,1-10,2024-01-19,Referral
2830,Arnold-Jackson,Britain,,04/30/2025,Direct
2831,Ferguson LLC,CA,51-200,23/12/2023,Direct
2832,Bowman LLC,USA,11-50,07/04/2024,LinkedIn Ads
2833,"Whitney, Mayo and Clark",Canada,,05/12/2025,Organic Search
2834,"Jacobs, Wood and Miller",IN,11-50,2023-11-03,Meta Ads
2835,"Henson, Baker and Anderson",India,51-200,17-May-2024,Meta Ads
2836,"Phillips, Galloway and Garrett",U.K.,,14/10/2023,Meta Ads
2837,Holloway and Sons,UK,1-10,02/16/2025,Organic Search
2838,"Sanford, Thompson and Bonilla",AU,11-50,11/16/2024,Referral
2839,"Sandoval, Parrish and Crosby",US,1-10,09-Jul-2023,Google Ads
2840,"Rodriguez, Reese and Reyes",USA,1-10,16-Nov-2024,Organic Search
2841,"Scott, Sims and Munoz",Bharat,201-1000,07/06/2024,Meta Ads
2842,Montoya and Sons,U.K.,51-200,18-Aug-2025,Direct
2843,Adams-Perkins,United States,51-200,2025-02-04,Meta Ads
2844,Moore-Hall,U.S.A,11-50,2025-12-13,
2845,"Hamilton, Hernandez and Mendoza",US,1-10,07/08/2024,LinkedIn Ads
2846,White-Lopez,US,1-10,25/10/2025,Google Ads
2847,"White, Campbell and Collins",USA,1-10,06/22/2023,Direct
2848,Roth Ltd,United States,11-50,01/31/2023,LinkedIn Ads
2849,"Lopez, Thomas and Simmons",IN,1-10,2025-05-16,
2850,Stout-Waller,U.S.A,1-10,10/02/2024,Referral
2851,Ramsey and Sons,India,11-50,01/26/2023,Google Ads
2852,"Christensen, Smith and Garcia",AU,201-1000,17/11/2024,Google Ads
2853,Smith-Serrano,United States,1-10,2023-07-16,Google Ads
2854,"Michael, Anderson and Carrillo",US,,10/16/2024,Organic Search
2855,Thomas-Burton,UK,51-200,26-Feb-2024,LinkedIn Ads
2856,Sparks Inc,US,201-1000,20-Apr-2024,Organic Search
2857,Daniels LLC,United States,1000+,2023-07-15,Organic Search
2858,"Miller, Taylor and Malone",IN,1-10,30/12/2025,Google Ads
2859,Ochoa-Parker,U.S.A,51-200,08/28/2023,Google Ads
2860,Moore-Brown,IN,1-10,16-Sep-2023,Google Ads
2861,"Adams, Stephens and Smith",IN,1-10,11/01/2023,Organic Search
2862,Hunt Group,Bharat,1-10,31/12/2024,Referral
2863,Gomez LLC,US,11-50,2023-12-30,Referral
2864,Dorsey Ltd,USA,1000+,2025-02-24,LinkedIn Ads
2865,Mcdaniel-Espinoza,U.S.A,11-50,11/19/2023,
2866,Vasquez Inc,United Kingdom,11-50,29-Jun-2024,Direct
2867,Jones-Cook,U.S.A,201-1000,08-Jul-2024,Meta Ads
2868,Mclean-Gillespie,U.S.A,51-200,18/09/2023,Referral
2869,Munoz and Sons,USA,11-50,2025-03-06,Organic Search
2870,Moreno-Greene,U.S.A,1000+,06-May-2025,Organic Search
2871,"Coleman, Barry and Mcdaniel",US,11-50,2025-04-21,LinkedIn Ads
2872,"Roth, Bailey and Garcia",United Kingdom,51-200,16/03/2025,Google Ads
2873,Stanley-Cantu,Bharat,11-50,2023-06-08,Meta Ads
2874,"Lindsey, Mccormick and Hensley",USA,1-10,03/08/2025,Google Ads
2875,Strickland and Sons,U.S.A,51-200,12/07/2023,Referral
2876,Hernandez-Griffin,AU,11-50,2023-02-09,Google Ads
2877,Briggs-Wilson,United States,11-50,08/07/2024,Google Ads
2878,Moyer-Ramirez,US,51-200,07/23/2024,Organic Search
2879,Morris and Sons,AUS,51-200,12/06/2024,Google Ads
2880,Saunders LLC,US,1-10,2023-01-24,Referral
2881,Snyder-Olson,Canada,11-50,01/07/2024,Organic Search
2882,Guzman-Fields,U.S.A,1000+,13/07/2025,Google Ads
2883,Pham Ltd,United States,1-10,2023-03-09,Meta Ads
2884,Reyes PLC,USA,51-200,11/07/2024,Google Ads
2885,Ryan-Vasquez,US,11-50,17/03/2024,Organic Search
2886,"Underwood, Cruz and Carpenter",CA,51-200,28-Dec-2025,Meta Ads
2887,Rose-Frank,United States,201-1000,26-May-2023,
2888,"Robinson, Miller and Ward",Canada,11-50,2023-08-01,Direct
2889,Mcknight Inc,India,51-200,09/30/2024,
2890,Grant-Rosario,Australia,201-1000,2025-04-07,
2891,Allison-Delacruz,USA,1000+,07-Sep-2023,Referral
2892,Phillips and Sons,US,1000+,11/16/2023,Google Ads
2893,"Bonilla, Durham and Sanchez",United Kingdom,51-200,09/21/2025,Direct
2894,Hayden Ltd,US,1-10,11/09/2025,Organic Search
2895,Bennett Inc,AU,11-50,20/07/2023,
2896,"Hanna, Watson and Miles",U.S.A,1-10,09-Jan-2023,Direct
2897,"Perkins, Woods and Wheeler",USA,11-50,2025-12-28,Organic Search
2898,Carroll Group,Bharat,1000+,12-Mar-2024,LinkedIn Ads
2899,Cannon Group,Australia,1-10,05/27/2023,Referral
2900,"Taylor, Rose and Rush",United States,1-10,15/02/2025,Organic Search
2901,Jenkins-Rogers,US,1-10,2023-04-09,Google Ads
2902,"Dominguez, Mitchell and Moore",Britain,11-50,15/01/2024,LinkedIn Ads
2903,"Johnson, Potter and Gordon",Canada,,14-Oct-2025,Referral
2904,Sanders Group,United Kingdom,11-50,13-Aug-2025,Organic Search
2905,"Vaughan, Gibson and Dawson",U.K.,11-50,03-Nov-2025,
2906,Ellison-Shaw,US,11-50,05-Jun-2025,Direct
2907,"Perez, Huynh and Nelson",IN,201-1000,26/10/2023,Google Ads
2908,"Lewis, Montgomery and Robinson",USA,11-50,2025-01-10,
2909,Carson PLC,India,201-1000,2024-08-25,Organic Search
2910,"Skinner, Velasquez and Mcdonald",CA,11-50,11/08/2025,Direct
2911,Delgado-Sullivan,India,1-10,2023-01-11,Organic Search
2912,Martin-Pratt,India,1-10,2025-09-22,Google Ads
2913,"Coleman, Nelson and Garcia",USA,1-10,14-Oct-2023,Organic Search
2914,Morrison-Bradford,US,1-10,22-Aug-2025,Google Ads
2915,Allen and Sons,US,1-10,2023-07-08,Referral
2916,"Rodriguez, Lewis and Smith",United States,,25-Aug-2023,Meta Ads
2917,Lopez-Harris,U.S.A,1-10,2023-10-26,Organic Search
2918,"Cunningham, Elliott and Tyler",IN,1-10,2024-08-15,Organic Search
2919,Smith-Kelly,Britain,1-10,2025-12-09,Google Ads
2920,Benjamin-Porter,Australia,201-1000,12-Aug-2024,Organic Search
2921,Walton-Swanson,Australia,51-200,11/11/2025,Google Ads
2922,Park Inc,IN,11-50,21/09/2023,Google Ads
2923,Russell-Figueroa,USA,11-50,06/12/2024,Direct
2924,Matthews Group,United Kingdom,1-10,10/26/2023,Referral
2925,Willis-Christian,USA,11-50,04-Apr-2025,Google Ads
2926,Martin-Fleming,CA,51-200,2024-09-18,Google Ads
2927,Mcclure Inc,AU,11-50,05/30/2025,Google Ads
2928,"Hall, Lewis and Maldonado",United States,11-50,10-Apr-2023,LinkedIn Ads
2929,Mack and Sons,United States,11-50,06/19/2023,Google Ads
2930,"Black, Chandler and Curtis",India,11-50,2024-09-04,Organic Search
2931,West-Anderson,UK,51-200,09/07/2025,Organic Search
2932,Ward-Chase,US,51-200,2025-07-30,LinkedIn Ads
2933,Williams-Marquez,UK,51-200,2024-05-07,Direct
2934,"Hughes, Clark and Bishop",IN,11-50,13/06/2023,Google Ads
2935,Rubio PLC,CA,1-10,2023-08-10,Meta Ads
2936,"Gamble, Davis and Smith",U.S.A,1-10,14/02/2025,
2937,Payne-Novak,USA,51-200,2024-11-23,Meta Ads
2938,Porter Group,USA,,12/11/2025,Google Ads
2939,Jackson-Phillips,United States,1-10,25/06/2025,LinkedIn Ads
2940,Ramirez LLC,United States,11-50,14/04/2025,Direct
2941,Davis-White,Britain,11-50,22/02/2025,
2942,Scott-Kennedy,CA,1000+,2023-03-09,Google Ads
2943,Hines-Ramos,US,1-10,2023-01-16,Google Ads
2944,Case PLC,UK,11-50,2024-03-09,Google Ads
2945,Williams-Trevino,United States,51-200,12/01/2024,Organic Search
2946,Ortiz-Harvey,AUS,51-200,29-Jul-2024,Google Ads
2947,"Anderson, Richardson and Kirk",U.S.A,1-10,20/10/2023,Meta Ads
2948,Brooks-Fleming,USA,1000+,2023-06-19,Organic Search
2949,"Cole, Rich and Esparza",U.S.A,11-50,2024-08-16,
2950,Oliver Ltd,IN,51-200,02/06/2024,Organic Search
2951,Figueroa and Sons,CA,51-200,05/11/2025,Meta Ads
2952,"Nicholson, Smith and Farrell",United States,11-50,2023-11-24,Referral
2953,Bennett-Hudson,United Kingdom,1-10,05/03/2023,Google Ads
2954,Walker Group,U.S.A,1-10,2025-05-25,Google Ads
2955,"Davis, Owens and Day",UK,201-1000,27-May-2023,Meta Ads
2956,Rodriguez-White,Britain,1-10,2023-06-21,Referral
2957,Lowery Group,USA,51-200,17/07/2025,Referral
2958,Gonzalez-Murphy,AU,1-10,05/30/2023,Meta Ads
2959,Peterson-Munoz,USA,1000+,09/17/2023,Referral
2960,Park Group,India,11-50,14/10/2025,Organic Search
2961,"Moore, Harrison and Bowman",Canada,1-10,03/26/2023,
2962,Carroll-Huerta,Australia,11-50,26/05/2025,Google Ads
2963,Brown-Stokes,AUS,51-200,11-May-2023,LinkedIn Ads
2964,Irwin-Lewis,USA,1000+,09/28/2025,Meta Ads
2965,Parrish Ltd,IN,11-50,16-Jun-2024,LinkedIn Ads
2966,Nelson-Reid,AU,,12/08/2024,Referral
2967,Miller-Russo,U.S.A,1000+,2023-09-23,LinkedIn Ads
2968,Savage-Warren,United States,51-200,13/05/2025,Referral
2969,"Orozco, White and Brown",UK,51-200,16-Oct-2024,Organic Search
2970,Peterson-Mullins,Australia,11-50,2023-09-26,Meta Ads
2971,Alvarez-Barker,USA,201-1000,2024-08-22,LinkedIn Ads
2972,Sheppard Group,US,51-200,06-Oct-2025,LinkedIn Ads
2973,Gaines-Hudson,India,1-10,28-Jul-2025,Google Ads
2974,Hoffman PLC,UK,1-10,12-May-2024,Organic Search
2975,"Jensen, Morris and Downs",U.S.A,,26/09/2025,Organic Search
2976,"Newton, Doyle and Stewart",Bharat,1-10,23/05/2025,Google Ads
2977,Mosley and Sons,United States,1-10,26/11/2025,Direct
2978,Lin-Wilson,USA,51-200,16/05/2025,Organic Search
2979,"Russell, Meyer and Smith",CA,51-200,18-Oct-2025,Organic Search
2980,Harding-Mathews,IN,201-1000,08-Aug-2024,
2981,"Cole, Montes and Davis",CA,1-10,2023-04-17,Google Ads
2982,Reese and Sons,Canada,1-10,2025-02-05,
2983,Horton-Schroeder,AUS,1-10,2025-03-12,Meta Ads
2984,"Gray, Bailey and Farley",United Kingdom,1000+,2024-03-19,Organic Search
2985,"Ray, Smith and Cervantes",United States,1-10,06-May-2023,Meta Ads
2986,Turner LLC,USA,1-10,07/11/2024,Organic Search
2987,"Fuentes, Martinez and Porter",Britain,,2024-10-16,Google Ads
2988,Gutierrez-Bell,CA,1-10,20-Feb-2025,Google Ads
2989,"Simmons, Dickson and Rogers",United States,201-1000,13/11/2023,Referral
2990,Ellis LLC,United Kingdom,1-10,06/11/2025,Meta Ads
2991,Tran and Sons,U.S.A,11-50,28/02/2025,Organic Search
2992,"Graham, Mitchell and Keller",United States,201-1000,02/09/2025,Organic Search
2993,"Kim, Campbell and Oliver",US,11-50,31/12/2024,Google Ads
2994,Cowan Inc,UK,1000+,16/01/2025,Direct
2995,Banks PLC,U.S.A,51-200,30-Mar-2025,Google Ads
2996,Garcia-Brady,United Kingdom,11-50,07/11/2024,Meta Ads
2997,"Ho, Garcia and Wallace",USA,1-10,01/14/2023,LinkedIn Ads
2998,"Shaffer, Contreras and Christian",U.S.A,11-50,30-May-2025,Referral
2999,"James, Gonzalez and Harrison",AU,1-10,05/06/2023,Google Ads
3000,Bell Group,USA,51-200,01/10/2023,LinkedIn Ads
3001,Odonnell-Newman,United States,51-200,07/24/2025,Google Ads
3002,"Foster, Ayers and Casey",IN,201-1000,22-Jul-2025,Direct
3003,"Campbell, Hobbs and Baker",USA,51-200,2025-09-11,Direct
3004,Nunez-Smith,United States,1-10,27/10/2023,Referral
3005,Johnson-Johnson,US,,09/28/2025,Organic Search
3006,Randall-Stone,AU,1000+,07/04/2025,Google Ads
3007,"Greene, Rogers and Haley",CA,11-50,08/10/2023,Organic Search
3008,Allen-Beltran,IN,1-10,29/08/2024,Organic Search
3009,Jensen Group,US,1-10,02-Feb-2023,Organic Search
3010,Solis PLC,CA,1-10,16/01/2025,LinkedIn Ads
3011,Anderson-Fields,AU,51-200,2023-06-05,
3012,"Thompson, Strong and Holmes",US,51-200,2025-09-06,LinkedIn Ads
3013,Hall-Mckinney,US,51-200,18/03/2023,Google Ads
3014,"Mueller, Cameron and Burton",United Kingdom,1-10,29-Oct-2025,LinkedIn Ads
3015,Hood-Moore,AUS,201-1000,22/07/2025,Direct
3016,Harris-Davis,United States,1-10,18-Jan-2024,Organic Search
3017,Smith-Carrillo,U.S.A,201-1000,04/03/2025,Organic Search
3018,"Knapp, Miller and Reyes",U.S.A,51-200,12/10/2023,LinkedIn Ads
3019,"Gross, Lucero and Walters",US,201-1000,24/06/2024,Organic Search
3020,Lopez-Delgado,United States,51-200,03/12/2023,
3021,Barber Group,India,,2024-09-14,Meta Ads
3022,Hopkins-Hill,U.K.,1-10,27/07/2024,Google Ads
3023,"Camacho, Rodriguez and Ho",Bharat,1000+,10/02/2024,Meta Ads
3024,Kline-Davis,USA,1-10,27/01/2023,Google Ads
3025,Kirk-Durham,U.S.A,1-10,2025-12-03,Google Ads
3026,Myers Group,USA,51-200,18/11/2024,Meta Ads
3027,"Jones, Mcdaniel and Brooks",India,1-10,04/16/2024,Meta Ads
3028,Schultz-Hayes,U.S.A,,2025-03-17,Direct
3029,"Bond, Wilson and Cooper",USA,11-50,28-May-2025,Meta Ads
3030,Webb-Mendez,Bharat,51-200,09/06/2024,Referral
3031,"Smith, Boyd and Scott",United States,1000+,16/03/2023,Organic Search
3032,Lee Inc,U.S.A,201-1000,15/10/2025,Organic Search
3033,"Johnson, Hunt and Hernandez",United States,1-10,23-Sep-2024,LinkedIn Ads
3034,Wilson-Robinson,Bharat,11-50,08/01/2023,LinkedIn Ads
3035,Taylor-Miller,UK,11-50,23-Dec-2025,Direct
3036,"Case, Adams and Olson",U.S.A,11-50,11/27/2023,LinkedIn Ads
3037,Bailey PLC,United Kingdom,11-50,03-Feb-2024,Meta Ads
3038,"Phillips, Mcgee and Simpson",United States,1-10,2025-08-07,Organic Search
3039,"Potts, Nielsen and Wright",US,11-50,09/03/2025,Google Ads
3040,Mcdaniel Ltd,United States,201-1000,2024-01-20,
3041,Hayden-Garcia,CA,51-200,09/13/2023,Google Ads
3042,"Collins, Bauer and Mckay",UK,1000+,05/24/2023,Google Ads
3043,Hamilton-Griffin,United States,11-50,12/30/2025,Google Ads
3044,"Burgess, Cabrera and Dean",US,1-10,31/03/2023,Organic Search
3045,"Reyes, Gonzalez and Gomez",Britain,,2025-10-03,LinkedIn Ads
3046,"Weiss, Cole and Preston",Bharat,1-10,2024-02-06,Google Ads
3047,"King, Ortiz and Munoz",U.S.A,11-50,15-Mar-2023,
3048,"Clements, Moreno and Sanders",USA,1-10,2023-11-28,Google Ads
3049,Gibbs-Howard,United States,51-200,28-Jan-2023,LinkedIn Ads
3050,Lewis LLC,IN,1-10,05/17/2025,Organic Search
3051,Thomas-Edwards,CA,51-200,20-Feb-2023,Meta Ads
3052,"Murphy, Marshall and Pope",US,51-200,04/15/2025,Direct
3053,Hoffman Group,IN,1-10,14-Sep-2024,Meta Ads
3054,Guzman-Rose,U.S.A,11-50,07-May-2025,Referral
3055,"Shah, Aguirre and Powers",U.K.,51-200,13/04/2024,Direct
3056,"Stafford, Fisher and Avila",AUS,11-50,18/03/2024,Meta Ads
3057,Li-Gonzalez,U.S.A,11-50,26-Aug-2025,LinkedIn Ads
3058,Lang Group,U.S.A,51-200,03/23/2024,Organic Search
3059,Mooney Group,CA,11-50,2023-03-06,Referral
3060,"Murphy, Reyes and Ray",United States,11-50,2023-12-25,LinkedIn Ads
3061,Smith-Logan,U.K.,201-1000,12/19/2023,Referral
3062,"Travis, Buck and Mitchell",Britain,51-200,18-Oct-2023,Organic Search
3063,Johnson-Ferguson,Bharat,1-10,10-Jan-2023,Direct
3064,"Williams, Newman and Jones",United States,51-200,29/09/2023,Organic Search
3065,Gallegos Group,Canada,1-10,30-Sep-2024,Google Ads
3066,"Turner, Stewart and Reed",Bharat,51-200,21-Apr-2024,Referral
3067,Hawkins LLC,United States,1-10,17/08/2023,Organic Search
3068,Salazar-Long,UK,51-200,01/08/2025,Google Ads
3069,"Riggs, Snyder and Davidson",AUS,51-200,16-Aug-2023,LinkedIn Ads
3070,Cameron PLC,US,1-10,2023-06-14,Referral
3071,Taylor LLC,U.K.,1-10,12-Jul-2023,Organic Search
3072,"Ramsey, Perez and Miller",USA,51-200,2025-07-18,Direct
3073,"Barrera, Wood and Leach",UK,11-50,2024-05-21,Meta Ads
3074,Villa Inc,IN,1000+,02/06/2025,Organic Search
3075,Ware-Williams,United States,51-200,12/22/2023,Google Ads
3076,Valentine Inc,United States,11-50,2023-05-02,Google Ads
3077,Murphy-Salazar,India,201-1000,19-Nov-2024,
3078,Nelson-Jackson,US,201-1000,10/20/2023,Google Ads
3079,Silva Inc,United States,1000+,2023-12-21,Google Ads
3080,"Barron, Church and Gutierrez",US,,05/07/2023,Organic Search
3081,Barnett-Boyd,U.K.,201-1000,2023-04-05,Google Ads
3082,Bray-Morris,USA,11-50,2025-08-23,Meta Ads
3083,"Webb, Davis and Miranda",US,11-50,2024-08-22,Organic Search
3084,"Miller, Hansen and Salas",UK,1-10,2024-09-04,Referral
3085,"Holland, Foley and Neal",AU,51-200,2023-11-18,Organic Search
3086,Bonilla Inc,U.S.A,51-200,29/10/2023,Google Ads
3087,Cardenas-Lopez,US,201-1000,05/12/2023,Google Ads
3088,"Palmer, Edwards and Blackburn",United States,51-200,2023-04-20,LinkedIn Ads
3089,"Gibson, Moore and Wagner",UK,11-50,03/24/2025,Google Ads
3090,Robinson LLC,Britain,51-200,08/22/2023,Meta Ads
3091,Hester-Parrish,US,201-1000,10/12/2024,Organic Search
3092,"Harris, Ross and Jones",US,1-10,10/12/2024,Referral
3093,Martin-Parker,Bharat,,14-May-2024,Organic Search
3094,"Wong, Thomas and Walter",India,11-50,15/12/2023,LinkedIn Ads
3095,"Rodriguez, Smith and Murray",India,1-10,07/11/2024,Referral
3096,Johnson-Stanley,IN,11-50,2023-05-21,Organic Search
3097,Bell-Wilson,USA,11-50,28/09/2023,Google Ads
3098,"Miller, Reynolds and Hernandez",U.S.A,1-10,04/05/2023,Meta Ads
3099,"Jordan, Cook and Alexander",USA,1-10,12/22/2023,Organic Search
3100,Davis-Wong,Britain,11-50,2024-03-31,Google Ads
3101,"Reilly, Lee and Lopez",Bharat,1000+,07-Sep-2025,Organic Search
3102,"Snyder, Hamilton and Maldonado",IN,1-10,2025-09-14,Google Ads
3103,"Wright, Rodriguez and Wilson",IN,11-50,2023-01-19,LinkedIn Ads
3104,Patel LLC,Bharat,51-200,27-Dec-2025,Meta Ads
3105,Andrade Ltd,United States,11-50,14-Jun-2023,Referral
3106,"Sullivan, Long and Robinson",Britain,11-50,18/10/2023,Meta Ads
3107,"Adams, Harris and Floyd",Britain,1-10,06/10/2023,LinkedIn Ads
3108,Walsh-Mccarthy,IN,11-50,05/07/2024,LinkedIn Ads
3109,Gross-Davis,CA,201-1000,24/03/2024,Meta Ads
3110,"Velez, Howell and Stevenson",Britain,51-200,09-Aug-2024,Google Ads
3111,"Allen, Edwards and Jones",India,1-10,10/09/2024,Meta Ads
3112,Cook Group,India,1000+,2024-08-30,Google Ads
3113,Rivers Ltd,India,11-50,07/29/2023,Meta Ads
3114,Patterson-Smith,U.S.A,11-50,06/20/2024,Referral
3115,Ibarra-Jackson,Britain,1-10,2023-02-14,Organic Search
3116,"Smith, Marks and Kennedy",USA,51-200,2025-09-23,Direct
3117,Fuentes PLC,Bharat,51-200,2024-01-06,Google Ads
3118,"Mooney, Conley and Fox",India,201-1000,2025-09-15,Meta Ads
3119,Fischer Inc,Canada,51-200,02/11/2025,Organic Search
3120,Chavez-Navarro,USA,,07/29/2024,LinkedIn Ads
3121,"Scott, Tucker and Diaz",IN,51-200,20-Apr-2023,LinkedIn Ads
3122,Carey LLC,AUS,11-50,06/08/2024,LinkedIn Ads
3123,"Cook, Holmes and Beck",United States,1-10,15-Aug-2023,Referral
3124,"Washington, Nelson and Stone",United Kingdom,51-200,2025-12-30,
3125,"Smith, Irwin and Chase",U.K.,201-1000,12/04/2025,Google Ads
3126,"Mcknight, Howard and Johnson",U.K.,11-50,12/22/2024,Google Ads
3127,"Figueroa, Mcpherson and Howard",Britain,11-50,22/03/2024,Organic Search
3128,"Davis, Knapp and Gray",United Kingdom,11-50,13/03/2025,Direct
3129,Sheppard Ltd,India,1-10,20/10/2025,Direct
3130,"Gardner, Gaines and Archer",USA,11-50,03-Feb-2024,
3131,"Thompson, Lozano and Bailey",United States,,03/04/2023,Organic Search
3132,Myers-Butler,Bharat,11-50,08/28/2024,Referral
3133,Parker-Williams,Canada,1-10,11/09/2023,Referral
3134,"Miles, Flowers and Martinez",US,1-10,01/12/2024,Referral
3135,Knight-Sparks,United States,51-200,2024-06-04,Referral
3136,Roberts-Montes,Australia,11-50,20-Jan-2024,Google Ads
3137,Ho-Thomas,United States,51-200,03/01/2024,Organic Search
3138,"Hernandez, Levy and Hanson",United States,1-10,11-May-2024,Referral
3139,"Martin, Tucker and Brown",Bharat,51-200,04/05/2023,LinkedIn Ads
3140,Smith-Williams,US,11-50,2023-03-07,Organic Search
3141,Petersen-Martinez,UK,51-200,2024-11-04,Referral
3142,Torres-Jordan,USA,1000+,03/17/2024,LinkedIn Ads
3143,"Flowers, Williams and Taylor",India,51-200,07/09/2025,Organic Search
3144,Glover-Shaw,USA,51-200,16/12/2023,Direct
3145,"Moore, Miller and Nelson",Australia,51-200,23-Apr-2025,Google Ads
3146,"Gonzalez, Richards and Miller",Canada,11-50,24-Jul-2023,Meta Ads
3147,Cain Ltd,United States,51-200,19-Nov-2023,Google Ads
3148,Henderson-Rasmussen,U.K.,1-10,06-Jul-2023,
3149,Orozco LLC,U.K.,11-50,17/01/2023,Organic Search
3150,"Collins, Elliott and Shelton",Bharat,201-1000,14/05/2023,LinkedIn Ads
3151,Brock-Taylor,US,51-200,07/11/2023,Organic Search
3152,"Gonzalez, Torres and Evans",AU,1-10,25/05/2023,Google Ads
3153,"Murray, White and Patton",Bharat,1-10,12/26/2023,Direct
3154,Davis-Rose,Britain,51-200,2023-12-21,Organic Search
3155,"Edwards, Donovan and Marquez",United Kingdom,11-50,2023-05-14,LinkedIn Ads
3156,Gomez-Owens,Australia,1-10,09/17/2024,Organic Search
3157,Murray-Gaines,UK,51-200,15/11/2025,Meta Ads
3158,Bernard Group,CA,11-50,03/03/2024,Google Ads
3159,Campos PLC,CA,11-50,18-Mar-2023,Referral
3160,Buchanan-Carpenter,USA,201-1000,02/24/2025,Direct
3161,Martinez-Daniels,US,11-50,14-Feb-2023,Meta Ads
3162,"Rich, Brown and Bruce",IN,1-10,01/17/2023,LinkedIn Ads
3163,Powell Inc,USA,11-50,22-Oct-2024,Referral
3164,Aguirre-Golden,UK,1-10,01/10/2023,Organic Search
3165,Combs-Miller,US,51-200,08/06/2024,Organic Search
3166,Gallegos-Santos,U.K.,1-10,2025-07-24,Organic Search
3167,Wheeler-Short,AUS,1-10,2023-04-16,Meta Ads
3168,"Olson, Rivera and Brown",Canada,1-10,2025-12-08,Direct
3169,"Richards, Dixon and Love",U.S.A,,01/04/2025,Organic Search
3170,"Harris, Thomas and Yang",Canada,11-50,26/02/2025,Meta Ads
3171,Taylor-Jacobson,USA,11-50,2025-01-23,Organic Search
3172,"Phelps, Turner and Collins",AUS,51-200,25/10/2024,Google Ads
3173,Shaffer PLC,U.K.,1-10,04/04/2023,Organic Search
3174,"Gonzalez, Jones and Hernandez",USA,51-200,09-Nov-2024,Google Ads
3175,Meyer and Sons,USA,201-1000,10/24/2024,Direct
3176,"Wallace, Brown and Martinez",AUS,1000+,19-Nov-2025,Google Ads
3177,Webb-White,Britain,51-200,2023-04-17,Google Ads
3178,Skinner PLC,United States,11-50,17/10/2023,Organic Search
3179,Underwood-Maldonado,US,201-1000,10/28/2025,Google Ads
3180,"Williamson, Reynolds and Fields",U.S.A,1-10,30/08/2025,Google Ads
3181,Thomas Ltd,India,1-10,06/03/2024,Meta Ads
3182,"Allen, Hunt and Lyons",Bharat,1-10,15/05/2024,LinkedIn Ads
3183,Alvarez LLC,U.S.A,11-50,01/07/2023,Referral
3184,Contreras-Haley,AUS,1-10,09/09/2024,Meta Ads
3185,Richardson-Hill,AUS,201-1000,05/16/2024,
3186,Wolfe-Rodriguez,AUS,1000+,12/10/2025,Referral
3187,Li-Hernandez,CA,11-50,11-Oct-2023,Referral
3188,Bryant-Elliott,Australia,11-50,06-May-2024,LinkedIn Ads
3189,Carpenter Inc,Australia,11-50,10/09/2025,Meta Ads
3190,"Santos, Sandoval and Wallace",United States,51-200,2024-10-11,Referral
3191,Estes-Mcdonald,Bharat,,04/06/2023,Meta Ads
3192,"Ellis, Smith and Moore",USA,51-200,10-May-2024,Organic Search
3193,"Foley, Gordon and Bailey",IN,1-10,18/01/2025,Direct
3194,"Warren, Palmer and Thompson",CA,11-50,2023-03-07,
3195,Bell Ltd,United States,1-10,11-Jun-2023,Organic Search
3196,"Morgan, Espinoza and Buchanan",Australia,11-50,06/11/2023,Referral
3197,Glover-Barrett,Australia,11-50,06/27/2023,Organic Search
3198,Jones-Franco,IN,11-50,2025-04-02,Meta Ads
3199,Bennett-Ruiz,Britain,11-50,11/12/2025,Google Ads
3200,"White, Erickson and Hunter",U.S.A,51-200,10/29/2023,Google Ads
3201,"Fox, Anderson and Nguyen",US,11-50,04/02/2023,Organic Search
3202,"Bailey, Williamson and Powell",India,11-50,2024-01-05,Google Ads
3203,Hall Ltd,U.S.A,11-50,2024-05-10,
3204,Morris-Hall,USA,11-50,30/06/2023,Meta Ads
3205,"Flynn, Garcia and Gilmore",United States,11-50,02-Jun-2024,Organic Search
3206,"Stafford, Campos and Fisher",Australia,1-10,06/01/2023,
3207,Alexander LLC,Canada,11-50,10/30/2025,Google Ads
3208,"Welch, Johnson and Thompson",Britain,1-10,2025-09-08,Google Ads
3209,Hale Group,UK,1-10,01/18/2023,LinkedIn Ads
3210,"Gonzalez, King and Kim",Bharat,1-10,10-Jun-2023,Direct
3211,Perez-Harmon,Bharat,11-50,2023-09-01,Organic Search
3212,Cervantes-Stokes,AU,51-200,09/13/2024,Organic Search
3213,"Moyer, Davis and Johnson",United States,11-50,2025-02-10,Referral
3214,Barry LLC,U.K.,51-200,2025-12-26,Organic Search
3215,Carroll-Lin,India,1-10,27/12/2025,Meta Ads
3216,Lopez-Blair,USA,51-200,30/07/2023,Referral
3217,"May, Crawford and Collier",Canada,1-10,28-Jul-2023,LinkedIn Ads
3218,"Carey, Mason and Kelly",United States,51-200,28-Aug-2024,Google Ads
3219,"Castaneda, Solis and Gonzales",United States,,2023-05-09,Google Ads
3220,"Bennett, Jones and Miller",United Kingdom,201-1000,24-Jul-2023,Organic Search
3221,"Evans, Wilson and Hall",IN,11-50,16-Oct-2024,Organic Search
3222,"Fernandez, Johnson and Nicholson",US,51-200,03/09/2023,Organic Search
3223,Nielsen-King,U.K.,1-10,2024-11-29,LinkedIn Ads
3224,"Howard, Brennan and Moore",United States,1000+,22/02/2025,
3225,Jones-Johnston,US,51-200,02/10/2023,Google Ads
3226,"Frederick, Porter and Ross",United States,11-50,10/19/2025,Organic Search
3227,Gardner Inc,Canada,1-10,2025-12-19,Meta Ads
3228,"Ruiz, Lowery and Baker",India,11-50,08-Dec-2024,Google Ads
3229,Johnson Group,UK,1-10,07/22/2025,
3230,Gonzalez-Barron,CA,11-50,11/26/2024,Organic Search
3231,"Rivera, Todd and Gaines",Canada,1-10,17-Dec-2024,Meta Ads
3232,"Strong, Warner and Cannon",Bharat,51-200,2023-02-17,Google Ads
3233,George-Salazar,Australia,11-50,2024-08-12,Google Ads
3234,Turner-Horn,U.K.,201-1000,07-Sep-2024,Meta Ads
3235,Ayala and Sons,United States,201-1000,10-Jun-2024,Organic Search
3236,"Franklin, Gray and Sutton",U.K.,1-10,02/23/2024,Direct
3237,Cannon-Dominguez,Australia,11-50,11/20/2025,LinkedIn Ads
3238,Miles-Dunn,USA,,01/06/2023,Organic Search
3239,Kim PLC,Australia,1000+,2023-06-30,Referral
3240,Bell-Cooper,CA,51-200,2024-07-21,LinkedIn Ads
3241,"Smith, Gutierrez and Goodwin",United States,1-10,29-Feb-2024,Referral
3242,"Bradley, Ritter and Smith",Bharat,1000+,2023-12-12,Organic Search
3243,"Wright, Brown and Brown",United States,1-10,2025-01-10,LinkedIn Ads
3244,White-Williams,CA,1-10,29/08/2025,Google Ads
3245,Morrison-Zamora,IN,1-10,10/07/2025,Organic Search
3246,Anderson-Sanders,AU,51-200,27/04/2025,Meta Ads
3247,"Martinez, Jones and Wright",USA,11-50,2023-11-22,
3248,"Harris, Thornton and Li",UK,11-50,05/17/2024,Google Ads
3249,Wallace LLC,U.K.,11-50,05/15/2025,
3250,Deleon-Carter,USA,1000+,09/09/2025,Organic Search
3251,"Sanchez, Orozco and Flores",United States,11-50,18-Apr-2024,Google Ads
3252,"Gordon, Brown and Mccullough",Bharat,11-50,06-Nov-2024,Google Ads
3253,"Sampson, Tucker and Miller",Britain,1-10,07/20/2024,Organic Search
3254,Torres PLC,India,11-50,05/27/2025,Referral
3255,Martinez Ltd,U.K.,1-10,03-Apr-2024,
3256,"Alexander, Duran and Benton",IN,201-1000,28/09/2024,Organic Search
3257,Porter Inc,Canada,11-50,2023-04-13,Google Ads
3258,Ramirez-Cruz,AUS,51-200,28/01/2024,Google Ads
3259,Simpson-Roy,US,1-10,24-Oct-2023,Meta Ads
3260,Wallace-Walker,Bharat,,09-Dec-2023,LinkedIn Ads
3261,Lopez-Jordan,United Kingdom,51-200,19/06/2023,Referral
3262,"Hines, Pineda and Kent",US,1-10,11/01/2023,Referral
3263,Livingston-Solomon,U.S.A,1000+,30-Mar-2025,LinkedIn Ads
3264,"Robinson, Johnson and Swanson",United Kingdom,1-10,12/07/2024,Google Ads
3265,"Hamilton, Patterson and Daniel",U.K.,11-50,05/04/2025,Google Ads
3266,"Goodwin, Aguirre and Tran",US,1-10,09-May-2023,Organic Search
3267,"Randolph, Mitchell and Ritter",UK,11-50,23-Oct-2025,Google Ads
3268,"Ford, Armstrong and Carroll",Canada,201-1000,18/05/2024,Organic Search
3269,"Green, Horne and Mcdonald",USA,1-10,03/02/2025,Meta Ads
3270,Anderson Inc,IN,51-200,2024-08-13,Google Ads
3271,Marsh-Tapia,AUS,51-200,2023-06-18,Referral
3272,Lutz PLC,U.K.,1-10,28-Jan-2025,Organic Search
3273,Morgan-Foster,India,1-10,25/11/2024,Google Ads
3274,"Hill, Adams and King",UK,51-200,11/25/2025,Meta Ads
3275,"Patrick, Franklin and Martinez",Britain,,15-Oct-2024,Google Ads
3276,"Guerrero, Huff and Abbott",Bharat,11-50,03/06/2024,Meta Ads
3277,Ford-Gonzales,India,201-1000,2024-11-19,Referral
3278,Johnson-Howard,AUS,11-50,2023-04-21,Direct
3279,"Richard, Robinson and Brown",US,11-50,07-Aug-2025,Direct
3280,Hill PLC,IN,201-1000,2025-07-20,Referral
3281,"Edwards, Brown and White",AU,51-200,06/21/2024,LinkedIn Ads
3282,Green-Simpson,CA,1-10,04/01/2025,Google Ads
3283,Mccoy and Sons,U.S.A,1-10,29-Dec-2025,Organic Search
3284,"Douglas, Hall and Pena",USA,,21-Jan-2025,Meta Ads
3285,Cohen Group,U.K.,11-50,26/09/2025,LinkedIn Ads
3286,"Stewart, Tran and Perez",Bharat,11-50,21/06/2024,Google Ads
3287,"Braun, Hester and Smith",Bharat,11-50,09/10/2024,Meta Ads
3288,Fernandez-Williams,India,51-200,05/06/2024,LinkedIn Ads
3289,Bailey Inc,Canada,51-200,16/12/2024,Organic Search
3290,"Wallace, Dixon and Young",U.K.,51-200,02/02/2025,
3291,Hudson-Calderon,United States,1-10,2025-07-31,
3292,"Perry, May and Liu",United Kingdom,11-50,02/23/2025,
3293,Rogers-Russell,India,1-10,2025-12-19,Organic Search
3294,"Brooks, Dunlap and Carter",IN,51-200,04/29/2024,Referral
3295,Martin Inc,IN,51-200,10-Feb-2024,LinkedIn Ads
3296,Conrad-Buck,Bharat,1-10,14/04/2025,Google Ads
3297,Dixon-Norman,United States,1-10,2024-03-13,Meta Ads
3298,"Logan, Marquez and Case",USA,11-50,07-Apr-2023,Direct
3299,Rivas-Johnson,Canada,11-50,06/04/2025,Organic Search
3300,"Hernandez, Farmer and Banks",United Kingdom,11-50,2024-07-02,Google Ads
3301,Benjamin and Sons,IN,51-200,12/04/2024,Referral
3302,"Gordon, Andrews and Kelley",United States,1-10,11/17/2025,Referral
3303,Ryan-Martinez,U.S.A,51-200,06/25/2024,Referral
3304,"Yates, Lawson and Hopkins",United Kingdom,51-200,01/07/2023,Organic Search
3305,"Alexander, Adams and Huff",USA,201-1000,10/22/2024,Referral
3306,Bartlett-Murphy,Bharat,51-200,28-Oct-2023,Referral
3307,Hall-Edwards,U.K.,11-50,12-Jul-2024,Meta Ads
3308,"Rosario, Ortiz and Miller",United States,11-50,13-Aug-2023,Referral
3309,"Wagner, Melendez and Valdez",U.S.A,1-10,10/07/2025,Direct
3310,"Hall, Hartman and Hall",United Kingdom,11-50,2024-03-19,Direct
3311,Frost and Sons,U.K.,201-1000,2025-10-14,Meta Ads
3312,Craig-Wade,USA,,11/02/2024,Meta Ads
3313,"Green, Mitchell and Edwards",UK,1-10,08-Mar-2025,Google Ads
3314,Ortiz PLC,Britain,51-200,04/05/2023,Google Ads
3315,Johnston Ltd,USA,11-50,08/10/2025,Organic Search
3316,Yoder Group,India,1-10,05/02/2025,Google Ads
3317,Cannon-Dawson,U.K.,11-50,30/07/2023,Referral
3318,Newton-Martinez,US,51-200,2024-11-03,Meta Ads
3319,Bass Inc,U.K.,11-50,2024-04-17,Google Ads
3320,"Jackson, Jones and Robertson",CA,1-10,02/01/2023,Google Ads
3321,"Sellers, Strong and Gomez",India,51-200,22/05/2023,Meta Ads
3322,Terry-Allen,Britain,11-50,2023-01-23,Google Ads
3323,Wilson-Merritt,Britain,51-200,11/10/2023,Meta Ads
3324,Vargas-Jensen,U.S.A,11-50,2023-02-21,LinkedIn Ads
3325,"Williams, Rodgers and Kelly",USA,51-200,12-Feb-2024,Meta Ads
3326,Lozano-Mccoy,United States,11-50,2023-01-09,LinkedIn Ads
3327,"Davenport, Roberts and Woods",U.K.,11-50,2024-06-03,Google Ads
3328,Quinn Ltd,AU,1-10,16/06/2023,Direct
3329,"Hendricks, Zuniga and Miller",US,11-50,2025-01-22,Organic Search
3330,Watkins LLC,CA,1-10,2025-07-18,Direct
3331,"Banks, Gray and Gonzales",US,11-50,21/04/2025,Direct
3332,"Sharp, Ramirez and Mejia",U.S.A,1-10,10-Jan-2023,Direct
3333,Evans LLC,U.S.A,11-50,02/27/2025,Google Ads
3334,Elliott PLC,Britain,1-10,05/05/2023,Meta Ads
3335,"Romero, Reilly and Mitchell",Bharat,51-200,22/04/2024,Organic Search
3336,Flores-White,US,51-200,05/10/2025,Organic Search
3337,"Clark, Stone and Andrews",AUS,1-10,2024-11-27,Google Ads
3338,"Edwards, Reed and Martin",Britain,51-200,20-Mar-2024,LinkedIn Ads
3339,Hill-Gonzales,Australia,1-10,17-Sep-2025,Organic Search
3340,Roberts LLC,AU,51-200,09/04/2024,LinkedIn Ads
3341,"Molina, Middleton and Estrada",CA,1-10,03/14/2025,LinkedIn Ads
3342,"Fischer, Johnson and Orr",USA,11-50,14/11/2025,LinkedIn Ads
3343,"Medina, Lee and Freeman",US,201-1000,03-Jul-2024,Organic Search
3344,"Simmons, Wallace and Martinez",CA,,18/12/2025,Organic Search
3345,Phillips-Rodriguez,CA,1-10,2023-05-19,Google Ads
3346,"Calhoun, Wilson and Oneal",IN,201-1000,21/06/2025,
3347,Baker-Lin,Britain,11-50,10/23/2023,LinkedIn Ads
3348,Dennis-Wilson,United States,201-1000,04/23/2023,Referral
3349,Lara-Garner,United States,11-50,13/04/2025,Direct
3350,Luna LLC,USA,51-200,17-Apr-2023,Google Ads
3351,Mccoy-Hunt,U.S.A,51-200,26-Feb-2023,Direct
3352,Mann LLC,Bharat,11-50,01/05/2023,Meta Ads
3353,Hamilton Ltd,USA,1-10,2024-09-17,LinkedIn Ads
3354,"Stewart, Skinner and Guerrero",U.S.A,1-10,06/26/2024,Referral
3355,"Johnson, Walters and Smith",IN,1-10,2024-05-17,Direct
3356,"Gonzalez, Harrison and Washington",US,1000+,17/12/2024,
3357,Gross LLC,CA,1000+,09/11/2024,Meta Ads
3358,Gonzalez Inc,Britain,1-10,23/03/2025,Google Ads
3359,"Vincent, Curry and Smith",USA,201-1000,03-Jun-2023,Google Ads
3360,Henry PLC,Britain,1000+,03/03/2024,Referral
3361,Mckinney Inc,Britain,201-1000,2023-11-23,LinkedIn Ads
3362,Watts-Austin,USA,11-50,09/26/2024,Referral
3363,"Silva, Little and Washington",CA,1-10,2024-09-26,LinkedIn Ads
3364,"Best, Humphrey and Pittman",United Kingdom,1-10,2024-10-25,Google Ads
3365,Contreras-Henry,United States,51-200,10/29/2023,
3366,"Myers, Howard and Castillo",US,1-10,2024-07-10,Meta Ads
3367,Montes-Nguyen,US,11-50,2025-04-11,Referral
3368,"Coleman, Thompson and Huber",U.S.A,,07/05/2025,Google Ads
3369,"Wilson, Terry and Bush",US,51-200,21-Aug-2024,Direct
3370,Larsen-Shields,Britain,201-1000,2023-10-18,Organic Search
3371,"Jenkins, Young and Carter",United Kingdom,1-10,06/15/2024,Direct
3372,"Lewis, Rosales and Ortiz",US,51-200,2025-10-21,Organic Search
3373,"Ingram, Green and Stewart",Bharat,11-50,2025-06-04,Direct
3374,Lamb-Coleman,IN,11-50,31-May-2023,Google Ads
3375,Gaines-Adams,USA,,02/11/2023,LinkedIn Ads
3376,"Robinson, Fields and Williams",Bharat,11-50,28-Nov-2024,Organic Search
3377,Ortiz-Armstrong,Canada,11-50,08-Jun-2023,Google Ads
3378,Herrera Ltd,India,1-10,13-Aug-2025,Direct
3379,Gould PLC,CA,51-200,2025-08-15,Organic Search
3380,"Rivera, Jacobs and Smith",UK,1-10,05/24/2023,Organic Search
3381,"Smith, Gray and Deleon",India,51-200,08-Jun-2025,LinkedIn Ads
3382,Barr-Wang,US,11-50,02/09/2024,Meta Ads
3383,"Brown, Williams and Clark",U.S.A,11-50,11-Jan-2025,Meta Ads
3384,"Gonzalez, Moore and Nichols",United States,11-50,2023-11-17,Organic Search
3385,"Perez, Solis and Lozano",India,11-50,2024-08-23,Referral
3386,Gutierrez-Tran,United Kingdom,11-50,15-May-2023,Meta Ads
3387,Case Inc,AUS,51-200,21-Feb-2025,Direct
3388,Fischer PLC,United Kingdom,,28-Mar-2024,Organic Search
3389,Mason Group,Canada,51-200,2023-07-25,Google Ads
3390,Moore LLC,India,11-50,09-Jan-2024,Direct
3391,Hess Group,United Kingdom,11-50,24/01/2023,LinkedIn Ads
3392,"Morales, Cardenas and Mcdowell",US,1000+,16/12/2025,Meta Ads
3393,"Warner, Oconnor and Smith",AU,11-50,10/23/2024,Organic Search
3394,"Greer, Jacobs and Hernandez",India,1-10,23/12/2024,Organic Search
3395,"Chapman, Myers and Decker",IN,11-50,2024-04-28,Google Ads
3396,Glover-Coleman,United Kingdom,1-10,04-Jun-2025,LinkedIn Ads
3397,"Johnson, Hill and Harris",U.S.A,11-50,2025-10-27,Referral
3398,Costa-Johnston,IN,11-50,2023-12-27,Google Ads
3399,Carter-Davis,IN,51-200,14-Jan-2025,Meta Ads
3400,Hoffman-Webb,CA,1-10,09/02/2023,Referral
3401,"Ferguson, Sanchez and Smith",Bharat,1-10,11/12/2024,LinkedIn Ads
3402,Luna-Bean,United States,1-10,29/03/2024,Direct
3403,"Klein, Chavez and Lane",USA,1-10,16-May-2025,Referral
3404,Wood-Hart,US,,2024-01-26,LinkedIn Ads
3405,"Collins, Thomas and Soto",United States,1-10,2025-03-29,Google Ads
3406,"Wright, Thomas and Jensen",United Kingdom,201-1000,18-Jan-2025,
3407,Mills-Franco,Bharat,1-10,18-Apr-2023,Google Ads
3408,Jenkins-Yang,CA,1-10,2024-09-17,Organic Search
3409,"George, Savage and Adams",USA,51-200,2025-11-11,Google Ads
3410,Fischer Group,AU,201-1000,08-Dec-2024,Meta Ads
3411,"Porter, Chung and Young",IN,11-50,21-May-2023,Referral
3412,Fletcher-Robertson,United States,11-50,14/03/2025,Google Ads
3413,"Haney, Miller and Garcia",CA,1-10,2024-05-18,Referral
3414,"Jones, Martinez and Smith",Bharat,201-1000,2025-01-16,Organic Search
3415,"Goodman, Martin and Kim",United Kingdom,1-10,10/02/2024,Google Ads
3416,Jackson-Pratt,U.K.,11-50,10/05/2025,LinkedIn Ads
3417,Taylor-Sawyer,IN,201-1000,2023-02-19,LinkedIn Ads
3418,Ross-Phillips,US,51-200,05/05/2025,Referral
3419,Forbes-Cortez,AU,11-50,10/22/2025,LinkedIn Ads
3420,"Nelson, Morris and Preston",IN,11-50,12-May-2024,Google Ads
3421,"Santos, Thomas and Mills",US,201-1000,05/11/2025,
3422,Lang Ltd,U.S.A,,25/11/2023,Google Ads
3423,Stone-King,India,51-200,04-Jan-2023,Direct
3424,Clark-Rivera,UK,,2025-07-27,LinkedIn Ads
3425,"Cortez, Phelps and Taylor",Canada,51-200,12-Apr-2023,Organic Search
3426,"Espinoza, Wells and Stewart",US,1000+,2024-12-10,Organic Search
3427,Collins and Sons,U.S.A,11-50,06/23/2024,Direct
3428,Benson PLC,United Kingdom,51-200,11/22/2024,Referral
3429,Rivera-Brown,US,1-10,2025-04-03,Meta Ads
3430,Wheeler-Jones,CA,11-50,05-Mar-2024,Google Ads
3431,"Hansen, Perez and Fuller",UK,51-200,06/05/2024,Organic Search
3432,"Daniel, Richardson and Wang",U.S.A,1-10,12-Sep-2025,Referral
3433,Hoffman-May,UK,201-1000,26-Jan-2023,Google Ads
3434,Cross LLC,CA,1-10,2024-11-21,Organic Search
3435,Robles PLC,United Kingdom,11-50,03/03/2024,LinkedIn Ads
3436,"Miranda, Rivera and Ingram",U.S.A,11-50,19/07/2023,Google Ads
3437,"Jacobs, Levy and Mclaughlin",United Kingdom,1-10,26-Feb-2023,Google Ads
3438,"Barnett, Kennedy and Jackson",India,11-50,02/06/2023,Direct
3439,Hays Inc,US,51-200,26-Apr-2025,Google Ads
3440,"Thomas, Martin and Baxter",U.S.A,1-10,2023-11-18,Google Ads
3441,Miller-Booker,USA,1-10,05/26/2024,
3442,Ortega-Murphy,IN,1-10,2023-07-29,Google Ads
3443,"Wolf, Allen and Long",Australia,201-1000,2025-11-23,Google Ads
3444,Mccarthy-Kelly,U.S.A,11-50,04/04/2025,Organic Search
3445,"Stewart, Miller and Jacobs",Britain,11-50,12/15/2025,Referral
3446,Moses Ltd,IN,1-10,19-Jun-2023,LinkedIn Ads
3447,Dawson-Larsen,USA,1-10,31-Jan-2023,Referral
3448,"Alexander, Neal and King",Britain,51-200,27-Jan-2024,Google Ads
3449,Grant Group,USA,51-200,31/05/2023,
3450,"Bailey, Johnson and Diaz",U.S.A,201-1000,09/07/2023,Referral
3451,Townsend-Reed,United States,1-10,2023-02-20,Direct
3452,Lewis-Castro,AU,51-200,14/09/2023,Referral
3453,"Cowan, Gonzalez and Ward",AU,11-50,2025-09-22,Organic Search
3454,Davis-Wood,United States,1-10,2024-07-29,Referral
3455,Johnson-Hill,US,51-200,2023-06-25,Google Ads
3456,Sanders-Forbes,U.S.A,11-50,2023-03-20,LinkedIn Ads
3457,"King, Garrett and Maddox",AUS,1-10,2025-07-17,Organic Search
3458,Roy Group,United States,51-200,06/21/2024,Meta Ads
3459,"Chen, Henry and Wells",USA,1-10,07/26/2025,Direct
3460,"Christensen, Aguirre and Johnson",India,1-10,03/31/2024,Direct
3461,Salazar Ltd,USA,11-50,20-May-2024,Organic Search
3462,Thornton and Sons,U.S.A,,09/07/2024,Referral
3463,Ramos Ltd,United States,1-10,2023-04-04,Direct
3464,Edwards PLC,U.S.A,1-10,2024-11-11,Referral
3465,Lucero-Lee,US,1-10,13-Feb-2023,LinkedIn Ads
3466,"Mclaughlin, Cook and Powers",AUS,11-50,28/11/2025,LinkedIn Ads
3467,Hurst-Jackson,United Kingdom,1000+,2023-02-21,Direct
3468,"Bowen, Diaz and Smith",UK,1-10,2025-09-11,Direct
3469,"Powell, Monroe and Caldwell",United Kingdom,201-1000,08/15/2023,Google Ads
3470,Lee PLC,Australia,11-50,2024-07-23,Google Ads
3471,Daniel Inc,CA,51-200,15-Nov-2024,LinkedIn Ads
3472,Ramos LLC,Bharat,1000+,2025-04-13,Direct
3473,"Gonzalez, Wagner and Thompson",United Kingdom,51-200,2024-03-08,Meta Ads
3474,"Wilkinson, Everett and Collins",USA,11-50,2025-02-26,Direct
3475,"Bell, Peterson and Carroll",CA,1-10,23-Jul-2025,Direct
3476,"Miller, Conrad and Davis",Bharat,1-10,13/11/2023,LinkedIn Ads
3477,Wang Inc,Bharat,51-200,15/12/2024,Meta Ads
3478,Little Group,AU,11-50,05/03/2025,
3479,Wiley and Sons,USA,201-1000,2023-09-12,LinkedIn Ads
3480,Hood-May,U.K.,11-50,01/15/2025,Google Ads
3481,Burgess Ltd,India,11-50,06/09/2023,Meta Ads
3482,"Mitchell, Ramirez and Cunningham",CA,11-50,06/22/2024,LinkedIn Ads
3483,Perez-Lopez,US,11-50,02/11/2024,Google Ads
3484,Wolfe-Baker,USA,51-200,08/31/2025,Direct
3485,Kelly-Cox,Canada,1-10,2025-01-11,
3486,"Mills, Gallegos and Mcdaniel",India,1000+,2025-03-08,Google Ads
3487,Moore-Carroll,Bharat,1-10,04/24/2023,
3488,"Hamilton, Brewer and Fleming",US,1000+,2024-05-31,Organic Search
3489,Clark-Lyons,Australia,51-200,07-Apr-2023,Organic Search
3490,"Arnold, Paul and Adams",IN,51-200,04/15/2023,Organic Search
3491,"Ayala, Scott and Mcdonald",UK,1-10,03/22/2024,Meta Ads
3492,Weeks PLC,Canada,201-1000,2025-04-25,Direct
3493,"Welch, Alvarez and Mcdonald",India,51-200,05/28/2023,LinkedIn Ads
3494,Watson-Gray,United States,51-200,2025-12-13,Meta Ads
3495,"Valenzuela, Morris and Garcia",Bharat,51-200,04/02/2024,Google Ads
3496,Booth-Smith,IN,1-10,11/03/2025,
3497,Alvarez-Rogers,United Kingdom,1-10,14/05/2024,Referral
3498,Lopez LLC,IN,51-200,10/14/2023,LinkedIn Ads
3499,Martin-Payne,Australia,11-50,25-Dec-2023,Organic Search
3500,Watkins-Neal,Australia,1-10,17-Jan-2024,Direct
3501,"Ross, Flowers and King",IN,51-200,05/23/2024,Organic Search
3502,Burke-Olson,United Kingdom,1-10,2023-06-02,Direct
3503,Evans-Arellano,Bharat,1-10,20-Feb-2023,LinkedIn Ads
3504,Hines PLC,United Kingdom,51-200,2025-03-06,Google Ads
3505,Fisher LLC,US,51-200,20/07/2023,Google Ads
3506,"Morales, Johnson and Hunt",United Kingdom,1-10,24/04/2025,Organic Search
3507,Tanner-Sanford,US,,07-Nov-2025,LinkedIn Ads
3508,"Gonzalez, Compton and Walton",Bharat,11-50,29/09/2025,Google Ads
3509,Alvarado Inc,IN,201-1000,28/09/2025,Meta Ads
3510,Parker and Sons,U.S.A,51-200,07/05/2024,Google Ads
3511,Hopkins and Sons,CA,1-10,01/25/2023,LinkedIn Ads
3512,Turner Inc,Australia,1-10,31/07/2023,Direct
3513,Young and Sons,United States,,29/03/2023,Direct
3514,Davis-Sanchez,UK,1000+,01/06/2024,Organic Search
3515,"Peters, Rowe and Smith",India,51-200,08/24/2025,LinkedIn Ads
3516,"Mcdaniel, Hale and Durham",U.S.A,51-200,12/24/2024,Meta Ads
3517,"Bennett, Ford and Sanchez",United States,51-200,2025-07-08,Organic Search
3518,Hughes LLC,UK,11-50,30-Sep-2025,LinkedIn Ads
3519,Weiss-Cross,US,,2024-12-24,Organic Search
3520,Carlson-Ferguson,United States,51-200,13/09/2024,Referral
3521,Freeman-Yang,United States,1-10,27-Jan-2023,Google Ads
3522,"Johnson, Blackwell and Thompson",USA,51-200,06-Jan-2023,Google Ads
3523,"Morrow, Bishop and Walton",U.S.A,51-200,08/11/2024,Organic Search
3524,Brewer and Sons,AU,201-1000,2023-03-03,Google Ads
3525,Lopez-Clark,Britain,51-200,28/02/2025,
3526,Davis-Cruz,AUS,1-10,02/04/2025,Meta Ads
3527,Simmons LLC,U.S.A,1-10,2023-01-09,LinkedIn Ads
3528,Hughes-Nicholson,United States,11-50,30/09/2025,Google Ads
3529,Martin Ltd,UK,1-10,08/28/2024,
3530,"Flowers, Marshall and Miller",Bharat,1-10,01/05/2025,Organic Search
3531,"Oconnor, Rios and Sullivan",IN,51-200,2023-11-24,Organic Search
3532,"Hunter, Parks and Smith",USA,11-50,2025-07-22,Organic Search
3533,"Choi, Morales and Wise",CA,1000+,14/10/2025,Google Ads
3534,Coleman-Harmon,United Kingdom,1-10,07-Aug-2023,Direct
3535,Munoz Group,Britain,11-50,2024-01-07,Organic Search
3536,"Watson, Wells and Rogers",U.S.A,11-50,19-Jul-2024,Google Ads
3537,"Bonilla, Rodriguez and White",AU,1-10,11/05/2025,Referral
3538,Schmidt-Reyes,US,1-10,26-Sep-2023,Direct
3539,"Miller, Smith and Vaughan",CA,11-50,01/16/2025,Google Ads
3540,"Lawrence, Gonzalez and Hess",Britain,11-50,10/12/2025,Direct
3541,"Brennan, Graham and Marshall",Canada,51-200,02/07/2023,Referral
3542,Richardson-Small,AUS,1-10,02-Aug-2023,Meta Ads
3543,"Wood, Simmons and Leonard",CA,51-200,21/03/2023,Google Ads
3544,Kelly-Smith,USA,11-50,17/02/2024,
3545,Evans-Johnson,U.S.A,1-10,25/05/2023,LinkedIn Ads
3546,"Rodgers, Wright and Miller",U.S.A,11-50,07/29/2024,Google Ads
3547,"Snyder, Orozco and Reed",UK,1-10,2025-08-13,Direct
3548,Barker-Sanchez,Canada,11-50,08-Mar-2024,LinkedIn Ads
3549,"Hoover, Carroll and Williams",Australia,11-50,11/17/2025,Organic Search
3550,Watson-Thomas,United Kingdom,51-200,2024-06-12,Direct
3551,"Little, Macias and Reyes",Bharat,11-50,18-Jan-2023,LinkedIn Ads
3552,"Miller, Pennington and Curry",IN,51-200,05-Aug-2025,Organic Search
3553,Morales-White,United States,11-50,07/14/2025,Direct
3554,"Scott, Delgado and Andrade",IN,51-200,2024-08-06,Meta Ads
3555,Sanford-Leon,India,1-10,14-Jun-2024,Organic Search
3556,"Green, Turner and Palmer",Canada,51-200,04-Aug-2025,Organic Search
3557,Benson Inc,UK,1-10,10/14/2025,
3558,Berry-Lewis,UK,51-200,09/19/2024,LinkedIn Ads
3559,Hill-Barker,India,11-50,12/08/2025,Meta Ads
3560,Jacobs and Sons,United States,11-50,06/01/2023,LinkedIn Ads
3561,"Mitchell, Smith and Clark",US,1-10,01-Aug-2024,Direct
3562,Sandoval-Hill,US,51-200,03/30/2023,Google Ads
3563,George-Daugherty,USA,1-10,28-Jul-2025,Organic Search
3564,Davis-Walker,India,11-50,21-Jun-2024,Google Ads
3565,"Nguyen, Brown and Roberts",United Kingdom,11-50,21-Aug-2024,Organic Search
3566,"Lynch, Murray and Fisher",US,1000+,07/13/2025,
3567,"Murphy, Price and Spears",US,1-10,31-May-2023,Direct
3568,Cooper LLC,Britain,1-10,2025-03-13,Google Ads
3569,Carson-Hernandez,Canada,,2025-09-05,Referral
3570,"Porter, Patel and Jackson",Britain,201-1000,31/07/2023,Google Ads
3571,Scott-Johnson,Bharat,11-50,24/02/2023,Meta Ads
3572,"Faulkner, Welch and Hoffman",IN,11-50,29/01/2025,Referral
3573,Miller-Adkins,Canada,11-50,12-Nov-2024,LinkedIn Ads
3574,"Wood, Carter and Stewart",Canada,11-50,2024-04-20,LinkedIn Ads
3575,"Mcdonald, Moore and Richards",U.S.A,1-10,03/14/2023,Google Ads
3576,"Bell, Reynolds and Forbes",India,201-1000,18/05/2025,Organic Search
3577,Potter LLC,U.S.A,201-1000,2025-02-06,Organic Search
3578,"Manning, Fritz and Brooks",Britain,201-1000,2023-02-18,Google Ads
3579,"Anderson, Lawson and Atkinson",USA,1-10,01/06/2024,Google Ads
3580,Foster and Sons,CA,51-200,09/01/2024,Organic Search
3581,Duncan and Sons,United Kingdom,11-50,2023-11-19,Meta Ads
3582,Wang Ltd,Australia,11-50,2023-02-20,
3583,Pierce-Bell,Australia,11-50,10/25/2023,Organic Search
3584,Flores-Cox,IN,11-50,08/08/2024,Meta Ads
3585,Beck Ltd,Bharat,1-10,2023-10-25,Google Ads
3586,"Gill, Stewart and Nichols",Canada,1000+,05/13/2025,Organic Search
3587,Perez-Powell,US,51-200,10/09/2023,Meta Ads
3588,Mitchell-Middleton,Australia,201-1000,23-May-2025,Direct
3589,Bradshaw and Sons,CA,11-50,12/29/2023,Google Ads
3590,Roberts-Patel,U.K.,11-50,29-Jan-2023,Referral
3591,Hines-Douglas,Britain,1000+,04/19/2023,Google Ads
3592,"Solomon, Reyes and Delgado",Canada,1-10,19/09/2024,LinkedIn Ads
3593,Jenkins-Fields,AU,51-200,2023-05-26,Referral
3594,"Walker, Lynch and Gordon",U.S.A,,06/02/2023,Direct
3595,Greene Ltd,United Kingdom,1-10,02/17/2024,Referral
3596,Dougherty-Nguyen,CA,1-10,12/05/2023,Organic Search
3597,Jackson Ltd,IN,11-50,01-Oct-2023,Meta Ads
3598,Cohen-Crane,U.S.A,1-10,06-Feb-2023,Organic Search
3599,Paul Ltd,Britain,,01/06/2023,Google Ads
3600,Arnold-Boyer,United Kingdom,1-10,2025-01-21,LinkedIn Ads
3601,Ellis Ltd,U.K.,1-10,04/30/2023,Google Ads
3602,Morris LLC,Britain,11-50,2023-11-07,
3603,Kline and Sons,United States,51-200,15-Apr-2023,Google Ads
3604,"Murray, Sanchez and Morrison",USA,11-50,25/01/2023,Google Ads
3605,Robles Group,Bharat,,15/04/2024,
3606,"Davidson, Lara and Massey",IN,201-1000,16-Jan-2025,Referral
3607,"Rhodes, Camacho and Cowan",Bharat,1-10,14-May-2025,Referral
3608,Jones-Butler,Australia,1-10,10-Dec-2024,Organic Search
3609,Ware-Medina,India,1-10,26/04/2023,LinkedIn Ads
3610,"Frank, Holland and Ferguson",United Kingdom,1-10,20/01/2025,Referral
3611,Gonzales Ltd,AUS,51-200,2025-03-20,Referral
3612,Carter Group,IN,51-200,01/10/2023,Meta Ads
3613,"Mack, Cox and Moran",United States,11-50,13-Jan-2025,Organic Search
3614,"Soto, Alexander and Cobb",United States,1-10,21/11/2025,Direct
3615,"Molina, Rodriguez and Jackson",United States,,12/29/2024,Meta Ads
3616,Douglas-Thomas,US,51-200,2025-02-04,Meta Ads
3617,Pope and Sons,United States,51-200,2023-07-05,Google Ads
3618,Davis-May,CA,51-200,20-Apr-2025,Referral
3619,Goodwin-Sherman,UK,1-10,06/06/2023,Referral
3620,Phillips-Wallace,U.S.A,51-200,2024-02-11,
3621,Lyons-Carroll,Australia,1-10,07/05/2025,Meta Ads
3622,"Johnson, Taylor and Boyd",US,11-50,08/30/2024,Google Ads
3623,"Cox, Carter and Duffy",Canada,1000+,16-Oct-2023,Referral
3624,Bradley LLC,Bharat,11-50,07/27/2024,Meta Ads
3625,Marquez-Nunez,CA,51-200,05/31/2024,Direct
3626,Manning Ltd,USA,1-10,19/10/2025,Google Ads
3627,Scott-Perez,Britain,11-50,10/28/2025,Organic Search
3628,Aguilar and Sons,CA,1-10,2024-08-23,LinkedIn Ads
3629,"Smith, Diaz and Romero",United States,201-1000,25/08/2023,Direct
3630,"Sullivan, Montgomery and Jackson",United Kingdom,1000+,2024-11-03,LinkedIn Ads
3631,Schneider-Matthews,Canada,11-50,29-May-2024,Google Ads
3632,"Edwards, Brooks and Grimes",AU,51-200,09-Aug-2024,LinkedIn Ads
3633,Wong-Harrell,United Kingdom,11-50,07/01/2025,Referral
3634,Thompson-Prince,Australia,1-10,11-Aug-2025,LinkedIn Ads
3635,Barnett Inc,Canada,1-10,14/02/2025,Organic Search
3636,Walker-Clark,USA,1000+,06/20/2025,Google Ads
3637,Ramirez Ltd,U.S.A,1-10,2023-11-28,LinkedIn Ads
3638,Santos LLC,India,11-50,24/09/2023,Google Ads
3639,Stevens-Durham,Britain,201-1000,08-Apr-2023,LinkedIn Ads
3640,Larsen PLC,Bharat,11-50,09-Nov-2024,Meta Ads
3641,Figueroa LLC,United States,11-50,2023-12-05,Organic Search
3642,"Johnson, Sims and Crane",CA,11-50,05-Jun-2025,Direct
3643,"Jones, Tran and Nichols",US,11-50,26-Dec-2023,Referral
3644,"Medina, Miller and Yates",United Kingdom,1-10,03/11/2024,Google Ads
3645,Knight-Wright,AU,1-10,31/07/2025,Organic Search
3646,Robles-White,Canada,201-1000,06/04/2025,LinkedIn Ads
3647,"Mathews, Perez and Love",CA,1-10,08/03/2025,Direct
3648,Arnold-Davis,Britain,1000+,02/14/2025,Organic Search
3649,Quinn Inc,UK,11-50,04/07/2024,Google Ads
3650,Perez PLC,AUS,51-200,11-Dec-2024,Referral
3651,"Woods, Garcia and Keith",U.K.,1-10,05/20/2025,Direct
3652,Flores Ltd,United Kingdom,1-10,04/25/2023,Google Ads
3653,Miller-Gonzalez,USA,1-10,04-Aug-2025,Organic Search
3654,"Lawrence, George and Evans",AUS,1-10,16/02/2023,Google Ads
3655,Perkins Inc,US,201-1000,17/08/2024,LinkedIn Ads
3656,"Tanner, Waters and Lee",CA,11-50,2025-07-27,Meta Ads
3657,"Mendez, Bryant and Smith",U.S.A,11-50,07-Aug-2024,Organic Search
3658,Guzman-Vasquez,United States,1000+,08/31/2024,Meta Ads
3659,Murphy Group,UK,1-10,29/02/2024,Google Ads
3660,"Campbell, Brewer and Baker",US,11-50,12/22/2024,
3661,"Wright, Hill and Hoffman",Australia,201-1000,20/06/2024,Organic Search
3662,Garrett-Rodriguez,United Kingdom,11-50,2025-09-26,Organic Search
3663,Freeman LLC,United States,201-1000,06/04/2024,Google Ads
3664,"Ruiz, Martin and Jones",Bharat,1-10,18-Oct-2025,Referral
3665,Chambers-Davis,United Kingdom,201-1000,2024-10-18,
3666,Peterson-Mcdaniel,CA,1-10,03/23/2024,Meta Ads
3667,Lewis PLC,U.S.A,1-10,10/02/2025,Referral
3668,Flores-Moreno,U.S.A,11-50,01/23/2025,Direct
3669,Cohen PLC,US,1000+,29/01/2025,Google Ads
3670,Moore-Miranda,IN,11-50,02-Oct-2023,Organic Search
3671,Phelps PLC,AUS,11-50,02/06/2023,Organic Search
3672,"Moore, Frye and Zavala",Bharat,1-10,21/01/2025,Direct
3673,"Larson, Butler and Barber",India,51-200,18/03/2025,Google Ads
3674,Cantu Group,US,1-10,2025-10-03,Meta Ads
3675,Wood-Torres,Bharat,11-50,05/10/2023,Meta Ads
3676,"Gomez, Mcgee and Cole",USA,1000+,06/09/2024,Google Ads
3677,Elliott-Farmer,United States,51-200,12/12/2023,
3678,Schmitt LLC,Britain,1-10,2024-04-23,Referral
3679,"Trujillo, Proctor and Wang",United States,11-50,21-Mar-2023,Referral
3680,Cardenas and Sons,United Kingdom,1-10,25/02/2023,Referral
3681,Wall-Johnson,AU,201-1000,2024-04-29,Meta Ads
3682,Gibbs-Nguyen,Canada,51-200,22-Feb-2024,Organic Search
3683,"Stevenson, Salinas and Williamson",UK,11-50,03/14/2024,Organic Search
3684,Gates-Rodriguez,Britain,1-10,2023-06-28,Google Ads
3685,David-Watkins,USA,201-1000,2023-06-26,Organic Search
3686,Harrington Group,US,1-10,2023-03-12,LinkedIn Ads
3687,"Moyer, Mccarthy and Wright",Britain,51-200,2024-09-10,Google Ads
3688,"Willis, Brown and Brown",United Kingdom,1-10,20/03/2024,Meta Ads
3689,Hill-Wood,USA,51-200,23-Apr-2024,Referral
3690,Rodriguez-Taylor,Canada,1-10,2025-09-18,Referral
3691,"Jones, Rowland and Oconnor",Bharat,1-10,08/09/2025,Meta Ads
3692,Sawyer PLC,India,1-10,05/24/2024,Referral
3693,Andrews-Hoffman,U.S.A,1-10,11/03/2025,Referral
3694,Sanchez-Armstrong,U.S.A,1-10,11/08/2023,Referral
3695,"Green, Schmidt and Carter",USA,1000+,2025-10-15,LinkedIn Ads
3696,"Dawson, Edwards and Castaneda",U.S.A,1000+,05/03/2023,Referral
3697,Burgess-Lewis,U.S.A,1-10,08/03/2025,Meta Ads
3698,Mcdonald-Murray,USA,1000+,10/08/2023,
3699,Gonzalez-Mata,US,51-200,2025-12-06,Referral
3700,Scott-Adkins,United States,1-10,05/11/2025,Google Ads
3701,Taylor Ltd,U.S.A,1-10,23/08/2024,Organic Search
3702,Simmons-Shaffer,US,51-200,11-Jan-2023,LinkedIn Ads
3703,"Brooks, Knight and Forbes",Canada,11-50,2025-02-04,Meta Ads
3704,"Marks, Murphy and Ryan",United States,51-200,11/05/2025,Direct
3705,Andrews-Walters,India,11-50,27/05/2025,Organic Search
3706,"Jones, Davis and Grant",USA,,10/25/2023,LinkedIn Ads
3707,"Santos, Lee and Jones",US,1-10,11/28/2025,LinkedIn Ads
3708,"Jordan, Hill and Hayes",CA,11-50,21/07/2023,
3709,"Hernandez, Rivera and White",US,201-1000,07-Dec-2024,
3710,"Morgan, Rose and Schwartz",US,11-50,2023-01-10,Google Ads
3711,Preston-Morales,USA,51-200,2023-08-19,Organic Search
3712,Smith-Clayton,Britain,,08/31/2023,Meta Ads
3713,Hernandez-Foley,USA,51-200,29-Mar-2025,Google Ads
3714,"Craig, Nguyen and Ellis",US,1-10,12-Jun-2024,Meta Ads
3715,"Gonzalez, Underwood and Schaefer",Canada,11-50,20-Oct-2025,Direct
3716,"Camacho, Hernandez and Mejia",IN,1000+,07/29/2024,Referral
3717,Parker Inc,USA,201-1000,15/01/2023,Google Ads
3718,Harrell-Hebert,USA,1000+,27/03/2024,Meta Ads
3719,"Clark, Turner and Coleman",Bharat,51-200,30-Jun-2025,Referral
3720,Hall-Gillespie,India,,27/10/2024,Organic Search
3721,Johnson-Rich,United States,,12/04/2025,Direct
3722,Martinez-Gould,U.K.,1-10,09/02/2023,Referral
3723,Wallace Ltd,AUS,1-10,07-Aug-2025,Organic Search
3724,"Clark, Williams and Gonzales",Bharat,201-1000,17-Nov-2024,Google Ads
3725,Harris Group,U.S.A,11-50,05/26/2025,Meta Ads
3726,"Olsen, Davis and Thompson",AU,51-200,2024-12-25,Google Ads
3727,"Ramsey, Martinez and Sherman",United States,1-10,04-Jul-2025,Meta Ads
3728,Shepard Ltd,UK,51-200,03/10/2024,Referral
3729,"Howard, Cowan and Perry",Britain,,2023-07-06,Organic Search
3730,Galloway PLC,United Kingdom,51-200,09/14/2023,Organic Search
3731,Woods-Hicks,Canada,201-1000,25-Mar-2023,Referral
3732,Smith-James,United Kingdom,1-10,13/08/2024,Organic Search
3733,Ross-Mathews,US,51-200,03/11/2023,Referral
3734,Ward-Collins,Britain,201-1000,05/01/2025,Organic Search
3735,Perez-Haynes,USA,201-1000,04/29/2025,Meta Ads
3736,"Schneider, Price and Ruiz",United States,11-50,11/30/2024,Google Ads
3737,Blair-Merritt,CA,201-1000,2023-05-30,Direct
3738,Cunningham and Sons,Canada,1-10,2023-06-05,LinkedIn Ads
3739,"Moore, Neal and Farmer",Canada,51-200,04-May-2023,LinkedIn Ads
3740,Carlson and Sons,AUS,1000+,11-Mar-2024,Referral
3741,"Guerrero, Watson and Perry",Canada,11-50,05/08/2024,Organic Search
3742,Barnes and Sons,United Kingdom,11-50,18/08/2025,Referral
3743,"Sanford, Harmon and Patrick",United States,1-10,18/11/2023,Organic Search
3744,Powell-Brooks,IN,11-50,09/16/2025,Organic Search
3745,Howell-Johnson,India,11-50,31-May-2025,Organic Search
3746,Rivera Group,Britain,11-50,2024-09-21,Referral
3747,Moss and Sons,Australia,1-10,08/25/2025,Referral
3748,Williams-Bennett,USA,11-50,09/25/2025,Google Ads
3749,"Sharp, Jackson and Garcia",CA,1-10,2024-04-05,LinkedIn Ads
3750,Prince-Davis,UK,11-50,07/13/2024,Organic Search
3751,Rodriguez Group,Bharat,201-1000,2025-06-20,Direct
3752,Lucero-Chase,AUS,51-200,07/04/2024,Meta Ads
3753,"Alexander, Vincent and Pacheco",US,51-200,03-Jul-2023,LinkedIn Ads
3754,Anderson-Douglas,U.K.,201-1000,08/01/2023,Referral
3755,Krueger-Barnett,India,11-50,2024-01-16,Google Ads
3756,"Gonzalez, Robinson and Anderson",U.S.A,1-10,07/06/2024,Direct
3757,"Davis, Powell and Eaton",United States,51-200,08/03/2025,
3758,Wright LLC,United States,11-50,06/05/2025,Google Ads
3759,Blair LLC,USA,51-200,2024-12-02,Google Ads
3760,Page-Murray,US,11-50,05/03/2024,Direct
3761,"Meyer, Ray and Stephenson",U.S.A,1-10,04/17/2024,Meta Ads
3762,Murphy LLC,USA,1-10,11/08/2025,Referral
3763,"Thomas, Doyle and Rosales",USA,1-10,2023-07-28,Referral
3764,"Bullock, Cruz and Williams",US,51-200,10/19/2023,Meta Ads
3765,Petty Inc,USA,1-10,27/01/2024,Referral
3766,Walters and Sons,U.K.,11-50,2025-03-27,Direct
3767,"Castillo, Mathews and Lopez",USA,1-10,2025-06-19,LinkedIn Ads
3768,"Sullivan, Haney and Chavez",Britain,11-50,28-Feb-2025,Referral
3769,Gardner-Wilson,AUS,1-10,21/09/2024,Referral
3770,Rios-Robertson,UK,1-10,06/10/2025,Meta Ads
3771,Rogers-Stafford,U.S.A,11-50,05/12/2025,Organic Search
3772,Peterson-Wiggins,Bharat,1-10,19/03/2023,LinkedIn Ads
3773,"Bryant, Davis and Chase",India,1-10,02/01/2025,Google Ads
3774,"Baker, Casey and Simmons",CA,51-200,06/15/2023,
3775,Oconnell and Sons,Britain,11-50,03/17/2023,LinkedIn Ads
3776,Martinez-Bailey,US,11-50,2025-12-25,Google Ads
3777,Graham-Joyce,Australia,11-50,18/04/2024,Google Ads
3778,Burch PLC,US,11-50,22/12/2024,LinkedIn Ads
3779,Parsons and Sons,Britain,11-50,2024-04-11,Meta Ads
3780,"Garner, Fox and Chan",US,51-200,18-Oct-2024,Meta Ads
3781,"Heath, Warren and Mcbride",U.S.A,,2023-04-30,Google Ads
3782,Ryan-Steele,USA,201-1000,15/08/2025,Meta Ads
3783,"Jackson, Moore and Becker",U.S.A,1-10,02/08/2025,Organic Search
3784,"Walters, Montgomery and Bridges",U.S.A,11-50,2024-07-02,Organic Search
3785,"Hernandez, Dunlap and Lynch",Bharat,1-10,2023-09-11,Google Ads
3786,Price-Boyd,India,11-50,12/11/2023,Meta Ads
3787,English-Mcdonald,Bharat,11-50,01/01/2025,Organic Search
3788,Griffith LLC,Bharat,11-50,17-Feb-2023,LinkedIn Ads
3789,"Barnett, Clark and Quinn",Bharat,1-10,09-Aug-2023,Meta Ads
3790,"Chung, Brown and Jenkins",U.K.,201-1000,06/06/2024,Referral
3791,Myers and Sons,India,,10/28/2024,Direct
3792,"Barnes, Vargas and Wright",United States,11-50,2024-01-27,Referral
3793,Jones-Richmond,UK,1-10,06/30/2025,Referral
3794,Taylor-Morales,UK,1-10,2025-10-27,Google Ads
3795,"Singh, Blackburn and Hernandez",Britain,11-50,28/07/2024,Organic Search
3796,Thomas-Hill,USA,1-10,03/01/2025,LinkedIn Ads
3797,Smith-Wilson,AU,11-50,2024-12-29,
3798,Warren-Ingram,US,,2025-05-09,Meta Ads
3799,"Ruiz, Guerrero and Evans",U.S.A,11-50,2024-06-15,LinkedIn Ads
3800,Weaver PLC,UK,1-10,12/30/2023,Meta Ads
3801,Hernandez-Beard,IN,51-200,2025-04-17,Organic Search
3802,"Peterson, Nelson and Travis",US,1-10,09/09/2023,Organic Search
3803,Massey-Scott,Bharat,1-10,2025-04-01,Referral
3804,"Owens, Richards and Walter",India,11-50,2023-12-09,Referral
3805,"Glenn, Freeman and Carter",United States,1-10,2023-05-21,Meta Ads
3806,"Garcia, Bright and Morrison",Canada,51-200,2025-02-27,Organic Search
3807,"Grimes, Allen and Horn",U.S.A,1-10,04/02/2025,Meta Ads
3808,Copeland-Richmond,AU,11-50,2025-04-23,Google Ads
3809,Brown-Garcia,United Kingdom,11-50,29-Sep-2024,Google Ads
3810,Kirby-Oconnor,United States,1-10,2025-05-15,Direct
3811,Bowman-Murphy,IN,1-10,23-Dec-2024,Google Ads
3812,"Huff, Bird and Miller",United States,11-50,12-Mar-2024,Organic Search
3813,Marquez Group,U.K.,1-10,2025-02-28,LinkedIn Ads
3814,"Hamilton, Baker and Osborn",USA,51-200,2025-04-28,Organic Search
3815,"Freeman, Obrien and Cunningham",CA,11-50,05/31/2023,LinkedIn Ads
3816,"Stone, Schaefer and Reyes",United States,201-1000,17/06/2023,Organic Search
3817,"Rodriguez, Massey and Day",AU,1-10,03/29/2024,Google Ads
3818,Ward Ltd,UK,11-50,02-May-2023,Google Ads
3819,"Mckee, Fisher and Long",Bharat,51-200,10/31/2025,Direct
3820,"Williams, Holland and Alexander",Bharat,201-1000,08/04/2025,
3821,Berry-Mills,USA,,11-Apr-2023,Referral
3822,Li-Fuller,Bharat,1-10,2023-01-28,Organic Search
3823,Caldwell-Johnson,IN,1-10,07/29/2023,Referral
3824,"White, Mccoy and Murphy",U.K.,11-50,28-Jul-2024,
3825,Knapp-Pham,AU,11-50,03/13/2023,Google Ads
3826,"Bryant, Macdonald and Howard",UK,11-50,14-Dec-2024,Google Ads
3827,"Cooper, Beltran and Wright",USA,1-10,02/02/2023,Meta Ads
3828,Bowers-Nguyen,Canada,51-200,10/09/2024,Organic Search
3829,"Ritter, Baker and Leon",Bharat,201-1000,25-Jun-2023,Referral
3830,Hansen PLC,Britain,11-50,10-Sep-2023,Meta Ads
3831,"Morris, Morales and Bailey",United Kingdom,1000+,10/03/2023,Direct
3832,Kirk Inc,Canada,51-200,09/05/2023,Meta Ads
3833,Bell-Medina,USA,11-50,09/23/2024,Google Ads
3834,Stewart LLC,United Kingdom,11-50,13-Sep-2023,Meta Ads
3835,Sloan Inc,United States,51-200,15/01/2025,LinkedIn Ads
3836,"Sullivan, Howell and Fowler",US,1000+,2024-01-03,Meta Ads
3837,Harris-Chase,US,51-200,06/12/2025,
3838,Bell-Shaffer,United States,51-200,26/11/2024,Google Ads
3839,Fischer-Chung,United States,51-200,21-Jan-2024,LinkedIn Ads
3840,Smith-Lopez,Bharat,1-10,2024-04-15,Google Ads
3841,Stout-Graves,United States,201-1000,28/10/2023,Organic Search
3842,"Phillips, Castro and Thompson",IN,1-10,06/03/2023,Google Ads
3843,"Dominguez, Gonzalez and Davis",U.K.,51-200,08/02/2024,Organic Search
3844,"Melendez, Alvarado and Phelps",IN,51-200,03/04/2023,Google Ads
3845,Baldwin PLC,USA,11-50,2025-10-04,Organic Search
3846,Sanders-Morse,United Kingdom,51-200,03/29/2023,Organic Search
3847,Kirk Ltd,U.S.A,51-200,29-Nov-2025,Referral
3848,Austin-Arellano,U.S.A,1000+,07/13/2025,Referral
3849,Key-Ramos,US,11-50,10/25/2025,LinkedIn Ads
3850,Sanchez and Sons,Australia,1-10,06-Oct-2024,Organic Search
3851,"Haney, Johnson and Walker",U.S.A,51-200,14/12/2025,Referral
3852,"Lucero, Sanchez and Perez",US,11-50,2024-04-16,LinkedIn Ads
3853,"Cain, Thomas and Phillips",CA,11-50,23/03/2025,
3854,Mathews Group,Britain,1-10,04/09/2024,
3855,Perry-Arnold,U.S.A,1-10,10/03/2024,Organic Search
3856,"Lee, Lopez and Stone",UK,11-50,2023-07-30,Referral
3857,Burton-Oneal,U.K.,1-10,2023-06-18,Direct
3858,Francis-Mann,U.S.A,1-10,06/17/2023,Meta Ads
3859,Lara-Baker,CA,1-10,08/02/2025,Direct
3860,Diaz-Schaefer,United States,1-10,01/12/2025,Referral
3861,Rubio and Sons,U.S.A,,15-Aug-2025,Google Ads
3862,Heath-Andersen,US,11-50,10/13/2025,Organic Search
3863,"Alvarez, Edwards and Aguirre",Bharat,11-50,2025-12-22,Google Ads
3864,"Perez, Bailey and Park",Canada,11-50,08/25/2023,Organic Search
3865,"Nicholson, Walker and Adams",UK,1-10,20/11/2025,
3866,Stevens Group,USA,1-10,12/09/2023,Referral
3867,Garza-Brown,U.S.A,51-200,28/02/2024,Direct
3868,"Santos, Huang and Woods",Bharat,1-10,08/06/2025,LinkedIn Ads
3869,"Hernandez, Fleming and Jones",U.S.A,11-50,2025-02-27,Direct
3870,"Hill, King and Mosley",IN,1000+,12/02/2025,Google Ads
3871,Padilla-Bender,USA,1-10,09/18/2023,Referral
3872,Lewis-Hayes,AU,11-50,04-Dec-2023,Referral
3873,"Terry, Torres and Hall",India,1-10,02/26/2024,Google Ads
3874,"Shah, Thomas and Ryan",United Kingdom,,03-Apr-2025,Direct
3875,"Matthews, Huffman and Arellano",Canada,1-10,08-Jan-2024,Organic Search
3876,"Wilson, Madden and Austin",United Kingdom,1000+,19-Aug-2023,Organic Search
3877,"Gutierrez, Martin and Lee",US,1-10,2024-01-07,Referral
3878,"Ayala, Mayo and Houston",United Kingdom,11-50,2024-09-20,Organic Search
3879,Banks Group,U.S.A,11-50,23-Nov-2024,Direct
3880,"Wilson, Davis and Shah",U.K.,1-10,2023-12-08,Google Ads
3881,"Haynes, Jennings and Ballard",U.S.A,201-1000,02/01/2024,Meta Ads
3882,Horton-Taylor,Britain,11-50,2025-09-02,Organic Search
3883,White-Collins,US,11-50,2023-07-02,Direct
3884,Davis-Green,CA,11-50,2024-01-02,LinkedIn Ads
3885,"Miller, Hayes and Davis",IN,,11/04/2025,
3886,Smith-Obrien,IN,11-50,09/22/2024,Google Ads
3887,"Brown, Brooks and Jackson",CA,51-200,2023-11-17,
3888,"Smith, Murphy and Torres",AU,1-10,17-Mar-2025,Direct
3889,"Elliott, Villarreal and Sosa",AU,1-10,2023-02-07,Organic Search
3890,Fields Group,U.S.A,11-50,04/04/2024,Direct
3891,Nichols LLC,UK,11-50,2025-03-03,Direct
3892,Wiggins and Sons,Australia,1-10,07/27/2025,
3893,"Brooks, Thompson and Alexander",Britain,201-1000,21-Nov-2023,Direct
3894,Howell PLC,U.S.A,1-10,05-Feb-2024,Referral
3895,Rodriguez-Vega,United States,51-200,08/13/2025,Google Ads
3896,"Stone, Mccullough and Jimenez",U.S.A,1-10,11/06/2025,LinkedIn Ads
3897,"Moore, Austin and Rogers",India,1-10,12/08/2025,Organic Search
3898,Mcfarland-Kelley,CA,51-200,08/23/2024,Direct
3899,Bowers-Raymond,U.S.A,1-10,04/15/2023,Google Ads
3900,"Spencer, Morgan and Diaz",AUS,51-200,03/17/2025,Referral
3901,Horne Group,US,1000+,26/06/2024,Organic Search
3902,Bauer Inc,U.S.A,201-1000,2024-06-01,Organic Search
3903,Brown-Haas,India,,06/25/2025,Organic Search
3904,Cochran-Browning,USA,1-10,13-Jun-2024,Google Ads
3905,"Webster, Garza and Abbott",United Kingdom,11-50,14-Sep-2025,Meta Ads
3906,Alvarado LLC,Canada,51-200,2024-01-18,Google Ads
3907,"Hart, Park and Boyd",IN,,01-Mar-2023,LinkedIn Ads
3908,"Day, Campbell and Taylor",United States,1-10,02-Mar-2025,Referral
3909,Carter Ltd,USA,11-50,04/14/2025,Google Ads
3910,Powell-Bennett,US,11-50,03/19/2025,Organic Search
3911,Johnson-Garcia,AU,1-10,18/03/2023,Referral
3912,"Webb, Price and Jimenez",AU,1-10,29-Aug-2025,
3913,Townsend-Hale,Australia,201-1000,04/20/2023,Google Ads
3914,"Guerra, Lopez and Davis",Australia,1-10,11/02/2024,Meta Ads
3915,"Adkins, Duncan and Thompson",Britain,11-50,2024-02-19,
3916,Stevenson-Ferguson,USA,11-50,20/10/2024,Organic Search
3917,Rasmussen Group,Australia,51-200,05/12/2024,Referral
3918,Bell PLC,India,201-1000,04/06/2025,LinkedIn Ads
3919,Colon Ltd,United States,11-50,24/11/2023,Google Ads
3920,Rodgers-Warren,UK,11-50,20-Jan-2024,Meta Ads
3921,"Williams, Lewis and Bryant",Canada,201-1000,2024-02-29,Google Ads
3922,Stafford Ltd,United States,11-50,29-Sep-2025,Referral
3923,Jones-Harris,United States,1-10,25-May-2025,LinkedIn Ads
3924,Duncan PLC,U.K.,1000+,15-Nov-2025,Referral
3925,Mccullough Inc,Britain,,03-Nov-2024,Organic Search
3926,Smith-Allen,IN,11-50,14/01/2024,Organic Search
3927,Joyce-Benitez,IN,1-10,08-Jun-2024,Direct
3928,Moore PLC,Bharat,201-1000,30-Jun-2024,Direct
3929,Becker-Mckinney,Canada,1-10,19-Feb-2023,Google Ads
3930,"Collins, Bentley and Valdez",U.K.,,13/11/2023,Organic Search
3931,Ortiz-Smith,United States,11-50,24/09/2023,Organic Search
3932,Bennett-Kirby,USA,11-50,18/05/2024,Direct
3933,Montoya Group,United States,1-10,12/24/2024,Referral
3934,Greene-Sims,USA,1-10,2023-02-22,Referral
3935,Williams-Wang,U.K.,1-10,09/01/2023,Google Ads
3936,Alvarado and Sons,Bharat,201-1000,2025-02-26,Google Ads
3937,Walsh Inc,India,201-1000,01-May-2024,Google Ads
3938,Barrera Group,India,11-50,23/11/2025,Referral
3939,Harding LLC,UK,51-200,2024-07-08,Meta Ads
3940,"Espinoza, Neal and Mitchell",United States,11-50,18/11/2023,Referral
3941,Mitchell-Hudson,U.K.,11-50,27-Sep-2023,Referral
3942,Juarez Group,U.S.A,51-200,07-May-2025,
3943,Clements PLC,UK,201-1000,20-Apr-2023,Google Ads
3944,Gonzalez-Holmes,AUS,11-50,24-Oct-2025,
3945,Harrison Inc,U.K.,201-1000,24/08/2023,Referral
3946,Allen PLC,IN,51-200,04/13/2025,
3947,Kim-Thomas,U.K.,51-200,10-Dec-2024,Organic Search
3948,"Hammond, Bates and Gordon",AU,1-10,12/11/2025,Google Ads
3949,Mack Ltd,U.K.,11-50,06-Sep-2024,Referral
3950,Peterson LLC,USA,1-10,27/01/2025,Organic Search
3951,Bell and Sons,AU,,23-May-2024,LinkedIn Ads
3952,"Brown, James and Arroyo",AUS,11-50,05-Aug-2024,Meta Ads
3953,"Brown, White and Lee",Canada,11-50,06/12/2025,Google Ads
3954,"Griffith, Johnson and Alexander",US,,01/15/2025,Meta Ads
3955,Guzman LLC,U.K.,11-50,12/02/2023,Google Ads
3956,"Martin, Payne and Stewart",Britain,11-50,2025-03-24,Referral
3957,"Ferguson, Montgomery and Jackson",India,1-10,19-Jul-2024,
3958,Wood-Thomas,US,11-50,19-Nov-2024,Referral
3959,Sutton Inc,AUS,51-200,10/06/2025,Direct
3960,Smith-Brown,U.S.A,11-50,2025-04-29,Google Ads
3961,Mack-Wilson,United States,,03/03/2023,Referral
3962,Gill Inc,US,11-50,08/23/2025,Referral
3963,"Gardner, Smith and Holloway",UK,11-50,11/03/2025,Referral
3964,Pineda-Newman,AU,1-10,10-May-2025,Organic Search
3965,Jennings-Hughes,India,1-10,2023-06-30,Meta Ads
3966,"Young, Henry and Wright",US,1-10,24/02/2024,
3967,"Gibson, Calhoun and Hernandez",Bharat,51-200,2024-05-01,Direct
3968,"Suarez, Walker and Mitchell",United States,11-50,2024-04-28,Organic Search
3969,"Thompson, Coffey and Kidd",UK,1-10,12/17/2025,Direct
3970,Richardson Inc,IN,1-10,2025-04-07,Referral
3971,Trujillo-Thomas,U.K.,51-200,11/15/2025,Google Ads
3972,Jenkins-Hobbs,US,51-200,11/01/2023,
3973,Archer and Sons,India,51-200,07-Dec-2023,Organic Search
3974,"Gomez, Mcmahon and Fisher",Britain,51-200,06/27/2025,Meta Ads
3975,Murray-Chavez,United Kingdom,201-1000,18-Sep-2024,Meta Ads
3976,Ford-Morgan,US,51-200,07-Nov-2024,LinkedIn Ads
3977,"Ross, Cummings and Harris",USA,,02/14/2025,Organic Search
3978,Gould Ltd,U.S.A,11-50,2025-03-10,Direct
3979,"Mueller, Cox and Ford",Bharat,51-200,08/01/2024,Organic Search
3980,Brooks-Parker,U.S.A,1-10,09-Oct-2023,Google Ads
3981,Thomas-Rodriguez,U.S.A,1-10,12-May-2023,LinkedIn Ads
3982,"Chavez, Conway and Sosa",UK,201-1000,16-Apr-2023,Referral
3983,"Jenkins, Gonzalez and Morgan",IN,51-200,03/28/2025,Organic Search
3984,Keller PLC,United Kingdom,201-1000,04/21/2023,Meta Ads
3985,White-Ramos,IN,1-10,05/19/2025,Meta Ads
3986,"Clark, Bradley and Jackson",Canada,1-10,14/08/2025,LinkedIn Ads
3987,"Becker, Hammond and Davidson",AUS,1-10,12/30/2023,Meta Ads
3988,"Casey, Gonzalez and Jenkins",Britain,201-1000,2023-07-24,Google Ads
3989,Sanchez-Rodgers,U.K.,51-200,14-Feb-2023,LinkedIn Ads
3990,Stewart-Fitzpatrick,AU,1-10,16/10/2024,Google Ads
3991,"Schmidt, Fuller and Johnson",AU,201-1000,22/10/2025,LinkedIn Ads
3992,Buchanan Inc,U.S.A,51-200,04/08/2023,Google Ads
3993,Phelps-Edwards,United States,1-10,02-Oct-2025,Meta Ads
3994,Harris-Hernandez,US,11-50,2025-04-12,Organic Search
3995,Hanson-Stewart,IN,1-10,29/05/2025,Google Ads
3996,Alvarez-Padilla,United States,11-50,2025-09-18,Referral
3997,Turner-Lang,United Kingdom,201-1000,11/10/2023,Direct
3998,Lester and Sons,USA,1-10,2025-07-30,Direct
3999,Perry PLC,United States,11-50,09/16/2023,Google Ads
4000,"Ortiz, Hoffman and Fuller",United States,1-10,26-Dec-2023,LinkedIn Ads
4001,White-Lewis,India,11-50,05-Jun-2025,Referral
4002,"OWEN, WALKER AND FRANKLIN",India,201-1000,08-Dec-2025,Google Ads
4003, Morris-Brewer,USA,1000+,30/05/2025,Direct
4004,anderson-mcclain,Canada,11-50,03/16/2025,Organic Search
4005,"Brown, Schneider and Moore ",U.S.A,11-50,30-Oct-2023,Meta Ads
4006," Lopez, Nichols and Clarke",U.S.A,11-50,01-Sep-2025,Google Ads
4007,Jackson-Phillips ,United States,1-10,25/06/2025,LinkedIn Ads
4008,Lopez-Reid ,CA,51-200,14/01/2025,Referral
4009,Medina-Arroyo ,U.S.A,1-10,02/12/2025,Organic Search
4010,"shaffer, garcia and richardson",USA,1-10,19-Aug-2025,Google Ads
4011," Tran, Jordan and Williams",U.K.,1000+,01/22/2024,Google Ads
4012, Porter Inc,Canada,11-50,2023-04-13,Google Ads
4013,hardy-hansen,United States,1-10,2025-06-01,Direct
4014,HERNANDEZ-BOWMAN,US,11-50,2024-09-06,Google Ads
4015,ray ltd,CA,1-10,2023-03-25,Meta Ads
4016," Henderson, Wagner and Dennis",CA,11-50,08/01/2025,Google Ads
4017, Welch-Hogan,UK,11-50,12/12/2023,Google Ads
4018,LEE-MUNOZ,Australia,1-10,10/09/2025,LinkedIn Ads
4019,long-parks,USA,1-10,2025-11-04,LinkedIn Ads
4020, Arias-Morales,USA,11-50,2024-10-21,LinkedIn Ads
4021,"Moreno, Barajas and Colon ",Bharat,11-50,16-Aug-2024,Organic Search
4022,POWELL-MONTGOMERY,U.S.A,201-1000,01/03/2024,Google Ads
4023,"ROSS, FLOWERS AND KING",IN,51-200,05/23/2024,Organic Search
4024,LI PLC,US,1-10,04/25/2025,Google Ads
4025,"Morgan, Espinoza and Buchanan ",Australia,11-50,06/11/2023,Referral
4026," Morris, Thompson and Williams",United States,51-200,06/09/2025,Google Ads
4027,"Clark, Guerrero and Moore",United States,51-200,2023-07-03,Google Ads
4028, Perry and Sons,Bharat,1-10,29/04/2025,Organic Search
4029,NELSON PLC,IN,1-10,02-Feb-2023,Meta Ads
4030, Jackson Inc,Bharat,11-50,01-Apr-2025,Meta Ads
4031,"Paul, Zamora and Short",UK,51-200,12/03/2023,Referral
4032,LEVY-MAY,U.S.A,11-50,09/06/2023,Direct
4033,Guerrero Inc ,United Kingdom,51-200,10/19/2023,Google Ads
4034," Soto, Vaughn and Griffin",CA,11-50,2023-05-22,LinkedIn Ads
4035,"POLLARD, SIMPSON AND JOHNSON",India,1-10,2023-09-29,LinkedIn Ads
4036,"PHILLIPS, TERRY AND LOPEZ",Bharat,1000+,14/12/2024,Meta Ads
4037,"young, contreras and marshall",USA,51-200,23-Apr-2023,Google Ads
4038,MOORE-DAWSON,U.K.,11-50,10/30/2024,Organic Search
4039,Strickland and Sons,U.S.A,51-200,12/07/2023,Referral
4040,PHELPS-PHILLIPS,Britain,1-10,2024-01-19,Referral
4041," Saunders, Ray and Cunningham",United States,1-10,05/16/2025,
4042," Ellis, Smith and Moore",USA,51-200,10-May-2024,Organic Search
4043,"Porter, Schultz and Allen",USA,1-10,2024-04-09,Google Ads
4044,anderson-campbell,Australia,51-200,08-Apr-2024,LinkedIn Ads
4045,"morales, cardenas and mcdowell",US,1000+,16/12/2025,Meta Ads
4046,hunter-bell,United Kingdom,1-10,2023-06-01,Organic Search
4047,"Braun, Hester and Smith ",Bharat,11-50,09/10/2024,Meta Ads
4048,becker-mckinney,Canada,1-10,19-Feb-2023,Google Ads
4049,Bell-Hardy,Canada,51-200,2024-10-07,Google Ads
4050,hernandez-moran,U.S.A,1-10,26/03/2025,LinkedIn Ads
4051,blankenship-strickland,United Kingdom,11-50,09/10/2024,
4052,MCDANIEL GROUP,AU,201-1000,04/01/2025,Google Ads
4053,Wagner LLC ,Bharat,51-200,11/05/2023,Google Ads
4054,Alexander-Jordan ,AUS,,08-Oct-2025,
4055,King-York,US,51-200,22/05/2025,
4056,Mooney and Sons ,Canada,,2025-09-15,Referral
4057,"Fry, Myers and Gamble",Bharat,1-10,09/30/2023,Organic Search
4058,King-Garrison ,USA,11-50,18-May-2025,Meta Ads
4059,TODD-HARVEY,Australia,11-50,2025-05-14,Referral
4060," Keith, Johns and Jones",USA,11-50,20/12/2023,
4061,Jackson PLC ,Britain,1-10,01/02/2024,Meta Ads
4062," Cooper, Gutierrez and Brewer",United States,1-10,07/17/2023,Referral
4063,HERNANDEZ-VAUGHN,US,11-50,08-Jul-2023,
4064, Hill-Flores,United Kingdom,1-10,2024-09-19,LinkedIn Ads
4065,Gutierrez-Marshall,U.S.A,1-10,10-Nov-2023,LinkedIn Ads
4066,Perez-Rojas ,United Kingdom,51-200,2025-12-26,Referral
4067,wong ltd,AU,1-10,07/23/2025,LinkedIn Ads
4068,"flores, thomas and bush",US,1-10,2024-03-02,Organic Search
4069,"BRENNAN, WALLACE AND BENSON",Britain,,10/11/2024,LinkedIn Ads
4070,Mccarthy-Kelly,U.S.A,11-50,04/04/2025,Organic Search
4071,foster-mclaughlin,Britain,,06/30/2024,LinkedIn Ads
4072,"CHAN, FLOYD AND DILLON",US,51-200,21/04/2023,Organic Search
4073,butler-french,United States,51-200,2025-09-02,LinkedIn Ads
4074,Hawkins-Hunt ,Canada,1-10,27-Nov-2023,Google Ads
4075,jordan-harper,U.S.A,1-10,2023-11-22,Referral
4076, Davis-Wong,Britain,11-50,2024-03-31,Google Ads
4077,"Nelson, Cole and Allen ",US,51-200,08/02/2025,LinkedIn Ads
4078, Henderson Ltd,USA,11-50,2023-08-26,Google Ads
4079,"Erickson, Armstrong and Lee",Bharat,1-10,2024-01-07,Referral
4080,"Le, Lewis and Hayes ",US,1-10,06-Mar-2025,
