ticket_id,customer_id,created_date,resolved_date,priority,category
1,1,2025-01-10,2025-01-15,Low,Bug Report
2,1,2025-01-06,2025-01-07,Medium,Onboarding
3,2,2025-03-28,2025-03-31,Medium,Login Issue
4,5,2023-08-30,2023-09-07,High,Onboarding
5,5,2024-07-13,2024-07-14,Medium,Feature Request
6,5,2024-04-12,2024-04-25,Urgent,Onboarding
7,5,2025-01-04,2025-01-24,Low,Bug Report
8,6,2025-05-10,2025-05-13,Low,Onboarding
9,10,2023-01-04,2023-01-06,Low,Feature Request
10,12,2025-09-14,2025-09-22,Medium,Login Issue
11,12,2023-09-05,2023-09-14,Low,Login Issue
12,12,2024-10-14,2024-10-21,Medium,Onboarding
13,14,2025-07-01,2025-07-08,Urgent,Bug Report
14,14,2024-06-14,2024-06-19,Medium,Login Issue
15,15,2024-09-03,2024-09-04,Low,Billing
16,15,2024-01-25,2024-01-29,Low,Billing
17,15,2023-08-16,2023-08-18,Medium,Billing
18,16,2025-09-09,,Low,Login Issue
19,16,2024-12-24,2024-12-26,Medium,Feature Request
20,16,2024-06-14,2024-06-16,Low,Bug Report
21,17,2023-03-19,2023-03-21,Medium,Bug Report
22,20,2025-07-15,2025-07-17,Medium,Login Issue
23,21,2023-09-08,2023-09-10,Low,Login Issue
24,21,2025-10-19,2025-10-27,Medium,Billing
25,22,2024-09-11,2024-09-14,Low,Billing
26,22,2024-10-20,2024-10-22,Medium,Bug Report
27,22,2024-05-01,2024-05-03,Low,Feature Request
28,22,2024-12-13,2024-12-17,Medium,Billing
29,22,2024-04-15,2024-04-17,Medium,Bug Report
30,23,2025-08-27,2025-09-12,High,Billing
31,24,2023-04-22,2023-04-25,Medium,Billing
32,24,2024-05-06,2024-05-07,Medium,Billing
33,27,2024-11-23,2024-11-25,Medium,Billing
34,27,2023-04-29,2023-04-30,Low,Billing
35,27,2025-12-15,2025-12-17,Low,Bug Report
36,27,2024-01-29,2024-01-31,High,Billing
37,28,2024-08-16,2024-08-18,Low,Login Issue
38,28,2024-11-27,2024-11-28,High,Feature Request
39,29,2024-08-29,2024-09-08,Low,Feature Request
40,29,2025-02-17,2025-02-18,Medium,Billing
41,29,2025-12-29,2026-01-05,Medium,Billing
42,30,2024-12-08,2024-12-09,Low,Onboarding
43,32,2025-05-14,2025-05-15,Low,Login Issue
44,33,2024-04-09,2024-04-11,Medium,Login Issue
45,33,2024-01-06,2024-01-11,Low,Feature Request
46,34,2023-11-13,2023-12-02,Low,Login Issue
47,34,2024-10-06,2024-10-08,Low,Feature Request
48,34,2025-08-10,2025-08-12,Medium,Login Issue
49,35,2023-11-11,2023-11-12,Low,Feature Request
50,40,2023-10-24,2023-10-31,High,Billing
51,41,2024-06-01,2024-06-08,Low,Bug Report
52,41,2024-01-01,2024-01-04,Low,Onboarding
53,41,2025-09-29,2025-10-01,High,Onboarding
54,43,2025-07-03,2025-07-04,High,Billing
55,43,2025-08-12,2025-08-15,Urgent,Onboarding
56,44,2025-07-24,2025-07-31,Low,Bug Report
57,44,2024-05-18,2024-05-23,Low,Feature Request
58,44,2023-05-06,2023-05-09,Medium,Bug Report
59,45,2025-02-07,2025-02-11,Low,Login Issue
60,45,2024-06-05,2024-06-09,Medium,Feature Request
61,45,2023-06-18,2023-06-24,Low,Feature Request
62,46,2025-07-05,2025-07-06,Medium,Feature Request
63,46,2023-01-08,2023-01-11,High,Bug Report
64,47,2023-06-19,2023-06-20,Low,Feature Request
65,47,2024-11-02,2024-11-12,Low,Billing
66,47,2023-10-11,2023-10-21,Low,Onboarding
67,47,2023-03-04,2023-03-05,Low,Onboarding
68,47,2025-11-23,,Medium,Login Issue
69,48,2023-03-20,2023-03-26,Medium,Onboarding
70,51,2025-07-08,2025-07-11,Low,Login Issue
71,53,2023-11-26,2023-12-02,Medium,Onboarding
72,54,2023-11-07,2023-11-08,High,Bug Report
73,54,2024-05-27,2024-06-07,Medium,Billing
74,55,2025-12-31,2026-01-04,Medium,Billing
75,56,2024-04-23,2024-04-24,Low,Bug Report
76,57,2025-02-28,2025-03-02,Low,Bug Report
77,57,2025-09-30,2025-10-03,Low,Login Issue
78,57,2024-02-13,2024-02-22,Medium,Bug Report
79,57,2025-03-27,2025-04-02,High,Billing
80,57,2025-12-30,2025-12-31,Low,Feature Request
81,58,2024-11-14,2024-11-15,Medium,Onboarding
82,58,2025-03-17,2025-03-18,Low,Onboarding
83,58,2024-06-16,2024-06-17,Low,Bug Report
84,59,2024-11-22,,Low,Bug Report
85,59,2025-09-17,2025-09-19,Low,Bug Report
86,59,2024-03-22,2024-03-29,Medium,Billing
87,61,2023-02-09,2023-02-14,Urgent,Onboarding
88,62,2025-11-05,2025-11-06,Medium,Billing
89,64,2023-02-11,2023-02-15,Medium,Bug Report
90,65,2023-01-22,2023-02-03,Urgent,Feature Request
91,66,2024-04-08,2024-04-12,Medium,Feature Request
92,67,2024-02-16,2024-02-19,Low,Onboarding
93,67,2024-12-27,2025-01-03,Medium,Login Issue
94,67,2025-05-11,2025-05-19,Low,Billing
95,69,2023-11-08,2023-11-10,High,Onboarding
96,70,2023-01-12,2023-01-13,Medium,Bug Report
97,70,2023-07-24,2023-07-31,Medium,Login Issue
98,70,2024-11-12,2024-11-18,Medium,Onboarding
99,74,2024-06-20,2024-06-25,Medium,Billing
100,76,2023-12-18,2023-12-21,Low,Bug Report
101,76,2024-12-05,2024-12-06,High,Onboarding
102,76,2024-01-14,2024-01-21,Low,Feature Request
103,76,2024-12-12,2024-12-13,Medium,Login Issue
104,76,2023-02-18,2023-02-20,High,Login Issue
105,77,2023-09-02,2023-09-03,Low,Billing
106,78,2023-07-06,2023-07-15,Urgent,Feature Request
107,78,2025-08-30,2025-09-02,Medium,Bug Report
108,78,2024-08-30,2024-08-31,Urgent,Feature Request
109,78,2024-09-23,,Low,Feature Request
110,79,2025-02-20,2025-02-24,High,Billing
111,80,2024-01-23,2024-01-29,High,Login Issue
112,81,2025-02-19,2025-02-24,Medium,Login Issue
113,82,2025-05-19,2025-05-25,Medium,Login Issue
114,83,2025-07-22,2025-07-23,High,Onboarding
115,86,2023-10-23,2023-10-24,Low,Feature Request
116,86,2024-06-27,2024-06-30,Low,Feature Request
117,86,2023-11-25,,High,Feature Request
118,87,2024-04-14,2024-04-19,Urgent,Billing
119,87,2023-10-02,2023-10-09,Low,Onboarding
120,87,2025-11-30,2025-12-02,Low,Onboarding
121,89,2025-07-10,2025-07-11,Medium,Feature Request
122,89,2023-01-28,2023-01-29,Low,Bug Report
123,89,2025-08-28,2025-08-30,Medium,Login Issue
124,89,2025-04-16,2025-04-27,Medium,Onboarding
125,89,2024-09-25,,Medium,Bug Report
126,92,2025-11-17,2025-11-21,Low,Login Issue
127,92,2024-08-12,2024-08-22,Low,Feature Request
128,92,2025-07-10,2025-07-11,Medium,Login Issue
129,95,2024-03-11,2024-03-14,Low,Onboarding
130,95,2025-10-25,2025-10-30,High,Feature Request
131,95,2024-04-28,2024-04-29,Medium,Feature Request
132,96,2024-01-07,2024-01-13,High,Feature Request
133,96,2024-04-20,2024-04-25,Medium,Login Issue
134,96,2024-11-07,2024-11-11,Medium,Onboarding
135,96,2023-06-09,2023-06-22,Low,Bug Report
136,99,2025-03-15,2025-03-16,Medium,Bug Report
137,99,2023-05-29,2023-06-13,Medium,Feature Request
138,99,2023-02-25,2023-03-08,Low,Login Issue
139,99,2024-11-23,2024-11-30,Urgent,Feature Request
140,100,2025-05-31,2025-06-11,Low,Onboarding
141,105,2024-07-26,2024-08-09,Low,Feature Request
142,106,2023-04-24,2023-04-28,Medium,Bug Report
143,106,2023-01-27,2023-01-30,Low,Feature Request
144,106,2023-04-29,2023-05-01,Low,Onboarding
145,107,2025-06-21,2025-06-23,Medium,Onboarding
146,107,2024-06-20,2024-06-23,Medium,Bug Report
147,107,2024-02-27,2024-03-05,Low,Bug Report
148,107,2023-04-27,,High,Login Issue
149,107,2025-03-27,2025-04-03,Low,Billing
150,109,2024-09-08,,Low,Feature Request
151,110,2023-01-26,2023-01-28,Low,Billing
152,110,2023-05-07,2023-05-11,Medium,Bug Report
153,111,2025-04-07,2025-04-18,Low,Billing
154,111,2024-03-19,2024-03-20,Low,Billing
155,112,2023-08-31,2023-09-03,Medium,Billing
156,112,2025-09-22,2025-09-23,Urgent,Onboarding
157,112,2023-06-12,2023-06-18,High,Billing
158,114,2025-07-22,2025-07-31,Medium,Feature Request
159,114,2023-07-24,2023-07-25,Low,Bug Report
160,115,2024-09-16,2024-09-17,Medium,Onboarding
161,116,2024-05-22,2024-05-23,Medium,Onboarding
162,117,2024-03-11,2024-03-17,Medium,Bug Report
163,118,2024-11-20,2024-11-21,High,Billing
164,118,2023-04-16,2023-05-01,High,Feature Request
165,118,2024-08-07,2024-08-09,Medium,Login Issue
166,120,2023-04-16,2023-04-20,Medium,Bug Report
167,120,2025-01-26,2025-01-31,Medium,Feature Request
168,120,2024-11-27,,Low,Login Issue
169,122,2024-02-01,2024-02-02,Medium,Bug Report
170,122,2023-01-04,2023-01-05,Low,Feature Request
171,122,2024-08-02,2024-08-08,Low,Login Issue
172,122,2025-10-05,2025-10-06,Medium,Bug Report
173,122,2023-08-13,,Low,Bug Report
174,123,2023-09-24,2023-09-27,Medium,Billing
175,124,2025-06-05,2025-06-11,Low,Feature Request
176,125,2025-07-18,2025-07-20,Medium,Login Issue
177,125,2023-11-20,2023-11-26,High,Bug Report
178,127,2025-03-08,2025-03-10,Low,Login Issue
179,127,2023-01-30,2023-02-04,High,Bug Report
180,128,2025-06-02,2025-06-05,Low,Bug Report
181,128,2023-04-30,2023-05-09,Low,Bug Report
182,129,2023-01-25,2023-01-27,Low,Onboarding
183,129,2025-01-02,2025-01-08,Low,Login Issue
184,129,2024-09-21,2024-09-25,Medium,Onboarding
185,129,2024-10-21,2024-10-28,Low,Bug Report
186,129,2025-12-07,2025-12-16,Medium,Login Issue
187,131,2025-11-11,2025-11-22,High,Feature Request
188,131,2025-06-20,2025-06-25,Medium,Login Issue
189,132,2024-05-24,2024-05-26,High,Billing
190,132,2025-06-18,2025-06-19,Low,Bug Report
191,133,2025-09-27,2025-09-28,Low,Billing
192,134,2024-03-12,2024-03-13,Medium,Login Issue
193,134,2024-08-25,2024-08-26,High,Feature Request
194,134,2025-05-22,2025-06-02,High,Onboarding
195,135,2024-06-13,2024-06-16,Medium,Login Issue
196,135,2025-05-21,2025-05-24,Medium,Login Issue
197,135,2023-07-28,2023-07-30,High,Feature Request
198,135,2025-09-10,2025-09-13,Medium,Feature Request
199,135,2024-04-11,2024-04-29,Medium,Bug Report
200,136,2025-02-08,2025-02-09,High,Feature Request
201,137,2025-05-08,2025-05-10,Low,Login Issue
202,137,2025-09-26,2025-10-02,Medium,Bug Report
203,137,2023-03-18,2023-03-29,Medium,Feature Request
204,139,2023-12-10,2023-12-13,Medium,Feature Request
205,139,2025-02-02,2025-02-08,Medium,Feature Request
206,139,2023-12-01,2023-12-02,Urgent,Bug Report
207,140,2024-05-15,2024-05-20,Medium,Onboarding
208,140,2025-07-07,,High,Bug Report
209,140,2024-06-07,2024-06-26,Medium,Feature Request
210,140,2023-02-11,2023-02-15,Medium,Bug Report
211,143,2025-12-31,2026-01-01,Medium,Bug Report
212,143,2025-10-29,2025-11-06,Medium,Billing
213,143,2023-04-29,2023-05-05,Medium,Bug Report
214,144,2023-04-11,2023-04-13,Low,Feature Request
215,144,2023-08-11,2023-08-12,Low,Onboarding
216,145,2025-04-14,2025-04-19,High,Feature Request
217,145,2024-08-01,2024-08-06,High,Login Issue
218,145,2024-05-31,2024-06-02,Low,Onboarding
219,145,2023-05-05,2023-05-10,Medium,Bug Report
220,146,2025-07-26,2025-07-27,Medium,Login Issue
221,146,2025-12-06,2025-12-17,Low,Bug Report
222,149,2024-07-26,2024-07-28,High,Bug Report
223,150,2024-01-19,,Medium,Bug Report
224,150,2025-12-23,2026-01-01,High,Onboarding
225,151,2024-12-02,2024-12-04,Medium,Onboarding
226,151,2024-05-11,2024-05-16,High,Feature Request
227,151,2023-08-13,2023-08-17,Medium,Onboarding
228,152,2025-01-31,2025-02-01,Urgent,Onboarding
229,152,2024-04-12,2024-04-15,Medium,Feature Request
230,153,2025-07-24,,Medium,Onboarding
231,153,2025-04-24,2025-04-25,Medium,Onboarding
232,153,2025-06-21,2025-06-24,Low,Feature Request
233,153,2023-12-29,2024-01-01,Low,Billing
234,154,2023-04-27,2023-05-06,Medium,Billing
235,154,2023-07-05,2023-07-09,Low,Billing
236,154,2024-12-29,2025-01-07,Low,Bug Report
237,158,2024-03-19,2024-03-28,Medium,Feature Request
238,158,2025-04-22,2025-04-25,Low,Onboarding
239,158,2024-08-17,2024-08-18,Medium,Login Issue
240,159,2024-08-21,2024-08-30,Low,Feature Request
241,159,2023-03-19,2023-03-20,High,Feature Request
242,159,2024-06-04,2024-06-08,Medium,Onboarding
243,163,2024-02-21,2024-02-22,Medium,Billing
244,163,2024-03-15,2024-03-28,Medium,Login Issue
245,163,2024-12-24,2024-12-25,Low,Bug Report
246,167,2023-01-14,2023-01-16,Low,Login Issue
247,170,2025-02-03,2025-02-20,Low,Bug Report
248,171,2025-04-05,2025-04-06,Low,Onboarding
249,171,2025-07-30,2025-08-05,Low,Bug Report
250,174,2024-09-07,2024-09-12,Low,Onboarding
251,175,2023-04-26,2023-04-27,High,Login Issue
252,177,2023-06-05,2023-06-14,Medium,Feature Request
253,178,2023-03-03,2023-03-04,Low,Billing
254,180,2025-09-29,2025-10-04,Medium,Bug Report
255,181,2025-11-24,,Low,Feature Request
256,181,2025-06-29,2025-06-30,High,Bug Report
257,182,2023-12-14,2023-12-17,Low,Login Issue
258,182,2025-08-10,2025-08-15,Low,Feature Request
259,182,2024-11-22,2024-11-23,Medium,Billing
260,183,2025-11-16,2025-11-26,Low,Billing
261,184,2024-12-11,2024-12-13,High,Onboarding
262,184,2024-03-24,2024-03-25,Medium,Onboarding
263,185,2025-09-12,2025-09-20,Low,Onboarding
264,188,2023-09-30,2023-10-03,Medium,Login Issue
265,190,2024-05-16,2024-05-24,Medium,Onboarding
266,190,2025-05-30,2025-06-01,Medium,Billing
267,190,2024-11-26,2024-11-30,Low,Onboarding
268,191,2024-10-13,2024-10-28,Medium,Billing
269,192,2024-12-17,2024-12-19,Low,Feature Request
270,193,2024-04-19,2024-04-22,Medium,Login Issue
271,193,2024-10-28,2024-11-04,Medium,Login Issue
272,195,2025-02-07,2025-02-12,Low,Bug Report
273,195,2025-01-10,2025-01-17,High,Feature Request
274,196,2025-08-02,2025-08-04,High,Feature Request
275,196,2025-11-09,2025-11-12,Medium,Onboarding
276,196,2024-09-11,2024-09-12,High,Login Issue
277,196,2025-12-12,2025-12-19,Low,Login Issue
278,196,2023-11-01,2023-11-05,Medium,Bug Report
279,197,2025-06-27,2025-07-01,Medium,Login Issue
280,197,2024-01-26,2024-01-28,Medium,Login Issue
281,198,2024-05-21,2024-05-31,Low,Bug Report
282,198,2025-01-11,2025-01-16,Medium,Login Issue
283,198,2023-09-09,2023-09-10,Medium,Onboarding
284,199,2025-06-14,2025-06-20,High,Bug Report
285,200,2024-11-11,2024-11-12,Medium,Bug Report
286,202,2024-12-24,2024-12-26,Low,Onboarding
287,202,2023-08-12,2023-08-15,High,Billing
288,203,2024-03-08,2024-03-13,Low,Onboarding
289,203,2023-03-08,2023-03-13,Low,Feature Request
290,205,2024-01-21,2024-01-24,High,Feature Request
291,205,2024-09-30,2024-10-02,High,Feature Request
292,206,2025-05-12,2025-05-16,High,Feature Request
293,206,2024-08-25,2024-08-30,Low,Billing
294,212,2025-06-13,2025-06-15,Medium,Feature Request
295,213,2024-05-16,2024-05-20,Low,Onboarding
296,214,2024-01-18,2024-01-21,High,Feature Request
297,216,2025-05-17,2025-05-18,Medium,Billing
298,216,2023-04-22,2023-04-30,Urgent,Login Issue
299,216,2024-06-21,2024-07-01,Medium,Onboarding
300,216,2024-05-30,2024-06-03,Urgent,Login Issue
301,216,2025-06-12,2025-06-19,Low,Login Issue
302,218,2024-09-19,2024-09-23,High,Onboarding
303,218,2023-06-19,2023-06-22,High,Feature Request
304,218,2024-07-07,2024-07-12,Medium,Onboarding
305,218,2023-08-14,2023-08-18,Low,Login Issue
306,218,2024-05-17,2024-05-22,Low,Bug Report
307,219,2025-06-15,2025-06-19,Low,Billing
308,219,2024-03-15,2024-03-30,Medium,Bug Report
309,221,2023-10-30,2023-11-03,Medium,Bug Report
310,222,2024-02-03,2024-02-06,Low,Bug Report
311,224,2024-10-03,2024-10-04,Low,Bug Report
312,224,2024-10-16,2024-10-22,High,Onboarding
313,229,2023-08-15,2023-08-16,Low,Bug Report
314,231,2025-04-24,2025-04-28,Medium,Bug Report
315,231,2023-02-14,2023-02-15,Medium,Feature Request
316,232,2023-06-26,2023-07-01,Low,Feature Request
317,232,2023-04-08,2023-04-09,High,Feature Request
318,234,2025-12-03,2025-12-05,Low,Feature Request
319,236,2025-08-24,2025-08-30,High,Billing
320,237,2024-12-02,2024-12-06,High,Login Issue
321,238,2025-06-05,2025-06-06,Low,Onboarding
322,239,2025-09-20,2025-09-22,High,Feature Request
323,239,2024-01-05,2024-01-08,Low,Login Issue
324,239,2025-01-21,2025-01-24,Medium,Bug Report
325,241,2025-04-10,2025-04-14,Low,Login Issue
326,241,2024-03-30,2024-04-02,High,Login Issue
327,241,2024-04-21,2024-04-25,Medium,Billing
328,242,2025-02-28,,Low,Onboarding
329,243,2025-10-21,2025-11-22,Medium,Bug Report
330,244,2024-01-12,2024-01-18,High,Billing
331,244,2023-12-18,2023-12-21,Low,Onboarding
332,244,2025-07-31,2025-08-14,High,Feature Request
333,244,2023-12-08,2023-12-13,Low,Feature Request
334,245,2025-05-05,2025-05-08,Low,Onboarding
335,245,2025-10-24,2025-10-25,Low,Billing
336,245,2023-04-10,2023-04-14,Low,Billing
337,245,2025-07-16,2025-07-18,Low,Login Issue
338,246,2023-02-15,2023-02-16,Low,Login Issue
339,246,2023-01-25,2023-01-27,Low,Billing
340,247,2023-11-10,2023-11-11,High,Bug Report
341,247,2025-03-25,2025-03-29,Medium,Bug Report
342,247,2023-09-10,2023-09-11,Low,Bug Report
343,248,2025-08-14,2025-08-15,Low,Billing
344,248,2024-05-03,2024-05-15,Medium,Login Issue
345,248,2024-02-08,2024-02-12,Medium,Bug Report
346,250,2025-12-22,2026-01-01,Low,Feature Request
347,252,2025-05-21,2025-05-22,Low,Bug Report
348,252,2025-10-12,2025-10-30,Low,Feature Request
349,253,2024-05-09,2024-05-15,Urgent,Billing
350,253,2025-08-17,2025-08-24,Medium,Login Issue
351,255,2023-09-01,2023-09-11,High,Bug Report
352,255,2024-11-27,2024-12-09,Low,Login Issue
353,256,2024-07-06,2024-07-12,High,Onboarding
354,256,2024-08-20,2024-08-24,Low,Feature Request
355,256,2023-09-21,2023-09-22,Urgent,Login Issue
356,256,2025-05-27,2025-05-28,High,Bug Report
357,257,2023-05-13,2023-05-15,Medium,Login Issue
358,257,2024-03-29,2024-04-01,Low,Login Issue
359,257,2024-10-14,2024-11-02,Low,Onboarding
360,258,2024-03-29,2024-04-03,Medium,Onboarding
361,258,2023-07-29,2023-08-03,High,Bug Report
362,258,2023-08-28,2023-09-01,Low,Feature Request
363,259,2025-12-16,2025-12-17,Low,Onboarding
364,260,2025-01-07,2025-01-11,Medium,Login Issue
365,260,2024-02-16,2024-02-18,Low,Login Issue
366,260,2024-03-31,2024-04-04,Low,Billing
367,261,2023-08-19,2023-08-21,Low,Feature Request
368,261,2023-03-31,2023-04-03,Low,Feature Request
369,261,2024-09-09,2024-09-13,High,Login Issue
370,261,2025-02-20,2025-02-23,Medium,Onboarding
371,261,2023-03-06,2023-03-07,Low,Login Issue
372,263,2024-04-29,2024-04-30,High,Login Issue
373,263,2023-02-20,,Low,Feature Request
374,263,2023-03-01,2023-03-02,High,Feature Request
375,264,2024-09-29,2024-09-30,Medium,Bug Report
376,266,2024-02-01,2024-02-06,Low,Billing
377,267,2024-10-14,2024-10-17,Low,Onboarding
378,268,2024-07-23,2024-07-29,Low,Feature Request
379,269,2025-01-21,2025-01-22,High,Onboarding
380,269,2024-08-19,2024-08-26,Medium,Onboarding
381,269,2024-09-14,2024-09-18,Low,Onboarding
382,269,2023-10-21,2023-10-24,Low,Feature Request
383,269,2024-04-23,2024-04-30,Urgent,Billing
384,270,2024-05-01,2024-05-13,High,Login Issue
385,271,2024-01-22,2024-01-27,Low,Feature Request
386,272,2024-09-10,2024-09-11,High,Feature Request
387,273,2023-02-07,2023-02-11,Medium,Bug Report
388,273,2023-03-27,2023-03-28,Medium,Feature Request
389,273,2025-07-07,2025-07-09,Low,Billing
390,273,2023-09-01,2023-09-06,Low,Bug Report
391,274,2024-12-29,2025-01-07,Medium,Onboarding
392,274,2023-05-17,2023-05-19,Low,Bug Report
393,274,2024-11-20,2024-11-22,High,Onboarding
394,275,2025-09-10,2025-09-11,High,Login Issue
395,276,2024-12-26,2024-12-29,Medium,Onboarding
396,277,2024-11-09,2024-11-12,Urgent,Bug Report
397,278,2025-02-01,2025-02-04,Low,Feature Request
398,278,2024-06-23,2024-06-25,Low,Feature Request
399,279,2023-01-06,2023-01-09,High,Login Issue
400,281,2023-09-11,2023-09-13,Low,Bug Report
401,281,2023-10-12,2023-10-29,High,Feature Request
402,281,2024-06-19,2024-06-20,Medium,Billing
403,281,2025-01-01,2025-01-02,Low,Bug Report
404,284,2023-09-15,2023-09-22,Low,Billing
405,286,2023-01-31,2023-02-06,Low,Bug Report
406,286,2024-03-28,2024-04-04,Low,Login Issue
407,289,2025-07-15,,Medium,Login Issue
408,289,2025-09-27,2025-09-28,Medium,Onboarding
409,290,2024-09-13,2024-09-23,Low,Feature Request
410,290,2025-09-19,2025-09-26,Urgent,Login Issue
411,293,2023-11-24,2023-11-30,Low,Onboarding
412,293,2025-02-15,2025-02-16,Low,Login Issue
413,294,2025-03-31,2025-04-03,Low,Onboarding
414,297,2024-07-07,2024-07-09,Urgent,Feature Request
415,297,2023-01-10,2023-01-12,Low,Billing
416,298,2024-03-30,2024-03-31,High,Bug Report
417,298,2025-05-03,2025-05-12,Low,Onboarding
418,298,2023-07-05,2023-07-07,Low,Onboarding
419,298,2025-08-04,,High,Bug Report
420,300,2025-05-27,2025-05-30,Low,Feature Request
421,301,2023-09-05,2023-09-09,High,Billing
422,301,2025-07-13,2025-07-15,High,Feature Request
423,302,2023-10-09,2023-10-11,Low,Onboarding
424,304,2025-12-14,2025-12-16,Low,Onboarding
425,304,2023-12-19,2023-12-24,High,Feature Request
426,304,2024-03-30,2024-04-01,Low,Login Issue
427,304,2024-06-09,2024-06-21,Low,Billing
428,306,2025-01-13,2025-01-15,Low,Onboarding
429,310,2025-04-30,2025-05-03,Medium,Billing
430,311,2024-02-07,2024-02-08,Urgent,Onboarding
431,311,2024-05-04,2024-05-07,Medium,Feature Request
432,312,2024-08-07,2024-08-12,High,Login Issue
433,312,2025-02-24,2025-02-26,Medium,Bug Report
434,312,2023-05-02,2023-05-03,Low,Onboarding
435,314,2024-06-08,2024-06-14,Low,Onboarding
436,314,2024-04-07,2024-04-11,Medium,Bug Report
437,316,2025-03-28,2025-03-31,Low,Onboarding
438,316,2025-09-09,2025-09-11,Medium,Onboarding
439,316,2025-02-13,2025-02-15,Low,Login Issue
440,317,2023-02-25,2023-02-26,Low,Onboarding
441,318,2023-08-08,2023-08-10,Low,Billing
442,318,2025-05-30,2025-06-01,Urgent,Billing
443,318,2024-09-18,2024-09-20,Medium,Onboarding
444,318,2024-01-19,2024-01-21,Low,Billing
445,320,2024-01-13,2024-01-14,Medium,Bug Report
446,321,2024-07-14,2024-07-16,Low,Bug Report
447,322,2023-08-27,2023-08-28,Urgent,Login Issue
448,322,2025-07-26,2025-08-01,Low,Onboarding
449,322,2023-12-11,2023-12-12,Urgent,Billing
450,326,2023-02-27,2023-02-28,Medium,Bug Report
451,327,2023-09-21,2023-09-26,Low,Bug Report
452,328,2023-02-08,2023-02-20,Medium,Onboarding
453,328,2023-08-22,2023-09-02,Urgent,Bug Report
454,328,2025-05-29,2025-06-02,Urgent,Onboarding
455,331,2023-03-24,2023-03-26,Low,Bug Report
456,331,2024-05-01,2024-05-02,Medium,Billing
457,332,2023-09-23,2023-09-25,Medium,Feature Request
458,335,2025-05-12,2025-05-13,Medium,Feature Request
459,337,2025-09-16,2025-09-20,Medium,Billing
460,338,2024-11-04,2024-11-14,High,Feature Request
461,338,2024-02-07,2024-02-12,Medium,Login Issue
462,339,2023-11-02,2023-11-06,Low,Bug Report
463,339,2025-06-07,2025-06-09,Medium,Onboarding
464,339,2023-09-23,2023-09-26,Medium,Bug Report
465,340,2024-07-02,2024-07-15,Medium,Bug Report
466,340,2025-02-10,2025-02-16,Medium,Feature Request
467,341,2024-11-23,2024-11-24,High,Feature Request
468,342,2023-12-13,2023-12-14,Medium,Onboarding
469,342,2023-03-10,2023-03-13,Low,Feature Request
470,342,2024-09-12,,Low,Onboarding
471,342,2023-04-05,2023-04-15,Medium,Feature Request
472,342,2023-11-23,2023-11-25,Low,Login Issue
473,343,2023-03-30,2023-03-31,Medium,Login Issue
474,345,2024-02-09,2024-02-10,High,Feature Request
475,346,2025-02-21,2025-02-22,High,Billing
476,347,2024-01-07,2024-01-08,High,Login Issue
477,347,2024-08-17,2024-08-18,Medium,Login Issue
478,348,2025-03-21,2025-03-24,Medium,Feature Request
479,349,2024-12-20,2024-12-26,High,Billing
480,350,2023-11-15,2023-11-17,Medium,Billing
481,351,2025-05-03,2025-05-06,Medium,Bug Report
482,351,2025-03-22,2025-03-31,Urgent,Billing
483,352,2024-11-19,2024-11-30,Medium,Bug Report
484,352,2025-12-18,2025-12-20,Medium,Bug Report
485,352,2025-04-08,2025-04-14,Medium,Feature Request
486,352,2023-03-31,2023-04-01,Low,Billing
487,353,2025-11-22,2025-11-26,High,Feature Request
488,354,2025-02-20,2025-02-24,Medium,Bug Report
489,355,2023-04-27,2023-05-01,Low,Feature Request
490,355,2023-03-28,2023-03-29,Medium,Onboarding
491,356,2025-11-16,2025-11-21,Medium,Feature Request
492,359,2025-11-09,2025-11-11,Medium,Feature Request
493,359,2025-11-09,2025-11-19,Medium,Billing
494,360,2024-07-11,2024-07-12,Low,Onboarding
495,361,2024-07-03,2024-07-08,Low,Login Issue
496,362,2023-04-23,2023-04-25,Urgent,Onboarding
497,363,2023-06-16,2023-06-18,Low,Bug Report
498,363,2023-06-03,2023-06-05,Low,Feature Request
499,363,2023-10-22,2023-10-24,High,Onboarding
500,364,2025-01-18,2025-01-20,Low,Feature Request
501,368,2025-11-29,2025-12-07,Medium,Onboarding
502,369,2024-10-22,2024-10-26,Low,Login Issue
503,370,2025-01-31,2025-02-06,Low,Login Issue
504,370,2024-07-10,2024-07-12,Medium,Onboarding
505,372,2025-09-26,2025-09-27,Low,Login Issue
506,373,2023-07-22,2023-07-25,Medium,Bug Report
507,373,2023-10-19,2023-10-24,High,Bug Report
508,373,2025-05-15,2025-05-30,Low,Login Issue
509,375,2025-02-05,2025-02-07,Medium,Feature Request
510,375,2023-01-11,2023-01-19,Medium,Billing
511,375,2025-01-23,2025-02-03,Urgent,Billing
512,375,2025-08-15,,Medium,Billing
513,376,2023-02-13,2023-02-19,Medium,Feature Request
514,376,2023-08-12,2023-08-15,Medium,Onboarding
515,376,2025-11-06,2025-11-10,Medium,Login Issue
516,377,2024-03-12,2024-03-16,Urgent,Onboarding
517,378,2024-08-09,2024-08-18,Low,Feature Request
518,378,2024-04-04,2024-04-05,Low,Feature Request
519,378,2024-05-19,2024-05-24,High,Onboarding
520,378,2025-11-25,2025-11-27,Low,Login Issue
521,379,2024-06-18,2024-06-26,Low,Onboarding
522,379,2023-04-02,2023-04-11,High,Login Issue
523,379,2025-03-21,2025-03-22,Medium,Login Issue
524,381,2025-01-26,2025-01-28,Medium,Login Issue
525,382,2023-12-11,2023-12-15,High,Onboarding
526,383,2023-08-11,2023-08-12,High,Feature Request
527,384,2024-08-22,2024-08-25,Medium,Bug Report
528,384,2023-12-09,2023-12-13,High,Bug Report
529,384,2025-07-13,2025-07-23,Medium,Feature Request
530,384,2023-09-06,2023-09-08,Low,Billing
531,385,2025-05-23,2025-05-25,High,Feature Request
532,387,2025-09-24,2025-09-28,Low,Billing
533,387,2024-08-17,2024-08-24,Medium,Bug Report
534,389,2024-03-12,2024-03-16,High,Onboarding
535,389,2025-08-12,2025-08-20,Medium,Onboarding
536,389,2023-08-20,2023-08-21,Low,Bug Report
537,391,2023-04-22,2023-05-01,Low,Feature Request
538,391,2025-06-30,2025-07-04,Urgent,Login Issue
539,391,2024-12-18,2024-12-20,Low,Login Issue
540,394,2024-10-09,2024-10-10,Low,Billing
541,394,2025-11-02,2025-11-03,Low,Billing
542,396,2024-08-07,2024-08-12,Urgent,Login Issue
543,397,2023-06-29,2023-07-11,Low,Login Issue
544,397,2025-09-11,2025-09-17,Medium,Login Issue
545,398,2024-12-10,2024-12-16,Medium,Login Issue
546,399,2025-07-07,2025-07-08,Medium,Bug Report
547,399,2024-12-29,2024-12-31,Urgent,Login Issue
548,399,2023-09-19,2023-09-26,Low,Login Issue
549,401,2024-03-04,2024-03-07,Low,Feature Request
550,404,2023-07-01,2023-07-02,Low,Bug Report
551,405,2024-06-15,2024-06-17,Low,Login Issue
552,405,2025-01-17,2025-01-26,Low,Bug Report
553,406,2025-07-09,2025-07-16,Medium,Login Issue
554,406,2023-05-29,2023-05-30,High,Billing
555,407,2023-11-14,2023-11-16,Urgent,Onboarding
556,407,2023-01-27,2023-02-08,Medium,Bug Report
557,407,2023-12-24,2023-12-27,Low,Billing
558,407,2024-11-14,2024-11-15,Low,Login Issue
559,408,2024-09-06,2024-09-09,Low,Onboarding
560,409,2023-01-06,2023-01-09,Low,Feature Request
561,410,2025-08-09,2025-08-24,Medium,Feature Request
562,410,2023-03-23,2023-03-28,Medium,Onboarding
563,410,2023-12-09,2023-12-12,Medium,Onboarding
564,410,2024-07-23,,Medium,Onboarding
565,411,2024-04-15,2024-04-19,Medium,Feature Request
566,411,2025-04-07,2025-04-11,Medium,Billing
567,412,2024-10-23,2024-10-28,Low,Bug Report
568,412,2023-10-05,2023-10-09,Medium,Billing
569,414,2024-08-22,2024-09-01,Urgent,Login Issue
570,414,2023-05-12,2023-05-13,Low,Onboarding
571,415,2025-10-24,2025-10-28,Low,Feature Request
572,416,2024-06-25,2024-07-02,Low,Onboarding
573,418,2024-07-02,2024-07-03,Medium,Bug Report
574,418,2024-11-27,2024-11-28,High,Bug Report
575,419,2025-03-31,2025-04-01,High,Bug Report
576,419,2023-05-05,2023-05-17,Low,Login Issue
577,419,2025-09-17,2025-09-25,High,Login Issue
578,421,2024-09-16,2024-09-17,Low,Bug Report
579,421,2023-02-05,2023-02-10,Low,Bug Report
580,423,2023-06-15,2023-06-19,Low,Billing
581,425,2023-06-30,2023-07-01,Low,Onboarding
582,427,2023-07-30,2023-08-02,Medium,Bug Report
583,427,2024-06-10,2024-06-11,Low,Onboarding
584,427,2024-05-09,2024-05-10,Medium,Bug Report
585,427,2025-07-06,2025-07-08,Urgent,Feature Request
586,427,2023-01-14,2023-01-25,Medium,Login Issue
587,430,2024-06-25,2024-06-29,Low,Billing
588,430,2024-10-14,,Low,Onboarding
589,430,2025-07-31,2025-08-01,Low,Login Issue
590,431,2023-04-14,2023-04-15,Low,Bug Report
591,431,2024-04-06,2024-04-08,Low,Onboarding
592,431,2023-06-10,2023-06-11,Medium,Feature Request
593,433,2024-12-11,2024-12-13,Medium,Login Issue
594,433,2023-02-05,,Low,Feature Request
595,433,2023-05-24,2023-05-30,High,Billing
596,434,2024-09-23,2024-09-26,Low,Login Issue
597,434,2023-06-11,2023-06-16,Medium,Billing
598,436,2025-08-14,2025-08-16,Urgent,Onboarding
599,436,2024-02-11,2024-02-14,Low,Onboarding
600,436,2024-10-20,2024-10-24,Low,Onboarding
601,436,2023-03-24,,Medium,Feature Request
602,437,2023-03-30,,Low,Billing
603,438,2023-11-20,2023-12-04,Medium,Feature Request
604,439,2023-06-30,2023-07-08,High,Login Issue
605,439,2024-08-22,,Urgent,Feature Request
606,439,2024-04-18,2024-04-19,Low,Bug Report
607,439,2024-10-18,2024-10-22,Low,Bug Report
608,439,2025-01-13,2025-01-15,Medium,Onboarding
609,441,2024-05-08,2024-05-16,Low,Login Issue
610,441,2023-07-12,2023-07-16,Medium,Billing
611,441,2023-03-29,2023-03-30,High,Billing
612,442,2024-12-01,2024-12-02,Low,Login Issue
613,445,2023-11-13,2023-11-18,Low,Feature Request
614,445,2023-08-22,2023-09-02,Low,Login Issue
615,445,2023-06-20,2023-06-22,Medium,Login Issue
616,445,2023-04-04,2023-04-07,Medium,Feature Request
617,446,2025-06-02,2025-06-08,Medium,Feature Request
618,447,2025-09-30,2025-10-04,Low,Onboarding
619,448,2024-04-04,2024-04-08,Low,Onboarding
620,448,2025-04-02,2025-04-04,Medium,Feature Request
621,452,2024-07-29,2024-07-30,Low,Billing
622,452,2025-10-19,2025-10-22,Low,Bug Report
623,452,2023-04-12,2023-04-16,Medium,Login Issue
624,452,2023-08-19,2023-08-25,High,Onboarding
625,454,2023-04-05,2023-04-06,Medium,Billing
626,454,2023-03-11,2023-03-12,Low,Bug Report
627,454,2024-12-13,2024-12-15,Low,Onboarding
628,455,2025-09-28,2025-10-02,Medium,Billing
629,455,2024-08-29,2024-09-01,High,Bug Report
630,456,2023-09-05,2023-09-10,Medium,Onboarding
631,456,2025-10-28,2025-11-05,Low,Billing
632,456,2023-07-20,2023-07-24,Low,Billing
633,457,2024-05-10,2024-05-19,Low,Billing
634,457,2023-09-07,2023-09-12,High,Feature Request
635,457,2025-05-03,2025-05-07,High,Billing
636,457,2024-02-14,2024-02-18,Medium,Billing
637,458,2024-10-02,2024-10-05,Medium,Bug Report
638,458,2025-02-26,,Low,Billing
639,458,2025-06-06,2025-06-09,Medium,Onboarding
640,458,2024-08-20,2024-08-27,High,Onboarding
641,459,2023-05-18,2023-05-22,High,Login Issue
642,460,2024-07-30,2024-08-02,Low,Billing
643,460,2024-07-20,2024-08-01,Medium,Onboarding
644,460,2025-05-29,2025-05-30,High,Feature Request
645,460,2023-04-20,2023-04-21,Low,Bug Report
646,461,2024-05-05,2024-05-15,Medium,Feature Request
647,461,2025-01-09,2025-01-10,High,Bug Report
648,462,2023-09-10,2023-09-14,Low,Bug Report
649,462,2025-11-25,2025-12-06,Medium,Billing
650,463,2023-11-10,2023-11-15,Low,Login Issue
651,464,2023-04-25,2023-04-28,Urgent,Billing
652,465,2024-07-27,2024-07-28,Low,Onboarding
653,465,2025-07-19,2025-07-20,Low,Feature Request
654,465,2025-05-26,2025-05-31,Low,Feature Request
655,465,2024-01-31,2024-02-05,Low,Onboarding
656,466,2023-07-17,2023-07-21,High,Feature Request
657,467,2024-02-23,2024-02-26,Medium,Login Issue
658,467,2024-07-20,2024-07-22,Low,Login Issue
659,467,2025-07-19,2025-07-24,Medium,Onboarding
660,469,2025-11-18,2025-11-30,Low,Bug Report
661,469,2023-01-21,2023-01-26,Low,Onboarding
662,469,2023-03-31,2023-04-09,Medium,Bug Report
663,469,2025-10-20,2025-10-26,Medium,Feature Request
664,470,2025-01-18,2025-01-24,Medium,Billing
665,472,2025-06-22,2025-06-23,Medium,Bug Report
666,472,2024-08-31,2024-09-01,Low,Billing
667,472,2024-03-03,2024-03-05,High,Billing
668,473,2024-04-21,2024-04-23,Medium,Feature Request
669,475,2025-06-11,2025-06-16,Low,Login Issue
670,475,2023-11-25,,Low,Billing
671,476,2023-04-07,2023-04-09,Medium,Billing
672,476,2024-06-08,2024-06-29,Medium,Billing
673,477,2024-11-24,2024-11-28,Low,Feature Request
674,478,2023-06-11,2023-06-12,Low,Onboarding
675,479,2024-10-31,2024-11-01,Low,Billing
676,481,2025-01-04,2025-01-10,Medium,Onboarding
677,483,2023-04-09,2023-04-12,Low,Onboarding
678,484,2023-03-01,2023-03-11,Low,Onboarding
679,485,2025-04-07,2025-04-13,Low,Onboarding
680,485,2023-12-09,2023-12-16,Low,Onboarding
681,486,2024-12-28,2024-12-29,Low,Feature Request
682,486,2025-09-10,2025-09-12,Medium,Onboarding
683,486,2025-05-20,2025-05-25,High,Billing
684,488,2025-12-11,2025-12-19,Low,Login Issue
685,488,2023-10-22,2023-10-29,Low,Feature Request
686,491,2023-10-16,2023-10-18,Low,Billing
687,491,2023-03-06,2023-03-10,Urgent,Feature Request
688,491,2024-04-24,2024-04-25,Low,Billing
689,491,2024-04-24,2024-05-05,Medium,Bug Report
690,492,2024-11-07,2024-11-09,Medium,Onboarding
691,495,2025-07-03,2025-07-04,Medium,Login Issue
692,495,2025-05-27,2025-06-02,Low,Billing
693,496,2023-06-03,2023-06-08,Low,Bug Report
694,496,2024-02-22,2024-02-24,High,Feature Request
695,496,2025-12-24,2025-12-27,Medium,Login Issue
696,497,2025-06-14,2025-06-19,High,Billing
697,498,2024-05-26,2024-05-27,Medium,Feature Request
698,499,2024-04-29,2024-05-12,Low,Billing
699,499,2025-12-05,2025-12-16,Medium,Billing
700,499,2025-03-27,2025-03-30,Medium,Billing
701,499,2023-10-18,2023-10-24,Low,Onboarding
702,502,2025-04-19,2025-04-23,Low,Feature Request
703,502,2024-09-03,2024-09-08,Low,Billing
704,503,2025-05-12,2025-05-22,Low,Billing
705,503,2023-01-11,2023-01-14,Medium,Bug Report
706,503,2025-10-25,2025-10-28,Medium,Login Issue
707,505,2024-03-16,2024-03-24,Medium,Feature Request
708,505,2023-10-04,2023-10-05,High,Feature Request
709,506,2024-10-17,2024-10-19,Low,Login Issue
710,506,2024-04-02,2024-04-03,High,Feature Request
711,507,2025-03-18,2025-03-28,Medium,Billing
712,510,2023-07-14,2023-07-18,Medium,Feature Request
713,512,2023-04-02,,Medium,Onboarding
714,513,2025-12-12,2025-12-15,Low,Login Issue
715,514,2025-03-03,2025-03-10,Medium,Feature Request
716,515,2024-03-21,2024-03-22,Medium,Login Issue
717,516,2025-02-06,2025-02-08,Low,Billing
718,516,2024-01-27,2024-02-05,Low,Login Issue
719,516,2024-06-04,2024-06-05,Medium,Billing
720,516,2025-05-03,2025-05-26,Low,Billing
721,517,2025-08-19,2025-08-21,Low,Feature Request
722,517,2025-12-08,2025-12-09,Medium,Feature Request
723,518,2023-02-24,2023-02-25,Medium,Billing
724,519,2023-01-14,2023-01-19,Medium,Billing
725,519,2024-03-05,2024-03-06,Low,Feature Request
726,519,2023-05-07,2023-05-13,Low,Login Issue
727,520,2024-08-14,2024-08-17,Low,Bug Report
728,520,2025-07-02,2025-07-12,Medium,Billing
729,520,2023-03-17,2023-03-18,Low,Billing
730,522,2023-05-17,2023-05-20,Medium,Feature Request
731,522,2023-10-23,2023-10-27,High,Billing
732,522,2024-11-04,2024-11-12,Low,Billing
733,523,2023-07-08,2023-07-12,High,Feature Request
734,524,2023-01-17,2023-01-23,Medium,Bug Report
735,525,2024-10-19,2024-10-23,Medium,Billing
736,527,2024-04-06,2024-04-08,Medium,Onboarding
737,528,2025-10-24,2025-10-27,High,Feature Request
738,529,2024-07-28,2024-08-05,Low,Billing
739,530,2024-06-03,2024-06-04,Low,Billing
740,530,2024-04-26,2024-05-10,Low,Bug Report
741,530,2024-07-21,2024-07-25,Medium,Login Issue
742,531,2023-11-11,2023-11-14,High,Login Issue
743,532,2023-08-19,2023-08-28,Low,Onboarding
744,533,2024-04-29,2024-05-03,Urgent,Feature Request
745,535,2025-11-29,2025-12-04,Low,Feature Request
746,537,2023-09-01,2023-09-02,Medium,Onboarding
747,537,2024-12-11,2024-12-19,High,Onboarding
748,537,2024-06-22,2024-07-02,Low,Login Issue
749,538,2023-12-27,2023-12-28,Medium,Feature Request
750,539,2025-07-07,2025-07-09,Medium,Bug Report
751,539,2024-05-07,2024-05-10,Medium,Login Issue
752,540,2023-02-07,2023-02-10,Low,Billing
753,540,2025-12-23,2026-01-02,Low,Onboarding
754,540,2024-06-20,2024-07-17,Medium,Feature Request
755,540,2023-12-16,2023-12-22,Medium,Bug Report
756,540,2024-05-06,2024-05-12,High,Billing
757,542,2025-01-07,2025-01-14,Low,Billing
758,542,2023-04-17,2023-04-18,Low,Onboarding
759,542,2024-02-18,2024-02-21,Low,Feature Request
760,542,2024-08-24,2024-08-30,Medium,Login Issue
761,543,2024-08-20,2024-08-30,Low,Billing
762,543,2025-09-15,2025-09-26,Low,Onboarding
763,543,2025-02-05,2025-02-06,High,Feature Request
764,544,2024-03-23,,High,Onboarding
765,544,2024-08-15,2024-08-27,Medium,Login Issue
766,545,2024-06-11,2024-06-12,Low,Feature Request
767,546,2023-08-08,2023-08-09,Urgent,Login Issue
768,546,2023-06-19,2023-06-21,Low,Bug Report
769,546,2024-05-09,2024-05-10,Low,Billing
770,549,2025-04-30,2025-05-04,Low,Login Issue
771,549,2024-05-31,2024-06-03,Low,Feature Request
772,549,2023-09-01,2023-09-03,Low,Feature Request
773,550,2023-01-02,2023-01-09,Medium,Login Issue
774,552,2024-01-23,2024-01-24,Medium,Feature Request
775,553,2024-12-21,2024-12-27,Medium,Onboarding
776,554,2024-02-25,2024-03-11,Low,Billing
777,554,2023-05-25,2023-05-29,Low,Billing
778,554,2023-12-02,2023-12-09,Low,Feature Request
779,555,2024-07-31,2024-08-01,High,Login Issue
780,555,2025-01-11,2025-01-13,Urgent,Login Issue
781,555,2023-01-12,2023-01-17,Urgent,Onboarding
782,556,2024-04-07,2024-04-12,Low,Login Issue
783,556,2023-12-27,2023-12-28,Medium,Onboarding
784,556,2025-03-20,2025-03-30,High,Billing
785,556,2023-09-03,2023-09-15,Medium,Bug Report
786,556,2023-03-10,2023-03-11,Low,Login Issue
787,557,2025-01-25,2025-02-01,High,Feature Request
788,557,2025-07-30,2025-07-31,Medium,Billing
789,558,2024-09-20,2024-09-21,Low,Feature Request
790,558,2025-07-01,2025-07-06,Medium,Billing
791,559,2025-02-01,2025-02-02,Low,Bug Report
792,559,2023-04-02,2023-04-05,High,Login Issue
793,559,2023-07-07,2023-07-09,Low,Billing
794,559,2025-09-25,2025-09-30,Medium,Onboarding
795,559,2025-08-11,2025-08-18,High,Login Issue
796,560,2023-03-25,2023-03-26,Low,Onboarding
797,560,2023-06-22,2023-06-23,Medium,Feature Request
798,561,2023-10-21,2023-10-31,Medium,Onboarding
799,561,2023-04-09,2023-04-10,High,Onboarding
800,561,2025-12-12,2025-12-16,Low,Login Issue
801,563,2025-11-09,2025-11-13,Low,Feature Request
802,563,2023-06-07,2023-06-14,Medium,Billing
803,563,2025-04-21,2025-04-22,Medium,Login Issue
804,563,2025-04-22,2025-05-04,Low,Onboarding
805,564,2023-09-04,2023-09-05,Low,Feature Request
806,565,2024-10-11,2024-10-13,Low,Feature Request
807,565,2024-06-12,2024-06-14,High,Billing
808,566,2025-06-28,2025-06-29,Low,Bug Report
809,566,2024-11-16,2024-11-17,Low,Bug Report
810,567,2024-10-13,2024-10-14,Urgent,Onboarding
811,567,2024-03-13,2024-03-19,Medium,Login Issue
812,567,2025-11-11,2025-11-25,Urgent,Feature Request
813,568,2025-02-06,2025-02-12,High,Onboarding
814,568,2025-04-08,2025-04-10,Medium,Bug Report
815,568,2023-08-01,2023-08-03,Low,Onboarding
816,568,2025-09-02,2025-09-08,Medium,Onboarding
817,570,2025-08-22,2025-08-24,Low,Feature Request
818,570,2025-01-28,2025-02-04,Low,Feature Request
819,570,2023-08-22,2023-08-23,Low,Billing
820,570,2025-06-04,2025-06-06,Medium,Feature Request
821,571,2023-01-25,2023-01-27,High,Feature Request
822,571,2024-07-09,2024-07-11,Low,Onboarding
823,572,2025-07-21,2025-07-27,Low,Login Issue
824,574,2023-12-27,2024-01-01,High,Onboarding
825,574,2024-03-25,2024-04-16,High,Bug Report
826,575,2025-07-15,2025-07-19,Medium,Billing
827,575,2024-09-01,2024-09-09,Urgent,Bug Report
828,579,2023-01-04,,High,Feature Request
829,581,2024-06-20,2024-06-25,Low,Bug Report
830,581,2024-08-07,2024-08-10,High,Onboarding
831,581,2023-01-19,,Low,Bug Report
832,582,2024-04-23,2024-05-02,Medium,Login Issue
833,582,2023-11-01,2023-11-03,Low,Onboarding
834,582,2023-01-07,2023-01-08,Low,Bug Report
835,582,2025-03-30,2025-04-03,Medium,Billing
836,583,2024-01-06,2024-01-08,Medium,Billing
837,583,2025-08-05,2025-08-10,High,Feature Request
838,583,2025-12-13,2025-12-14,Medium,Login Issue
839,583,2025-04-12,2025-04-17,High,Bug Report
840,583,2023-08-23,,Low,Login Issue
841,584,2024-10-01,,Medium,Bug Report
842,585,2023-05-12,2023-05-16,Medium,Bug Report
843,585,2024-06-04,2024-06-15,Urgent,Bug Report
844,586,2023-10-11,2023-10-20,High,Onboarding
845,587,2023-06-11,2023-06-20,Medium,Bug Report
846,587,2023-04-05,2023-04-07,High,Feature Request
847,587,2025-05-27,2025-05-30,Low,Onboarding
848,590,2024-04-06,2024-04-07,High,Login Issue
849,591,2025-10-03,2025-10-04,Low,Onboarding
850,592,2023-05-11,2023-05-13,Low,Login Issue
851,593,2024-08-03,2024-08-12,Medium,Feature Request
852,593,2024-03-10,2024-03-11,Low,Billing
853,593,2024-05-16,,Medium,Onboarding
854,594,2023-12-31,2024-01-01,Low,Bug Report
855,594,2023-01-03,,Low,Feature Request
856,595,2024-01-02,2024-01-09,Low,Login Issue
857,595,2023-09-03,2023-09-14,Low,Billing
858,595,2023-07-15,2023-07-18,High,Billing
859,595,2025-08-29,2025-08-31,High,Onboarding
860,596,2023-09-29,2023-10-03,Low,Feature Request
861,597,2025-08-28,2025-08-29,Low,Billing
862,598,2023-04-09,2023-04-11,Low,Login Issue
863,598,2024-02-20,2024-02-27,Low,Login Issue
864,599,2025-09-10,2025-09-11,Low,Login Issue
865,600,2025-01-09,2025-01-11,Low,Billing
866,600,2025-05-13,2025-05-14,High,Billing
867,601,2024-10-20,2024-10-22,Low,Feature Request
868,602,2025-04-20,2025-04-21,Low,Onboarding
869,602,2024-12-07,2024-12-10,High,Feature Request
870,602,2025-06-09,2025-06-12,High,Bug Report
871,604,2023-09-24,2023-09-25,Medium,Login Issue
872,604,2023-12-25,2024-01-01,High,Feature Request
873,604,2025-05-18,2025-05-24,Low,Bug Report
874,604,2023-01-05,2023-01-07,Medium,Billing
875,606,2024-10-12,2024-10-13,Low,Bug Report
876,608,2023-03-01,2023-03-27,Urgent,Billing
877,608,2024-01-26,2024-01-27,Low,Onboarding
878,608,2025-08-17,2025-08-20,Low,Onboarding
879,609,2023-05-28,2023-06-03,Low,Onboarding
880,609,2024-11-05,2024-11-17,Low,Billing
881,612,2025-09-25,2025-09-28,High,Bug Report
882,612,2024-06-06,2024-06-10,High,Feature Request
883,612,2025-06-03,2025-06-12,Low,Bug Report
884,612,2024-11-29,2024-12-02,Medium,Billing
885,612,2025-11-11,2025-11-13,Medium,Onboarding
886,613,2025-06-30,2025-07-09,Medium,Onboarding
887,613,2025-07-27,2025-08-02,Medium,Feature Request
888,613,2025-10-31,2025-11-05,Low,Login Issue
889,613,2024-03-12,2024-03-13,Low,Login Issue
890,614,2025-10-27,2025-10-30,Low,Login Issue
891,614,2025-01-30,2025-02-02,Medium,Bug Report
892,614,2023-11-27,2023-12-07,High,Login Issue
893,615,2024-02-29,2024-03-01,High,Login Issue
894,615,2023-09-19,2023-10-06,Medium,Bug Report
895,615,2025-05-07,2025-05-17,Low,Login Issue
896,615,2023-06-20,2023-06-25,Low,Bug Report
897,616,2025-05-07,2025-05-10,Urgent,Bug Report
898,616,2025-01-11,2025-01-17,Low,Login Issue
899,616,2023-12-14,2023-12-22,Low,Billing
900,623,2024-02-13,2024-02-14,Low,Onboarding
901,626,2024-04-02,2024-04-11,Low,Login Issue
902,626,2025-08-04,2025-08-05,Low,Login Issue
903,626,2023-10-14,2023-10-17,Medium,Billing
904,629,2023-10-22,2023-10-23,Urgent,Billing
905,629,2023-06-21,2023-06-25,Medium,Onboarding
906,629,2023-01-14,2023-01-25,Low,Billing
907,630,2025-11-07,2025-11-09,High,Onboarding
908,631,2023-07-28,2023-08-04,Medium,Onboarding
909,631,2024-10-05,2024-10-08,Medium,Billing
910,631,2024-04-05,2024-04-12,Low,Onboarding
911,633,2023-05-01,2023-05-11,Low,Login Issue
912,633,2023-08-18,2023-08-21,Low,Bug Report
913,633,2023-08-06,2023-08-09,High,Feature Request
914,633,2024-10-14,2024-10-15,Low,Billing
915,633,2024-12-16,2024-12-25,Low,Billing
916,635,2024-01-07,2024-01-13,Low,Login Issue
917,635,2024-05-08,2024-05-11,Medium,Feature Request
918,635,2024-01-30,2024-02-01,High,Feature Request
919,635,2023-11-18,2023-11-19,Low,Onboarding
920,637,2024-09-12,,Medium,Feature Request
921,637,2024-11-26,2024-11-28,High,Onboarding
922,638,2025-03-15,2025-03-24,Low,Onboarding
923,638,2025-06-04,2025-06-09,Medium,Onboarding
924,638,2025-10-05,2025-10-06,High,Bug Report
925,639,2024-09-04,2024-09-06,High,Login Issue
926,640,2025-05-25,2025-05-26,Medium,Bug Report
927,640,2025-08-26,,High,Login Issue
928,642,2025-07-01,2025-07-02,High,Billing
929,642,2023-04-11,2023-04-18,High,Billing
930,642,2025-01-27,2025-01-28,Medium,Login Issue
931,642,2023-12-28,2023-12-31,Medium,Login Issue
932,642,2023-09-22,2023-09-24,High,Bug Report
933,644,2025-04-07,2025-04-10,Medium,Bug Report
934,646,2023-05-31,2023-06-09,Low,Billing
935,647,2025-09-12,2025-09-15,Medium,Login Issue
936,647,2024-12-30,,Medium,Feature Request
937,648,2025-04-16,2025-04-19,High,Login Issue
938,649,2024-06-06,2024-06-07,High,Bug Report
939,651,2025-04-30,2025-05-04,Medium,Bug Report
940,651,2023-03-28,2023-03-30,Low,Login Issue
941,653,2024-06-12,2024-06-16,High,Onboarding
942,655,2024-03-16,2024-03-21,Low,Billing
943,657,2024-11-01,,Low,Billing
944,657,2025-06-25,2025-06-30,Low,Onboarding
945,657,2024-01-15,2024-01-19,Low,Billing
946,657,2023-07-23,2023-07-29,Low,Bug Report
947,657,2025-09-09,2025-09-14,Urgent,Login Issue
948,659,2025-10-04,2025-10-06,Medium,Onboarding
949,660,2023-08-06,2023-08-07,Low,Billing
950,661,2023-04-29,2023-05-05,Medium,Login Issue
951,661,2023-05-07,2023-05-08,Urgent,Bug Report
952,662,2025-02-08,2025-02-16,Urgent,Feature Request
953,662,2025-07-14,2025-07-19,Medium,Login Issue
954,664,2023-01-08,2023-01-11,Low,Feature Request
955,664,2025-02-26,2025-03-12,Low,Feature Request
956,664,2023-02-16,2023-02-22,Low,Feature Request
957,664,2023-09-10,2023-09-13,Medium,Login Issue
958,667,2025-04-07,2025-04-09,Low,Feature Request
959,670,2023-11-07,2023-11-09,Medium,Onboarding
960,672,2024-12-04,2024-12-06,Low,Billing
961,672,2024-01-31,2024-02-03,Low,Bug Report
962,672,2023-08-30,,Low,Onboarding
963,673,2024-05-12,2024-05-18,Medium,Billing
964,674,2025-05-13,2025-05-21,Urgent,Onboarding
965,674,2025-12-09,2025-12-10,Medium,Feature Request
966,675,2023-01-22,2023-01-28,Low,Login Issue
967,678,2023-03-19,2023-03-22,Medium,Feature Request
968,679,2024-10-15,2024-10-16,Medium,Billing
969,679,2025-10-04,2025-10-06,Medium,Login Issue
970,679,2025-04-18,2025-04-27,Medium,Feature Request
971,681,2023-02-03,2023-02-09,Low,Billing
972,682,2024-11-05,2024-11-08,Medium,Feature Request
973,682,2025-12-30,,Medium,Billing
974,682,2025-05-10,2025-05-12,Low,Bug Report
975,682,2024-07-02,2024-07-03,Urgent,Login Issue
976,684,2023-06-02,2023-06-13,Urgent,Bug Report
977,684,2023-08-15,2023-08-17,Low,Bug Report
978,684,2024-07-17,2024-07-18,Medium,Billing
979,684,2024-05-14,2024-05-18,Low,Billing
980,685,2024-06-30,2024-07-09,High,Bug Report
981,685,2025-01-11,2025-01-17,Medium,Billing
982,686,2023-02-07,2023-02-10,High,Bug Report
983,686,2024-10-29,2024-11-03,High,Bug Report
984,691,2023-02-26,2023-02-27,Low,Login Issue
985,691,2025-12-08,2025-12-11,Medium,Feature Request
986,691,2024-10-17,2024-10-25,High,Login Issue
987,693,2024-10-11,2024-10-22,Low,Billing
988,693,2023-06-17,2023-06-23,Medium,Bug Report
989,693,2023-10-05,2023-10-07,High,Bug Report
990,694,2023-12-28,2023-12-30,Medium,Feature Request
991,696,2023-01-17,2023-01-19,Low,Feature Request
992,697,2024-08-08,2024-08-14,Medium,Billing
993,698,2023-03-18,2023-03-19,High,Login Issue
994,699,2025-08-07,2025-08-10,Medium,Login Issue
995,700,2025-10-29,2025-11-12,Low,Feature Request
996,700,2024-03-12,2024-03-22,Medium,Onboarding
997,702,2024-06-02,2024-06-13,High,Feature Request
998,702,2025-10-23,2025-10-24,Medium,Feature Request
999,702,2023-10-27,2023-11-07,High,Onboarding
1000,703,2023-04-15,2023-04-16,Low,Feature Request
1001,704,2025-11-02,2025-11-08,Medium,Onboarding
1002,704,2024-11-07,2024-11-08,Low,Onboarding
1003,705,2024-11-26,2024-11-28,Urgent,Bug Report
1004,705,2023-01-14,2023-01-17,Low,Billing
1005,705,2025-11-22,2025-11-25,Low,Feature Request
1006,708,2023-05-26,2023-06-04,Low,Billing
1007,708,2025-02-28,2025-03-05,Low,Billing
1008,709,2023-10-25,2023-10-26,Low,Bug Report
1009,709,2025-01-04,2025-01-07,Low,Bug Report
1010,709,2023-07-18,2023-07-19,Medium,Bug Report
1011,709,2023-03-17,2023-03-19,Low,Billing
1012,713,2025-08-27,2025-08-30,High,Bug Report
1013,714,2023-02-09,2023-02-11,Low,Login Issue
1014,714,2023-12-22,2023-12-28,Low,Login Issue
1015,715,2023-02-10,2023-02-11,High,Login Issue
1016,715,2025-05-16,2025-05-27,Medium,Login Issue
1017,717,2025-08-10,2025-08-13,Medium,Billing
1018,717,2025-04-09,2025-04-16,Low,Login Issue
1019,717,2023-03-17,2023-03-18,Urgent,Login Issue
1020,717,2024-10-03,2024-10-05,High,Feature Request
1021,719,2025-09-27,2025-10-11,Low,Feature Request
1022,719,2024-08-13,2024-08-17,Medium,Bug Report
1023,720,2025-01-13,2025-01-15,Urgent,Bug Report
1024,724,2023-11-05,2023-12-02,Medium,Bug Report
1025,724,2025-11-14,2025-11-19,Low,Billing
1026,724,2024-09-01,2024-09-08,Low,Login Issue
1027,724,2025-10-10,2025-10-11,Medium,Onboarding
1028,725,2023-02-07,2023-02-08,High,Billing
1029,725,2023-02-03,2023-02-13,Low,Feature Request
1030,726,2025-03-19,2025-03-21,High,Billing
1031,726,2023-05-07,2023-05-13,Low,Billing
1032,726,2023-02-17,2023-02-20,Low,Onboarding
1033,727,2024-09-30,2024-10-09,Low,Onboarding
1034,728,2023-11-26,,Medium,Bug Report
1035,729,2024-11-03,2024-11-07,Low,Onboarding
1036,731,2024-10-14,2024-10-16,Low,Bug Report
1037,731,2023-06-27,2023-07-02,Medium,Login Issue
1038,731,2024-11-04,2024-11-08,High,Login Issue
1039,732,2023-05-03,,Medium,Feature Request
1040,733,2025-03-25,2025-03-28,Low,Login Issue
1041,734,2023-12-17,2023-12-24,Low,Bug Report
1042,734,2025-08-17,2025-08-20,High,Login Issue
1043,737,2023-03-12,2023-03-13,Low,Feature Request
1044,737,2024-09-07,,Low,Login Issue
1045,738,2024-02-04,2024-02-07,High,Billing
1046,740,2025-03-27,2025-04-03,Low,Billing
1047,740,2023-01-04,,Medium,Feature Request
1048,740,2024-05-28,2024-06-07,Medium,Bug Report
1049,741,2023-06-03,2023-06-10,Medium,Billing
1050,742,2024-12-16,2024-12-17,Medium,Billing
1051,743,2025-11-05,2025-11-19,Low,Login Issue
1052,743,2025-08-15,2025-08-18,Medium,Onboarding
1053,743,2024-02-22,2024-03-03,Medium,Billing
1054,743,2025-06-23,2025-06-28,High,Billing
1055,743,2024-01-12,2024-01-13,Low,Onboarding
1056,744,2024-10-15,2024-10-19,Urgent,Login Issue
1057,744,2025-06-12,2025-06-14,Urgent,Billing
1058,745,2025-09-14,2025-09-15,High,Billing
1059,745,2023-12-04,2023-12-12,Low,Bug Report
1060,746,2025-05-31,2025-06-16,Medium,Onboarding
1061,746,2024-06-30,2024-07-03,High,Bug Report
1062,746,2023-04-05,2023-04-07,Medium,Onboarding
1063,746,2023-08-09,2023-08-10,Medium,Login Issue
1064,749,2023-02-06,2023-02-08,Low,Bug Report
1065,749,2025-04-30,2025-05-08,Medium,Login Issue
1066,749,2024-04-22,2024-04-23,Medium,Bug Report
1067,749,2024-08-19,2024-08-30,High,Billing
1068,752,2025-11-05,2025-11-08,Medium,Feature Request
1069,752,2025-02-08,2025-02-13,Medium,Onboarding
1070,752,2025-09-29,,High,Onboarding
1071,753,2024-05-22,2024-06-15,Medium,Feature Request
1072,754,2024-05-01,2024-05-03,Low,Billing
1073,754,2024-03-18,2024-03-20,Low,Login Issue
1074,754,2024-04-12,2024-04-21,Medium,Bug Report
1075,754,2025-01-09,2025-01-10,High,Feature Request
1076,754,2025-09-29,2025-09-30,Medium,Feature Request
1077,755,2024-02-22,2024-03-08,Low,Bug Report
1078,756,2024-07-22,2024-07-23,Medium,Bug Report
1079,757,2025-04-01,2025-04-02,Medium,Feature Request
1080,757,2024-12-03,2024-12-09,Medium,Onboarding
1081,757,2025-12-16,2025-12-19,Medium,Login Issue
1082,759,2025-04-24,2025-04-28,Medium,Login Issue
1083,759,2023-04-11,2023-04-14,Medium,Login Issue
1084,759,2023-09-04,2023-09-13,Urgent,Billing
1085,759,2024-03-07,2024-03-09,Urgent,Login Issue
1086,760,2025-11-11,2025-11-18,Low,Bug Report
1087,760,2024-12-14,2024-12-18,Medium,Bug Report
1088,760,2024-12-05,2024-12-06,Medium,Billing
1089,760,2025-01-13,2025-01-19,Low,Feature Request
1090,760,2023-12-16,2023-12-17,Medium,Login Issue
1091,761,2023-05-27,2023-05-29,Medium,Feature Request
1092,765,2024-04-16,2024-04-20,High,Login Issue
1093,766,2024-03-07,2024-03-10,Medium,Bug Report
1094,766,2024-07-19,2024-07-22,Low,Bug Report
1095,766,2024-06-21,2024-06-24,Low,Onboarding
1096,766,2024-10-04,2024-10-08,Medium,Bug Report
1097,769,2025-11-13,2025-11-15,Medium,Feature Request
1098,769,2025-02-28,2025-03-03,Medium,Onboarding
1099,770,2025-08-01,2025-08-07,Medium,Feature Request
1100,771,2024-02-18,2024-02-27,High,Billing
1101,773,2025-11-09,2025-11-10,Medium,Billing
1102,773,2024-10-20,2024-10-23,High,Onboarding
1103,775,2023-01-30,2023-02-01,High,Login Issue
1104,775,2025-07-28,2025-08-01,High,Login Issue
1105,776,2024-09-11,2024-09-12,Medium,Feature Request
1106,776,2025-09-07,,Low,Billing
1107,776,2025-12-26,2025-12-30,Low,Onboarding
1108,777,2024-03-07,2024-03-09,Medium,Feature Request
1109,777,2025-03-29,2025-03-30,High,Onboarding
1110,778,2025-02-26,2025-02-28,High,Bug Report
1111,778,2024-11-28,2024-12-06,Medium,Login Issue
1112,778,2023-10-20,2023-10-22,Low,Onboarding
1113,778,2023-12-08,2023-12-11,Medium,Feature Request
1114,779,2025-04-08,2025-04-09,Medium,Bug Report
1115,784,2023-04-06,2023-04-12,High,Feature Request
1116,784,2023-01-06,2023-01-09,High,Login Issue
1117,785,2023-05-16,2023-05-17,Low,Billing
1118,785,2024-07-11,2024-07-25,Low,Bug Report
1119,786,2025-03-09,2025-03-17,Low,Bug Report
1120,786,2025-09-24,2025-09-26,High,Onboarding
1121,786,2025-02-10,2025-02-11,Low,Feature Request
1122,786,2025-01-09,2025-01-13,High,Onboarding
1123,786,2023-07-19,2023-07-26,High,Billing
1124,787,2023-09-03,2023-09-12,Low,Onboarding
1125,787,2024-07-12,2024-07-15,High,Login Issue
1126,787,2023-07-12,2023-07-13,High,Login Issue
1127,789,2024-09-14,2024-09-15,Low,Onboarding
1128,789,2025-04-03,2025-04-04,Medium,Login Issue
1129,790,2025-01-03,2025-01-10,Low,Bug Report
1130,790,2023-03-13,2023-03-16,Low,Onboarding
1131,790,2025-09-21,2025-10-02,Medium,Bug Report
1132,790,2025-06-08,2025-06-09,Medium,Feature Request
1133,790,2024-02-22,2024-02-24,Medium,Billing
1134,792,2023-06-30,2023-07-08,Medium,Billing
1135,792,2025-03-23,2025-03-27,Low,Feature Request
1136,793,2024-12-05,2024-12-07,Medium,Onboarding
1137,793,2025-10-29,2025-10-31,High,Feature Request
1138,793,2023-01-05,2023-01-09,Low,Onboarding
1139,793,2023-05-20,2023-05-22,High,Onboarding
1140,794,2024-04-27,2024-04-29,High,Feature Request
1141,796,2025-09-14,2025-09-16,High,Bug Report
1142,796,2024-03-06,2024-03-11,Low,Onboarding
1143,797,2024-08-25,2024-08-28,Low,Onboarding
1144,797,2023-10-11,2023-10-14,Medium,Bug Report
1145,797,2024-08-03,,Low,Feature Request
1146,799,2024-08-06,2024-08-09,Medium,Billing
1147,800,2024-08-01,2024-08-14,Medium,Billing
1148,800,2023-01-26,2023-01-27,Medium,Login Issue
1149,800,2023-08-24,2023-08-29,High,Billing
1150,800,2025-10-10,2025-10-18,Low,Login Issue
1151,801,2024-10-01,2024-10-03,High,Onboarding
1152,802,2024-03-18,2024-03-21,Low,Bug Report
1153,803,2024-01-09,2024-01-11,Low,Bug Report
1154,803,2024-04-23,2024-05-03,High,Onboarding
1155,804,2023-12-10,2023-12-12,Medium,Billing
1156,805,2023-11-13,2023-11-17,High,Bug Report
1157,805,2023-11-18,2023-11-19,High,Feature Request
1158,808,2023-11-15,2023-11-16,Low,Login Issue
1159,808,2025-11-07,2025-11-12,Medium,Billing
1160,808,2023-01-07,2023-01-11,Low,Billing
1161,808,2023-02-13,2023-02-14,High,Onboarding
1162,808,2025-03-18,2025-03-31,Medium,Onboarding
1163,809,2024-04-29,2024-05-02,Low,Billing
1164,811,2024-06-21,2024-06-24,Medium,Login Issue
1165,811,2023-09-28,2023-10-01,Low,Bug Report
1166,812,2024-02-10,2024-02-13,Low,Login Issue
1167,812,2024-02-04,2024-02-07,Low,Feature Request
1168,814,2025-02-18,2025-02-26,Medium,Feature Request
1169,814,2023-01-01,2023-01-04,Medium,Bug Report
1170,814,2025-06-17,2025-06-21,High,Onboarding
1171,815,2024-09-21,2024-09-23,Medium,Feature Request
1172,815,2023-07-05,2023-07-09,Medium,Billing
1173,816,2023-11-05,2023-11-09,Low,Bug Report
1174,816,2025-01-06,2025-01-12,Low,Login Issue
1175,816,2024-02-17,2024-02-25,Medium,Feature Request
1176,817,2024-07-16,2024-07-21,Medium,Onboarding
1177,817,2023-04-23,2023-04-24,High,Feature Request
1178,818,2025-03-13,2025-03-14,Low,Feature Request
1179,818,2024-02-25,2024-02-29,Low,Onboarding
1180,819,2024-08-26,2024-08-28,Low,Onboarding
1181,820,2024-02-16,2024-02-23,Medium,Billing
1182,820,2024-06-18,2024-06-29,Low,Bug Report
1183,821,2025-10-17,2025-10-20,Low,Onboarding
1184,821,2023-05-31,2023-06-04,Low,Feature Request
1185,822,2023-08-28,2023-09-02,Low,Onboarding
1186,822,2023-09-08,2023-09-14,Urgent,Onboarding
1187,822,2023-07-06,2023-07-09,Low,Login Issue
1188,823,2023-01-11,2023-01-12,Medium,Feature Request
1189,824,2023-09-05,2023-09-06,Medium,Feature Request
1190,824,2023-12-28,2023-12-29,High,Bug Report
1191,824,2025-02-22,2025-02-25,Medium,Bug Report
1192,825,2024-12-11,,Low,Billing
1193,826,2023-11-15,2023-11-16,Low,Login Issue
1194,826,2023-05-07,2023-05-09,Low,Onboarding
1195,827,2025-03-04,2025-03-15,Medium,Feature Request
1196,828,2023-01-16,2023-01-17,Medium,Billing
1197,828,2023-03-26,2023-03-29,High,Onboarding
1198,828,2024-11-04,,Low,Onboarding
1199,828,2025-02-08,,Medium,Feature Request
1200,829,2025-06-02,2025-06-12,Medium,Bug Report
1201,829,2025-10-12,2025-10-13,High,Feature Request
1202,829,2024-07-20,2024-07-25,Low,Feature Request
1203,829,2024-12-28,2024-12-31,High,Onboarding
1204,830,2024-01-26,2024-01-28,Low,Onboarding
1205,831,2023-10-27,2023-10-30,Low,Onboarding
1206,831,2024-11-22,2024-11-26,Medium,Login Issue
1207,832,2023-12-10,2023-12-12,Low,Feature Request
1208,834,2024-09-17,2024-09-27,Low,Billing
1209,835,2023-12-12,2023-12-13,Low,Billing
1210,835,2023-12-15,2023-12-19,Low,Login Issue
1211,835,2025-05-21,2025-05-24,Medium,Onboarding
1212,836,2025-08-17,2025-08-25,High,Login Issue
1213,837,2023-01-18,2023-01-21,Low,Onboarding
1214,837,2024-04-16,2024-04-20,Medium,Billing
1215,837,2023-03-16,2023-03-27,Low,Feature Request
1216,838,2023-12-14,2023-12-15,Urgent,Feature Request
1217,840,2024-10-29,2024-11-01,Low,Billing
1218,840,2024-05-31,2024-06-11,Low,Onboarding
1219,842,2023-12-06,2023-12-07,Medium,Billing
1220,845,2023-09-02,2023-09-11,Medium,Feature Request
1221,845,2024-05-25,2024-05-26,Medium,Onboarding
1222,845,2024-08-26,2024-09-02,Low,Feature Request
1223,846,2023-08-15,2023-08-24,Low,Onboarding
1224,848,2024-08-21,2024-08-22,Low,Onboarding
1225,849,2024-12-05,,Medium,Feature Request
1226,849,2023-08-03,2023-08-06,Low,Billing
1227,849,2023-01-23,,High,Bug Report
1228,850,2024-12-10,2024-12-14,Low,Login Issue
1229,850,2025-08-25,2025-08-26,Low,Onboarding
1230,850,2023-04-12,2023-04-13,High,Onboarding
1231,852,2025-08-15,2025-08-16,Medium,Login Issue
1232,852,2023-07-23,2023-07-30,Low,Feature Request
1233,853,2025-02-10,,Medium,Onboarding
1234,853,2023-08-23,2023-08-29,Urgent,Onboarding
1235,855,2023-11-30,,High,Onboarding
1236,855,2024-07-09,2024-07-14,High,Onboarding
1237,856,2023-11-12,2023-11-13,Low,Login Issue
1238,856,2024-02-10,2024-02-11,Medium,Login Issue
1239,856,2024-11-25,2024-12-01,Medium,Bug Report
1240,857,2023-06-30,2023-07-11,High,Feature Request
1241,857,2024-12-20,,Medium,Feature Request
1242,858,2023-07-17,2023-07-19,Low,Bug Report
1243,858,2025-05-25,2025-06-01,Medium,Billing
1244,858,2023-03-23,2023-03-24,Medium,Login Issue
1245,859,2024-01-05,2024-01-07,Low,Login Issue
1246,859,2025-09-22,2025-09-24,Urgent,Login Issue
1247,859,2025-08-14,2025-08-17,Medium,Onboarding
1248,860,2024-11-06,2024-11-07,Low,Feature Request
1249,860,2023-04-11,2023-04-14,Medium,Onboarding
1250,861,2023-03-16,2023-03-21,Low,Bug Report
1251,862,2025-06-16,2025-06-19,Low,Onboarding
1252,864,2025-05-29,2025-05-30,Low,Login Issue
1253,864,2024-10-24,2024-10-25,Low,Feature Request
1254,865,2025-03-10,2025-03-27,High,Feature Request
1255,867,2024-06-09,2024-06-14,Low,Bug Report
1256,869,2023-04-30,2023-05-09,Urgent,Feature Request
1257,869,2023-02-21,2023-02-22,High,Login Issue
1258,869,2025-08-28,2025-09-04,High,Bug Report
1259,870,2025-06-22,2025-07-03,Low,Billing
1260,871,2023-01-24,2023-01-25,Low,Onboarding
1261,871,2024-12-15,2024-12-17,Low,Onboarding
1262,871,2024-06-30,2024-07-04,Low,Bug Report
1263,871,2024-05-06,2024-05-07,Low,Billing
1264,873,2024-10-31,2024-11-01,Low,Onboarding
1265,875,2025-03-18,2025-03-24,Low,Bug Report
1266,875,2025-09-10,2025-09-17,High,Bug Report
1267,875,2023-06-13,2023-06-17,Medium,Bug Report
1268,875,2023-12-05,2023-12-08,Low,Onboarding
1269,876,2024-02-06,2024-02-10,Medium,Onboarding
1270,876,2024-01-15,2024-01-18,Low,Login Issue
1271,878,2025-03-17,2025-03-19,High,Feature Request
1272,879,2023-05-13,,High,Billing
1273,879,2024-08-27,2024-08-29,Medium,Feature Request
1274,880,2025-12-08,,Medium,Feature Request
1275,881,2023-08-05,2023-08-06,Low,Billing
1276,881,2025-05-01,2025-05-09,Low,Onboarding
1277,882,2023-02-17,2023-02-20,Medium,Feature Request
1278,884,2024-09-21,2024-09-25,Low,Onboarding
1279,884,2024-06-30,2024-07-02,High,Onboarding
1280,885,2024-02-09,2024-02-29,Low,Bug Report
1281,885,2025-11-28,2025-12-01,Medium,Feature Request
1282,885,2024-10-12,2024-10-13,Low,Onboarding
1283,886,2024-03-07,2024-03-20,Low,Feature Request
1284,886,2023-03-29,2023-03-30,Low,Bug Report
1285,889,2025-05-20,2025-06-03,Low,Login Issue
1286,889,2024-11-11,2024-11-13,Medium,Bug Report
1287,889,2025-12-31,2026-01-06,Low,Onboarding
1288,890,2025-07-21,2025-07-23,High,Bug Report
1289,893,2025-10-30,2025-11-03,Medium,Billing
1290,893,2023-11-27,2023-12-01,Low,Feature Request
1291,894,2024-04-27,2024-05-04,Medium,Login Issue
1292,895,2025-06-08,2025-06-12,Medium,Bug Report
1293,895,2023-02-02,2023-02-11,Low,Billing
1294,895,2024-05-01,2024-05-09,Medium,Feature Request
1295,896,2025-04-22,2025-04-25,Low,Login Issue
1296,896,2025-06-21,2025-06-25,Low,Onboarding
1297,896,2023-10-05,2023-10-12,Medium,Login Issue
1298,897,2023-11-10,2023-11-20,Medium,Onboarding
1299,898,2023-05-26,2023-05-27,Low,Onboarding
1300,900,2023-09-16,2023-09-23,Low,Billing
1301,900,2025-02-06,,Medium,Onboarding
1302,900,2023-04-19,2023-04-23,Low,Login Issue
1303,901,2025-06-10,2025-06-12,Low,Bug Report
1304,901,2024-03-29,2024-03-30,Medium,Bug Report
1305,901,2024-03-09,2024-03-21,Low,Feature Request
1306,901,2025-10-14,2025-10-26,Low,Bug Report
1307,902,2024-09-12,2024-09-13,Urgent,Login Issue
1308,904,2025-03-18,2025-03-20,Medium,Billing
1309,909,2024-05-17,2024-05-21,High,Billing
1310,909,2024-06-07,2024-06-11,Medium,Onboarding
1311,911,2025-09-06,2025-09-07,Low,Billing
1312,911,2024-11-18,2024-11-19,Low,Bug Report
1313,911,2025-07-12,2025-07-28,Medium,Feature Request
1314,911,2023-07-23,2023-08-09,Medium,Billing
1315,912,2023-10-06,2023-10-10,Medium,Login Issue
1316,917,2025-06-10,2025-06-13,Low,Billing
1317,917,2025-11-19,2025-12-02,Low,Login Issue
1318,919,2024-08-23,2024-08-26,High,Onboarding
1319,920,2025-06-25,2025-06-28,High,Bug Report
1320,920,2023-06-16,2023-06-17,High,Onboarding
1321,920,2025-10-23,2025-10-25,Low,Feature Request
1322,920,2024-05-07,2024-05-12,Medium,Onboarding
1323,921,2024-10-10,,Medium,Onboarding
1324,921,2025-04-26,2025-05-18,Low,Login Issue
1325,922,2023-05-23,2023-05-30,Medium,Bug Report
1326,922,2023-09-12,2023-09-17,Medium,Login Issue
1327,923,2023-09-29,2023-09-30,High,Onboarding
1328,923,2025-06-06,2025-06-08,Medium,Feature Request
1329,923,2025-02-21,2025-02-27,High,Billing
1330,924,2023-04-29,2023-05-02,Low,Feature Request
1331,925,2025-10-30,2025-11-05,High,Onboarding
1332,928,2023-01-25,2023-01-30,Low,Billing
1333,928,2023-09-10,2023-09-13,High,Login Issue
1334,928,2025-08-27,2025-08-29,High,Feature Request
1335,928,2024-03-24,2024-03-25,High,Feature Request
1336,928,2025-08-26,2025-08-29,Low,Billing
1337,929,2025-10-23,2025-10-28,Medium,Bug Report
1338,929,2025-09-27,2025-09-28,Medium,Bug Report
1339,930,2025-10-25,2025-10-27,Urgent,Billing
1340,930,2025-12-14,2025-12-15,Medium,Bug Report
1341,930,2023-09-17,,Low,Billing
1342,933,2024-10-14,2024-10-21,Low,Bug Report
1343,934,2024-02-27,2024-03-01,Medium,Bug Report
1344,934,2024-02-08,2024-02-17,Low,Login Issue
1345,934,2024-10-21,2024-10-27,Low,Login Issue
1346,937,2023-08-22,2023-08-24,High,Onboarding
1347,937,2023-11-03,2023-11-04,High,Login Issue
1348,937,2024-05-15,2024-05-16,High,Onboarding
1349,938,2023-01-18,2023-01-21,High,Feature Request
1350,938,2024-03-26,2024-03-29,Medium,Billing
1351,940,2025-10-18,2025-10-21,Low,Billing
1352,940,2023-05-06,2023-05-08,Medium,Login Issue
1353,940,2025-12-22,2025-12-28,High,Feature Request
1354,940,2025-05-19,2025-05-20,Medium,Feature Request
1355,940,2023-08-03,2023-08-04,Medium,Login Issue
1356,941,2023-08-09,2023-08-13,Medium,Login Issue
1357,942,2025-10-17,2025-10-18,Low,Bug Report
1358,945,2025-09-21,2025-09-24,Low,Onboarding
1359,945,2024-10-23,2024-10-24,Medium,Login Issue
1360,945,2024-03-15,2024-03-16,Low,Bug Report
1361,947,2025-07-06,2025-07-09,Low,Billing
1362,947,2024-01-04,2024-01-08,Medium,Onboarding
1363,948,2025-03-09,2025-03-12,Medium,Billing
1364,948,2023-11-08,2023-11-09,Medium,Login Issue
1365,948,2025-10-06,2025-10-09,Low,Billing
1366,955,2025-10-03,2025-10-10,Low,Billing
1367,955,2024-06-12,2024-06-17,Urgent,Bug Report
1368,955,2023-03-11,2023-03-14,Low,Login Issue
1369,956,2024-03-24,2024-03-25,Low,Login Issue
1370,956,2025-10-30,2025-11-03,Low,Bug Report
1371,956,2025-01-17,2025-01-20,Low,Billing
1372,956,2024-01-13,2024-01-20,Medium,Login Issue
1373,957,2023-05-08,2023-05-09,Urgent,Feature Request
1374,957,2024-07-05,2024-07-07,Medium,Bug Report
1375,958,2023-05-17,2023-05-18,Low,Onboarding
1376,958,2025-12-12,2025-12-15,Urgent,Feature Request
1377,960,2025-06-08,2025-06-18,Low,Feature Request
1378,961,2024-07-26,2024-08-07,Low,Feature Request
1379,961,2025-02-14,2025-02-15,Low,Onboarding
1380,962,2025-10-16,2025-10-18,High,Onboarding
1381,963,2023-11-16,2023-11-18,High,Feature Request
1382,964,2023-04-29,,Medium,Bug Report
1383,964,2023-11-27,2023-12-02,Medium,Onboarding
1384,967,2023-07-31,2023-08-01,High,Feature Request
1385,967,2024-07-23,,Urgent,Feature Request
1386,967,2024-07-23,2024-07-25,High,Billing
1387,967,2024-06-03,2024-06-04,Low,Onboarding
1388,968,2024-09-10,2024-09-14,Medium,Login Issue
1389,968,2025-06-28,2025-07-03,Medium,Onboarding
1390,968,2025-10-07,2025-10-08,High,Login Issue
1391,968,2023-09-01,2023-09-04,Urgent,Onboarding
1392,968,2025-05-19,2025-05-22,Low,Billing
1393,971,2023-04-22,2023-04-26,Medium,Login Issue
1394,971,2023-07-10,2023-07-16,Medium,Onboarding
1395,971,2023-04-07,2023-04-16,Medium,Billing
1396,971,2024-08-18,2024-08-19,Low,Login Issue
1397,971,2023-08-16,2023-08-19,Low,Billing
1398,972,2023-07-28,,Medium,Bug Report
1399,972,2023-05-04,2023-05-07,High,Login Issue
1400,973,2024-06-07,2024-06-12,High,Feature Request
1401,974,2024-10-18,2024-10-22,Low,Bug Report
1402,974,2024-03-31,2024-04-02,Medium,Onboarding
1403,975,2024-07-13,2024-07-24,Medium,Bug Report
1404,975,2024-04-21,,Low,Onboarding
1405,975,2024-10-06,2024-10-12,Low,Login Issue
1406,975,2025-06-23,2025-06-25,Medium,Login Issue
1407,975,2024-08-07,2024-08-08,Medium,Onboarding
1408,976,2025-09-04,2025-09-19,Urgent,Onboarding
1409,976,2024-03-24,2024-03-29,Medium,Login Issue
1410,976,2023-11-23,2023-11-25,High,Billing
1411,981,2024-10-30,2024-11-02,High,Login Issue
1412,981,2025-07-24,,High,Billing
1413,981,2025-11-18,2025-11-24,Low,Billing
1414,982,2025-09-27,2025-10-02,Urgent,Login Issue
1415,982,2023-10-29,2023-11-01,Urgent,Feature Request
1416,982,2024-09-19,2024-09-21,Medium,Feature Request
1417,983,2025-10-16,2025-10-18,Low,Login Issue
1418,987,2023-12-12,2023-12-19,Low,Onboarding
1419,987,2023-08-06,2023-08-08,Medium,Feature Request
1420,989,2024-08-22,2024-08-25,Medium,Bug Report
1421,991,2023-04-26,2023-04-27,Medium,Feature Request
1422,992,2023-07-30,2023-08-08,Low,Bug Report
1423,992,2025-01-07,2025-01-09,High,Login Issue
1424,994,2023-03-05,2023-03-06,Medium,Billing
1425,996,2025-06-30,2025-07-04,Low,Onboarding
1426,996,2025-09-02,2025-09-03,Medium,Login Issue
1427,997,2024-03-23,2024-04-08,Medium,Onboarding
1428,997,2023-12-10,2023-12-14,Low,Onboarding
1429,998,2024-01-15,2024-01-16,Low,Bug Report
1430,1000,2023-03-31,2023-04-01,Medium,Onboarding
1431,1000,2023-12-14,2023-12-25,Low,Bug Report
1432,1002,2023-03-20,2023-03-24,High,Login Issue
1433,1002,2023-04-05,,Low,Login Issue
1434,1005,2024-08-25,2024-08-30,Low,Billing
1435,1005,2023-03-07,2023-03-09,Urgent,Login Issue
1436,1007,2024-02-06,2024-02-07,Medium,Bug Report
1437,1007,2023-07-21,2023-07-27,Low,Feature Request
1438,1007,2023-01-03,2023-01-05,Low,Feature Request
1439,1008,2023-06-07,2023-06-23,Low,Feature Request
1440,1010,2025-02-06,2025-02-08,Low,Bug Report
1441,1011,2025-11-16,2025-11-17,Medium,Billing
1442,1011,2025-01-27,2025-01-31,Low,Login Issue
1443,1011,2025-08-08,2025-08-09,High,Bug Report
1444,1011,2025-10-15,2025-10-22,Low,Bug Report
1445,1013,2024-09-23,,Medium,Bug Report
1446,1014,2025-10-19,2025-11-03,Low,Onboarding
1447,1016,2023-12-07,2023-12-17,Urgent,Login Issue
1448,1016,2025-02-12,,High,Bug Report
1449,1017,2023-11-21,2023-11-23,High,Feature Request
1450,1018,2025-12-14,2026-01-02,Medium,Bug Report
1451,1018,2023-10-29,2023-10-31,Low,Login Issue
1452,1018,2024-09-15,2024-09-16,Medium,Feature Request
1453,1018,2025-08-09,2025-08-15,Low,Feature Request
1454,1018,2023-03-07,2023-03-15,Medium,Bug Report
1455,1020,2023-11-19,2023-11-21,Low,Login Issue
1456,1021,2024-11-13,2024-11-15,Low,Bug Report
1457,1021,2023-01-10,2023-01-13,High,Feature Request
1458,1021,2023-12-06,2023-12-07,Low,Onboarding
1459,1022,2025-05-08,2025-05-17,Medium,Billing
1460,1022,2023-12-15,2023-12-23,Medium,Bug Report
1461,1024,2023-11-19,2023-11-24,Low,Billing
1462,1024,2025-10-04,2025-10-11,Medium,Billing
1463,1025,2023-05-18,2023-05-20,High,Login Issue
1464,1027,2025-09-13,2025-09-16,Medium,Feature Request
1465,1027,2023-12-03,2023-12-05,Medium,Billing
1466,1027,2023-11-06,2023-11-13,Urgent,Login Issue
1467,1027,2025-08-29,2025-08-30,High,Feature Request
1468,1028,2024-12-08,2024-12-09,Low,Billing
1469,1028,2025-08-08,2025-08-12,Medium,Billing
1470,1028,2023-05-17,2023-05-19,Urgent,Feature Request
1471,1028,2025-10-08,,High,Login Issue
1472,1029,2025-01-16,2025-01-17,Low,Feature Request
1473,1029,2024-04-24,2024-04-27,Medium,Login Issue
1474,1030,2023-12-25,2023-12-31,Medium,Billing
1475,1032,2025-06-30,2025-07-01,Medium,Billing
1476,1032,2024-12-16,2024-12-22,Low,Login Issue
1477,1033,2024-04-19,2024-04-23,Medium,Onboarding
1478,1034,2023-12-29,2023-12-31,Medium,Onboarding
1479,1034,2025-07-30,2025-07-31,Low,Login Issue
1480,1035,2024-09-11,2024-09-25,High,Bug Report
1481,1036,2025-10-08,2025-10-10,Low,Login Issue
1482,1037,2024-01-01,2024-01-12,Medium,Bug Report
1483,1037,2023-09-14,2023-09-17,Medium,Onboarding
1484,1037,2024-02-14,2024-02-18,Medium,Bug Report
1485,1038,2024-12-19,2024-12-21,Medium,Bug Report
1486,1038,2024-05-01,2024-05-04,Low,Feature Request
1487,1039,2024-02-25,2024-03-01,High,Feature Request
1488,1039,2025-02-07,2025-02-10,Medium,Bug Report
1489,1039,2024-01-03,2024-01-06,Low,Login Issue
1490,1039,2023-01-06,2023-01-07,Low,Feature Request
1491,1040,2023-09-30,2023-10-02,Medium,Onboarding
1492,1040,2023-01-17,2023-01-18,Low,Onboarding
1493,1041,2024-06-14,2024-06-25,Low,Feature Request
1494,1041,2025-11-10,2025-11-12,Low,Feature Request
1495,1042,2023-07-01,2023-07-02,Low,Login Issue
1496,1043,2023-06-04,2023-06-05,Urgent,Login Issue
1497,1044,2025-07-20,2025-07-21,Medium,Login Issue
1498,1044,2024-10-07,2024-10-08,Medium,Login Issue
1499,1044,2024-10-29,2024-10-31,Low,Onboarding
1500,1044,2023-12-27,2024-01-09,Low,Onboarding
1501,1045,2025-04-03,2025-04-09,High,Bug Report
1502,1045,2024-06-11,2024-06-13,Medium,Feature Request
1503,1046,2024-06-25,2024-06-30,Medium,Onboarding
1504,1046,2025-08-04,2025-08-09,Medium,Login Issue
1505,1047,2024-06-22,2024-06-24,Low,Billing
1506,1049,2024-06-01,2024-06-03,Medium,Onboarding
1507,1049,2025-01-12,2025-01-22,Medium,Login Issue
1508,1049,2025-12-25,2025-12-28,Low,Login Issue
1509,1050,2025-03-12,2025-03-24,Low,Login Issue
1510,1050,2023-08-24,2023-08-25,Low,Onboarding
1511,1050,2023-08-02,2023-08-03,High,Bug Report
1512,1050,2023-02-28,2023-03-03,Medium,Onboarding
1513,1051,2023-11-08,2023-11-12,Low,Onboarding
1514,1052,2024-10-09,2024-10-12,High,Bug Report
1515,1052,2025-06-01,2025-06-06,Urgent,Feature Request
1516,1052,2024-12-24,2024-12-26,Medium,Onboarding
1517,1054,2023-03-18,2023-03-19,Medium,Login Issue
1518,1054,2025-01-04,2025-01-06,Low,Feature Request
1519,1054,2024-02-03,2024-02-04,High,Onboarding
1520,1054,2025-05-11,2025-05-12,High,Login Issue
1521,1055,2025-07-27,2025-07-29,High,Onboarding
1522,1055,2025-03-03,2025-03-13,Low,Billing
1523,1055,2024-08-17,2024-08-20,Medium,Bug Report
1524,1055,2023-08-06,2023-08-07,Medium,Bug Report
1525,1055,2023-06-09,2023-06-11,Medium,Login Issue
1526,1056,2024-11-25,2024-12-11,Medium,Onboarding
1527,1056,2025-10-18,2025-10-19,Low,Billing
1528,1056,2025-07-31,2025-08-04,Medium,Login Issue
1529,1056,2025-11-04,2025-11-08,Medium,Onboarding
1530,1058,2023-04-25,2023-05-04,Urgent,Onboarding
1531,1059,2024-01-19,2024-01-22,Medium,Feature Request
1532,1059,2025-12-11,2025-12-14,Low,Bug Report
1533,1060,2024-07-26,2024-08-09,Medium,Onboarding
1534,1061,2024-09-30,2024-10-01,Low,Onboarding
1535,1061,2024-04-16,2024-04-20,High,Onboarding
1536,1062,2023-10-25,2023-10-30,Low,Onboarding
1537,1062,2025-08-24,2025-08-25,Medium,Feature Request
1538,1062,2023-10-29,2023-11-04,High,Onboarding
1539,1062,2024-05-07,,Low,Billing
1540,1065,2025-07-25,2025-07-26,Medium,Billing
1541,1066,2023-06-23,2023-07-01,High,Bug Report
1542,1071,2024-06-17,2024-06-22,Medium,Login Issue
1543,1071,2025-12-30,2026-01-10,Medium,Bug Report
1544,1071,2023-08-24,2023-08-28,High,Bug Report
1545,1071,2025-08-29,2025-09-01,High,Billing
1546,1071,2024-12-05,2024-12-09,Medium,Login Issue
1547,1074,2025-02-03,2025-02-11,Medium,Billing
1548,1074,2023-05-09,2023-05-12,Low,Billing
1549,1074,2024-04-17,2024-04-20,Medium,Billing
1550,1075,2023-01-07,2023-01-08,High,Login Issue
1551,1075,2024-08-19,2024-08-23,Medium,Onboarding
1552,1075,2024-07-06,2024-07-09,Low,Bug Report
1553,1075,2024-03-08,2024-03-10,Medium,Bug Report
1554,1075,2023-01-30,2023-01-31,High,Onboarding
1555,1077,2024-04-23,2024-04-27,Medium,Onboarding
1556,1077,2025-08-15,2025-08-16,Low,Login Issue
1557,1078,2023-08-04,2023-08-05,High,Billing
1558,1078,2024-01-12,2024-01-13,Medium,Billing
1559,1078,2023-06-29,2023-07-01,High,Bug Report
1560,1078,2025-07-29,2025-08-01,Low,Login Issue
1561,1078,2024-05-21,2024-05-25,Medium,Onboarding
1562,1079,2025-01-16,2025-01-18,Medium,Login Issue
1563,1079,2025-02-25,2025-03-02,High,Login Issue
1564,1079,2025-01-10,2025-01-17,Medium,Bug Report
1565,1081,2025-04-10,2025-04-14,Low,Billing
1566,1082,2023-10-31,2023-11-02,Urgent,Login Issue
1567,1083,2023-12-01,2023-12-02,High,Onboarding
1568,1085,2024-04-29,2024-05-11,Low,Bug Report
1569,1085,2025-03-18,2025-04-03,Medium,Billing
1570,1085,2023-12-09,2023-12-10,Medium,Billing
1571,1085,2023-11-08,,High,Login Issue
1572,1086,2025-07-18,2025-07-19,Low,Onboarding
1573,1086,2024-06-26,2024-06-30,High,Feature Request
1574,1087,2025-08-25,2025-08-28,High,Feature Request
1575,1087,2025-01-17,2025-01-18,Urgent,Login Issue
1576,1087,2025-05-30,2025-06-09,Low,Login Issue
1577,1087,2024-09-02,2024-09-11,High,Onboarding
1578,1088,2024-08-16,2024-08-21,Medium,Feature Request
1579,1088,2023-07-06,2023-07-12,Low,Feature Request
1580,1088,2025-05-08,2025-05-10,High,Feature Request
1581,1089,2024-08-26,2024-08-28,Medium,Onboarding
1582,1089,2025-02-20,2025-02-23,Low,Onboarding
1583,1091,2024-05-14,2024-05-19,High,Login Issue
1584,1091,2025-08-22,2025-08-25,Low,Bug Report
1585,1091,2024-03-26,2024-03-28,Medium,Onboarding
1586,1092,2024-12-04,2024-12-13,Medium,Feature Request
1587,1096,2025-06-13,2025-06-15,Medium,Bug Report
1588,1096,2025-01-07,2025-01-11,High,Onboarding
1589,1096,2023-08-20,2023-08-25,High,Billing
1590,1096,2024-05-05,2024-05-09,Low,Onboarding
1591,1098,2025-03-13,2025-03-19,Medium,Feature Request
1592,1098,2024-02-11,2024-02-12,High,Billing
1593,1098,2023-08-07,2023-08-09,Medium,Bug Report
1594,1099,2024-10-24,2024-10-28,Low,Onboarding
1595,1099,2024-03-25,2024-04-03,Urgent,Onboarding
1596,1102,2023-12-29,2024-01-12,Low,Billing
1597,1102,2024-07-21,2024-07-29,Low,Bug Report
1598,1102,2025-11-26,2025-11-27,Medium,Billing
1599,1102,2023-11-23,2023-11-24,Medium,Onboarding
1600,1107,2025-10-23,2025-10-25,High,Onboarding
1601,1107,2025-04-20,2025-04-23,High,Login Issue
1602,1107,2023-04-05,2023-04-06,Medium,Bug Report
1603,1108,2025-10-21,2025-10-26,Medium,Feature Request
1604,1108,2024-12-16,2024-12-26,High,Login Issue
1605,1110,2023-02-07,,Medium,Login Issue
1606,1111,2024-11-18,2024-12-07,Low,Bug Report
1607,1111,2025-06-13,2025-06-15,Medium,Feature Request
1608,1112,2025-05-16,2025-05-19,Medium,Onboarding
1609,1112,2023-03-23,2023-03-24,Medium,Login Issue
1610,1112,2025-06-13,2025-06-18,Medium,Billing
1611,1112,2024-09-29,,Urgent,Onboarding
1612,1112,2024-03-12,2024-03-15,Low,Onboarding
1613,1113,2024-06-22,2024-06-24,Low,Onboarding
1614,1113,2023-03-19,2023-03-23,Medium,Onboarding
1615,1114,2025-02-28,2025-03-01,Low,Bug Report
1616,1115,2023-03-27,2023-03-31,Medium,Billing
1617,1116,2025-05-14,2025-05-15,Low,Login Issue
1618,1116,2025-07-14,2025-07-15,Medium,Billing
1619,1118,2025-12-25,2026-01-03,Medium,Billing
1620,1118,2024-04-11,2024-04-18,Low,Bug Report
1621,1118,2024-09-18,2024-10-02,High,Onboarding
1622,1119,2025-12-03,2025-12-05,Medium,Login Issue
1623,1119,2023-07-11,2023-07-13,High,Onboarding
1624,1119,2023-06-07,2023-07-03,High,Feature Request
1625,1119,2025-02-03,2025-02-08,Low,Feature Request
1626,1120,2024-06-30,2024-07-02,High,Login Issue
1627,1121,2025-11-22,2025-11-24,High,Billing
1628,1121,2024-01-10,2024-01-18,High,Onboarding
1629,1121,2023-05-24,,Low,Onboarding
1630,1121,2024-11-23,2024-11-24,Low,Login Issue
1631,1122,2024-07-25,2024-07-27,Medium,Onboarding
1632,1124,2023-05-14,,Medium,Feature Request
1633,1126,2025-09-20,2025-09-21,Urgent,Billing
1634,1126,2024-05-18,2024-05-27,High,Billing
1635,1126,2023-09-26,2023-10-01,Medium,Login Issue
1636,1127,2023-10-22,2023-10-27,Low,Login Issue
1637,1127,2024-04-24,2024-04-28,Medium,Onboarding
1638,1128,2024-08-02,2024-08-08,Medium,Billing
1639,1129,2023-02-06,,Low,Billing
1640,1129,2023-01-01,2023-01-02,High,Bug Report
1641,1129,2025-05-14,2025-05-15,Urgent,Login Issue
1642,1130,2024-08-09,2024-08-13,High,Feature Request
1643,1130,2023-10-07,,Medium,Onboarding
1644,1130,2024-06-24,,Low,Billing
1645,1130,2023-12-11,2023-12-24,High,Onboarding
1646,1131,2025-12-12,2025-12-18,Low,Bug Report
1647,1134,2025-02-26,2025-03-01,Low,Billing
1648,1134,2025-05-12,2025-05-25,High,Login Issue
1649,1137,2024-11-12,2024-11-18,Low,Onboarding
1650,1139,2023-08-11,2023-08-12,Low,Billing
1651,1141,2025-05-04,2025-05-09,Low,Login Issue
1652,1141,2023-07-12,2023-07-15,Low,Login Issue
1653,1141,2023-10-26,2023-10-30,Urgent,Onboarding
1654,1141,2023-03-25,2023-03-27,Medium,Feature Request
1655,1141,2025-03-27,2025-03-30,Medium,Bug Report
1656,1143,2023-06-17,2023-06-19,Low,Billing
1657,1144,2023-08-27,2023-08-30,Low,Feature Request
1658,1147,2024-11-25,2024-11-26,High,Onboarding
1659,1147,2025-02-12,2025-02-13,Low,Bug Report
1660,1148,2023-08-12,2023-08-15,Low,Bug Report
1661,1148,2024-01-08,2024-01-10,Medium,Bug Report
1662,1148,2023-08-30,2023-09-01,Low,Feature Request
1663,1149,2024-03-04,2024-03-09,Low,Login Issue
1664,1149,2023-03-12,2023-03-13,Low,Billing
1665,1150,2023-04-14,,Low,Onboarding
1666,1151,2025-09-19,2025-09-23,Medium,Feature Request
1667,1151,2023-10-22,2023-10-24,Urgent,Billing
1668,1152,2023-12-30,2024-01-03,Medium,Onboarding
1669,1153,2025-04-22,2025-04-30,High,Onboarding
1670,1154,2023-01-16,2023-01-19,Low,Feature Request
1671,1154,2023-07-11,2023-07-14,High,Onboarding
1672,1154,2023-01-10,2023-01-18,Low,Billing
1673,1155,2025-11-25,2025-11-28,Low,Feature Request
1674,1156,2025-03-27,2025-04-08,Low,Login Issue
1675,1157,2023-05-17,2023-05-27,Medium,Login Issue
1676,1157,2024-08-06,2024-08-07,Medium,Login Issue
1677,1157,2025-10-26,2025-10-27,Urgent,Login Issue
1678,1158,2025-03-29,2025-04-01,Low,Onboarding
1679,1158,2023-10-02,2023-10-03,Medium,Onboarding
1680,1158,2023-12-10,2023-12-19,Medium,Billing
1681,1160,2023-08-07,2023-08-10,Low,Bug Report
1682,1160,2023-05-17,2023-05-18,Low,Login Issue
1683,1161,2025-05-28,2025-06-02,Low,Feature Request
1684,1161,2024-10-07,2024-10-12,Medium,Bug Report
1685,1161,2023-06-18,2023-06-21,Urgent,Feature Request
1686,1161,2023-07-03,,Medium,Login Issue
1687,1164,2024-02-29,2024-03-07,Urgent,Onboarding
1688,1164,2024-09-08,2024-09-17,Low,Login Issue
1689,1164,2025-10-22,2025-11-02,Low,Billing
1690,1166,2024-05-15,2024-05-16,Low,Onboarding
1691,1166,2023-07-10,2023-07-14,Low,Billing
1692,1167,2025-06-08,2025-06-13,Medium,Feature Request
1693,1167,2024-06-23,2024-06-24,High,Onboarding
1694,1167,2024-01-19,2024-01-23,Low,Login Issue
1695,1167,2023-05-04,2023-05-05,Low,Login Issue
1696,1169,2023-05-12,2023-05-19,Medium,Bug Report
1697,1170,2025-09-12,2025-09-21,Urgent,Login Issue
1698,1174,2025-06-15,2025-06-20,Low,Onboarding
1699,1176,2023-02-13,2023-02-24,Low,Onboarding
1700,1176,2023-10-17,2023-10-19,Low,Bug Report
1701,1176,2025-11-02,2025-11-07,Low,Bug Report
1702,1176,2023-02-12,2023-02-13,High,Onboarding
1703,1177,2023-12-02,2023-12-03,High,Login Issue
1704,1178,2025-07-08,2025-07-11,Low,Onboarding
1705,1178,2023-11-03,2023-11-15,Medium,Billing
1706,1179,2025-10-01,2025-10-09,High,Billing
1707,1180,2023-08-20,2023-08-25,Low,Login Issue
1708,1180,2025-09-18,2025-09-23,Medium,Bug Report
1709,1180,2024-03-17,2024-03-19,Urgent,Billing
1710,1181,2024-02-09,2024-02-10,Medium,Billing
1711,1181,2023-03-22,2023-03-25,Medium,Onboarding
1712,1182,2024-11-20,2024-11-22,Urgent,Billing
1713,1182,2024-08-19,2024-08-21,Medium,Login Issue
1714,1182,2023-10-05,2023-10-06,Urgent,Login Issue
1715,1182,2025-11-16,2025-11-18,Urgent,Onboarding
1716,1182,2025-12-20,2025-12-24,High,Bug Report
1717,1183,2024-08-15,2024-08-25,High,Onboarding
1718,1185,2025-08-07,2025-08-14,Low,Feature Request
1719,1185,2024-07-09,2024-07-11,Low,Billing
1720,1185,2024-02-20,2024-02-26,Low,Billing
1721,1185,2024-12-23,2024-12-28,High,Onboarding
1722,1185,2023-11-15,2023-11-16,High,Billing
1723,1186,2024-01-26,2024-01-30,Low,Bug Report
1724,1187,2025-04-17,2025-04-24,Medium,Feature Request
1725,1188,2023-01-19,2023-01-20,Medium,Onboarding
1726,1188,2024-11-26,2024-11-27,Medium,Onboarding
1727,1189,2023-03-24,2023-03-25,Medium,Bug Report
1728,1189,2023-10-23,2023-10-26,Low,Feature Request
1729,1192,2023-05-21,2023-05-22,Medium,Feature Request
1730,1193,2023-07-13,,Medium,Bug Report
1731,1194,2023-05-21,2023-05-25,High,Feature Request
1732,1195,2023-04-30,2023-05-01,Low,Bug Report
1733,1196,2023-11-11,2023-11-26,Medium,Login Issue
1734,1197,2023-10-27,2023-11-02,Medium,Onboarding
1735,1197,2024-05-13,2024-05-16,High,Billing
1736,1198,2023-01-29,2023-02-07,Medium,Billing
1737,1198,2024-06-26,,High,Feature Request
1738,1198,2025-02-03,2025-02-09,High,Bug Report
1739,1199,2023-08-06,2023-08-10,High,Bug Report
1740,1199,2025-01-06,2025-01-09,High,Feature Request
1741,1200,2025-05-12,2025-05-14,Low,Feature Request
1742,1202,2024-02-01,2024-02-02,Low,Bug Report
1743,1203,2024-02-15,2024-02-16,Medium,Onboarding
1744,1205,2025-01-10,2025-01-15,Urgent,Feature Request
1745,1205,2025-04-22,2025-05-01,High,Billing
1746,1206,2024-04-08,2024-04-16,Low,Login Issue
1747,1207,2023-01-05,2023-01-09,Medium,Bug Report
1748,1207,2024-11-28,2024-11-29,Low,Onboarding
1749,1207,2023-12-26,2023-12-27,Medium,Login Issue
1750,1208,2023-01-18,2023-01-19,Medium,Login Issue
1751,1208,2023-12-16,2023-12-17,Medium,Feature Request
1752,1209,2024-09-01,2024-09-03,Medium,Billing
1753,1209,2024-03-02,2024-03-03,Low,Login Issue
1754,1210,2025-07-25,2025-07-27,Medium,Billing
1755,1210,2023-02-12,2023-02-13,Medium,Bug Report
1756,1210,2025-12-13,2025-12-16,Medium,Onboarding
1757,1211,2025-07-03,2025-07-07,High,Login Issue
1758,1211,2024-05-31,2024-06-06,Low,Onboarding
1759,1216,2025-12-18,2025-12-19,High,Login Issue
1760,1216,2024-02-20,2024-03-02,Low,Billing
1761,1216,2023-08-24,2023-08-27,High,Login Issue
1762,1216,2024-12-13,2024-12-16,High,Billing
1763,1217,2023-04-29,2023-05-12,Low,Bug Report
1764,1219,2024-07-28,2024-07-31,Medium,Feature Request
1765,1224,2024-10-28,2024-10-30,Low,Onboarding
1766,1224,2024-06-04,2024-06-05,Low,Feature Request
1767,1224,2025-09-17,2025-09-26,Low,Billing
1768,1224,2024-04-21,2024-04-27,Low,Feature Request
1769,1226,2023-08-26,2023-08-31,High,Feature Request
1770,1226,2024-03-18,2024-03-21,Low,Bug Report
1771,1228,2023-10-18,2023-10-25,Low,Login Issue
1772,1228,2025-07-28,2025-07-30,Low,Login Issue
1773,1229,2023-03-05,2023-03-06,High,Billing
1774,1229,2024-06-02,2024-06-13,Medium,Login Issue
1775,1229,2024-07-17,2024-07-18,Medium,Login Issue
1776,1233,2024-02-27,,High,Onboarding
1777,1234,2025-02-01,2025-02-03,Urgent,Billing
1778,1235,2025-07-13,2025-07-25,Medium,Onboarding
1779,1236,2025-06-21,2025-06-23,Low,Login Issue
1780,1236,2024-10-08,2024-10-10,Low,Login Issue
1781,1237,2023-11-11,2023-11-12,Low,Bug Report
1782,1241,2024-04-07,2024-04-14,High,Bug Report
1783,1241,2024-04-22,2024-05-01,High,Billing
1784,1241,2025-01-25,2025-01-30,High,Bug Report
1785,1241,2023-11-04,2023-11-10,Medium,Bug Report
1786,1241,2024-01-23,2024-01-25,Low,Billing
1787,1242,2025-04-01,2025-04-06,Medium,Onboarding
1788,1242,2024-06-03,2024-06-04,Medium,Feature Request
1789,1245,2024-04-26,2024-05-02,Low,Bug Report
1790,1246,2024-09-15,2024-09-25,Low,Onboarding
1791,1250,2023-10-17,2023-10-19,Medium,Bug Report
1792,1255,2024-05-18,2024-05-19,Urgent,Billing
1793,1255,2025-05-04,2025-05-09,High,Bug Report
1794,1255,2025-09-13,2025-09-24,High,Login Issue
1795,1257,2023-06-07,2023-06-16,Low,Bug Report
1796,1258,2024-02-11,,Low,Bug Report
1797,1258,2025-11-30,2025-12-05,High,Onboarding
1798,1258,2023-01-11,2023-01-14,Low,Billing
1799,1258,2024-11-10,2024-11-13,Low,Onboarding
1800,1260,2025-06-04,2025-06-15,Low,Login Issue
1801,1261,2025-05-07,2025-05-12,High,Bug Report
1802,1263,2023-03-01,2023-03-05,Medium,Billing
1803,1263,2024-06-20,2024-06-25,Medium,Login Issue
1804,1265,2025-03-04,,High,Onboarding
1805,1265,2023-08-20,2023-08-21,Low,Bug Report
1806,1265,2025-07-23,2025-07-24,Low,Login Issue
1807,1266,2023-03-04,2023-03-06,Medium,Feature Request
1808,1266,2024-03-12,2024-03-13,High,Billing
1809,1266,2023-04-28,2023-05-01,High,Login Issue
1810,1266,2023-04-09,2023-04-11,Low,Billing
1811,1266,2025-03-31,2025-04-02,Medium,Onboarding
1812,1267,2024-07-11,2024-07-14,Low,Onboarding
1813,1267,2023-02-03,2023-02-07,Medium,Bug Report
1814,1267,2025-01-25,2025-01-28,Medium,Login Issue
1815,1267,2024-06-13,2024-06-17,Medium,Feature Request
1816,1268,2023-12-10,2023-12-12,High,Login Issue
1817,1268,2023-09-08,2023-09-12,Low,Onboarding
1818,1270,2025-04-09,2025-04-11,Medium,Billing
1819,1272,2023-09-27,2023-10-10,High,Onboarding
1820,1273,2024-10-27,2024-11-06,Low,Feature Request
1821,1273,2023-01-03,2023-01-09,Medium,Bug Report
1822,1273,2023-02-19,2023-02-27,High,Feature Request
1823,1273,2023-01-04,2023-01-19,Medium,Billing
1824,1274,2024-11-19,2024-11-20,Medium,Onboarding
1825,1274,2023-02-04,,Low,Bug Report
1826,1275,2023-01-03,2023-01-04,High,Feature Request
1827,1277,2024-04-17,2024-04-19,High,Onboarding
1828,1277,2025-06-30,2025-07-03,Low,Login Issue
1829,1277,2025-10-17,2025-10-18,Low,Feature Request
1830,1278,2024-06-19,2024-06-21,Low,Feature Request
1831,1278,2023-05-31,2023-06-04,Urgent,Login Issue
1832,1278,2025-03-09,2025-03-10,High,Billing
1833,1279,2023-12-04,2023-12-08,Low,Feature Request
1834,1281,2025-04-14,2025-04-16,Low,Bug Report
1835,1282,2025-08-25,2025-08-27,Low,Onboarding
1836,1284,2025-10-09,2025-10-18,Low,Bug Report
1837,1284,2025-03-02,2025-03-04,Low,Onboarding
1838,1285,2023-04-07,2023-04-12,Low,Feature Request
1839,1285,2024-03-23,2024-04-02,Low,Feature Request
1840,1289,2024-02-11,2024-02-17,High,Bug Report
1841,1291,2024-07-25,2024-07-30,Medium,Feature Request
1842,1292,2023-01-09,2023-01-11,Medium,Login Issue
1843,1293,2024-04-01,2024-04-07,Medium,Onboarding
1844,1294,2025-05-24,2025-05-25,High,Bug Report
1845,1295,2023-07-15,2023-07-16,Medium,Billing
1846,1296,2025-01-12,2025-01-16,Medium,Bug Report
1847,1296,2024-04-16,2024-04-27,High,Login Issue
1848,1297,2024-01-22,2024-01-24,Medium,Onboarding
1849,1297,2024-05-09,2024-05-11,Medium,Feature Request
1850,1297,2023-05-04,2023-05-08,Low,Onboarding
1851,1298,2025-09-07,2025-09-08,Low,Onboarding
1852,1302,2023-05-20,2023-05-25,High,Onboarding
1853,1302,2025-08-24,2025-08-27,High,Bug Report
1854,1302,2025-11-23,2025-11-24,Urgent,Onboarding
1855,1302,2025-05-07,2025-05-10,Low,Login Issue
1856,1303,2025-08-14,2025-08-15,Medium,Onboarding
1857,1305,2024-03-23,2024-03-27,High,Onboarding
1858,1305,2024-12-28,2024-12-29,Medium,Billing
1859,1305,2024-12-02,2024-12-08,Medium,Onboarding
1860,1305,2023-01-18,2023-01-23,High,Login Issue
1861,1306,2023-10-08,2023-10-09,Low,Billing
1862,1310,2025-11-30,2025-12-01,Medium,Bug Report
1863,1312,2024-07-16,2024-07-18,High,Onboarding
1864,1312,2024-07-03,2024-07-04,High,Bug Report
1865,1312,2024-06-30,2024-07-02,Low,Billing
1866,1312,2025-11-16,2025-11-17,Medium,Bug Report
1867,1312,2023-02-17,2023-02-22,Medium,Onboarding
1868,1313,2024-10-16,2024-10-17,Low,Onboarding
1869,1313,2025-04-20,2025-04-21,Medium,Login Issue
1870,1314,2025-07-06,2025-07-08,High,Onboarding
1871,1315,2023-06-09,2023-06-11,High,Login Issue
1872,1315,2024-02-19,2024-02-20,Medium,Billing
1873,1315,2023-10-17,2023-10-23,Medium,Login Issue
1874,1317,2024-11-05,2024-11-11,Medium,Feature Request
1875,1317,2023-01-08,2023-01-11,High,Login Issue
1876,1317,2024-05-23,2024-05-26,Low,Feature Request
1877,1319,2023-07-22,2023-07-28,High,Bug Report
1878,1319,2024-07-19,2024-07-25,Medium,Feature Request
1879,1320,2023-03-27,2023-04-01,Low,Login Issue
1880,1321,2023-01-13,2023-01-14,Medium,Bug Report
1881,1323,2023-02-17,2023-02-21,Low,Login Issue
1882,1323,2024-11-16,2024-11-20,Low,Billing
1883,1327,2024-06-25,2024-06-27,Low,Feature Request
1884,1327,2023-10-30,2023-10-31,Medium,Feature Request
1885,1330,2024-01-12,2024-01-23,Low,Login Issue
1886,1330,2024-10-20,2024-10-27,High,Billing
1887,1332,2025-01-09,2025-01-12,Medium,Login Issue
1888,1332,2024-06-08,2024-06-10,Medium,Feature Request
1889,1332,2024-11-06,2024-11-09,Medium,Login Issue
1890,1332,2025-08-22,2025-08-25,Urgent,Feature Request
1891,1333,2024-06-29,2024-07-06,High,Bug Report
1892,1333,2024-07-13,2024-07-14,Urgent,Feature Request
1893,1334,2025-04-08,2025-04-13,Low,Billing
1894,1334,2023-02-18,2023-02-23,Urgent,Login Issue
1895,1336,2023-02-07,2023-02-12,Medium,Billing
1896,1336,2023-09-20,2023-09-25,Medium,Bug Report
1897,1336,2024-11-18,,High,Login Issue
1898,1340,2023-05-18,2023-05-25,High,Billing
1899,1340,2025-05-13,2025-05-17,Medium,Bug Report
1900,1341,2023-10-17,2023-10-20,Medium,Login Issue
1901,1341,2024-07-18,2024-07-26,Medium,Onboarding
1902,1341,2024-01-03,2024-01-23,Low,Bug Report
1903,1342,2025-09-19,2025-10-04,Low,Feature Request
1904,1342,2024-12-19,2024-12-23,Medium,Login Issue
1905,1344,2024-07-09,2024-07-14,High,Billing
1906,1344,2025-12-23,2025-12-30,Low,Feature Request
1907,1344,2025-05-29,2025-06-01,Low,Onboarding
1908,1345,2023-04-03,2023-04-08,Medium,Feature Request
1909,1345,2025-03-24,2025-03-26,Low,Bug Report
1910,1346,2025-12-07,2025-12-11,Low,Feature Request
1911,1346,2025-11-30,2025-12-01,Low,Billing
1912,1347,2023-04-25,2023-05-01,High,Onboarding
1913,1347,2025-02-28,2025-03-01,High,Billing
1914,1347,2024-01-06,2024-01-07,Medium,Login Issue
1915,1348,2024-04-12,2024-04-20,Medium,Onboarding
1916,1349,2025-09-19,2025-09-23,Medium,Bug Report
1917,1350,2025-05-10,2025-05-13,Low,Feature Request
1918,1353,2024-12-27,2025-01-05,Low,Billing
1919,1356,2025-03-01,2025-03-03,Low,Login Issue
1920,1358,2024-01-05,2024-01-07,Medium,Bug Report
1921,1358,2023-12-16,2023-12-20,Low,Bug Report
1922,1364,2024-05-13,2024-05-21,Low,Onboarding
1923,1365,2024-09-21,2024-09-22,Low,Feature Request
1924,1366,2024-09-14,2024-09-16,Low,Bug Report
1925,1367,2025-02-27,2025-03-05,Low,Bug Report
1926,1368,2023-07-12,2023-07-30,Medium,Bug Report
1927,1372,2023-10-23,2023-10-28,Low,Onboarding
1928,1372,2023-08-23,2023-08-27,Low,Login Issue
1929,1374,2024-09-19,2024-09-28,Medium,Billing
1930,1374,2025-05-09,2025-05-12,Low,Billing
1931,1376,2023-12-28,2024-01-02,High,Feature Request
1932,1377,2024-06-19,2024-06-21,Medium,Onboarding
1933,1377,2025-01-19,2025-01-22,Low,Onboarding
1934,1378,2024-01-29,2024-02-04,Medium,Onboarding
1935,1378,2025-03-27,2025-03-31,Low,Bug Report
1936,1379,2025-08-28,2025-09-07,Low,Billing
1937,1380,2024-08-26,2024-08-27,High,Onboarding
1938,1383,2024-09-10,2024-09-13,Medium,Feature Request
1939,1386,2023-01-09,2023-01-10,Medium,Login Issue
1940,1388,2023-03-30,,Low,Billing
1941,1388,2025-02-22,2025-02-26,Low,Billing
1942,1388,2024-08-20,2024-08-21,High,Login Issue
1943,1389,2024-08-28,2024-09-05,Medium,Onboarding
1944,1389,2024-04-01,2024-04-02,High,Onboarding
1945,1395,2024-05-18,2024-05-27,High,Bug Report
1946,1397,2023-07-24,2023-07-25,Low,Onboarding
1947,1397,2025-04-01,2025-04-13,Medium,Bug Report
1948,1399,2023-05-06,2023-05-08,High,Login Issue
1949,1400,2023-10-06,2023-10-08,Medium,Billing
1950,1400,2023-05-10,2023-05-14,High,Billing
1951,1400,2024-07-20,,Low,Billing
1952,1400,2025-10-05,2025-10-06,Low,Bug Report
1953,1400,2024-08-25,2024-08-27,Low,Feature Request
1954,1401,2025-06-22,2025-06-27,Low,Billing
1955,1402,2025-11-30,2025-12-01,Medium,Onboarding
1956,1404,2025-01-12,2025-01-14,High,Bug Report
1957,1404,2024-11-21,2024-11-26,Low,Login Issue
1958,1404,2023-01-05,2023-01-08,Medium,Billing
1959,1405,2025-06-27,2025-07-13,Low,Feature Request
1960,1405,2025-09-24,2025-10-09,High,Billing
1961,1405,2023-06-18,2023-06-29,Low,Billing
1962,1406,2025-01-21,2025-02-03,Low,Login Issue
1963,1407,2024-04-05,2024-04-18,High,Onboarding
1964,1407,2024-12-15,2024-12-23,Low,Onboarding
1965,1408,2025-01-18,2025-01-30,Low,Feature Request
1966,1408,2025-07-16,2025-07-17,Medium,Bug Report
1967,1408,2025-11-20,2025-11-27,Medium,Onboarding
1968,1409,2024-03-07,2024-03-11,Medium,Feature Request
1969,1409,2023-08-29,2023-09-01,Low,Onboarding
1970,1409,2025-01-14,2025-01-15,Urgent,Login Issue
1971,1409,2025-12-30,2026-01-01,High,Bug Report
1972,1410,2025-12-08,2025-12-10,Low,Bug Report
1973,1411,2025-07-30,2025-07-31,Medium,Onboarding
1974,1413,2024-06-04,2024-06-16,Low,Login Issue
1975,1414,2023-05-17,2023-05-21,Low,Onboarding
1976,1414,2023-08-19,2023-09-02,High,Login Issue
1977,1415,2025-03-11,2025-03-15,Low,Onboarding
1978,1415,2025-06-27,2025-07-01,High,Billing
1979,1419,2023-01-20,2023-01-22,High,Login Issue
1980,1420,2023-10-24,2023-10-25,Low,Feature Request
1981,1420,2023-10-03,2023-10-04,Low,Onboarding
1982,1420,2025-01-27,2025-02-02,High,Login Issue
1983,1420,2024-08-01,2024-08-08,Medium,Feature Request
1984,1421,2023-10-11,2023-10-12,Low,Onboarding
1985,1421,2024-12-10,,Medium,Feature Request
1986,1421,2023-10-05,2023-10-11,Low,Login Issue
1987,1421,2025-12-16,2025-12-17,High,Feature Request
1988,1422,2023-05-25,2023-05-27,Medium,Onboarding
1989,1424,2025-02-27,2025-03-06,Low,Onboarding
1990,1426,2023-07-15,2023-07-24,Low,Onboarding
1991,1426,2023-09-03,2023-09-13,High,Login Issue
1992,1426,2023-07-28,2023-07-30,Urgent,Onboarding
1993,1427,2023-09-15,2023-09-19,Low,Login Issue
1994,1427,2023-10-15,2023-10-18,High,Billing
1995,1428,2024-07-11,2024-07-16,Medium,Feature Request
1996,1428,2023-01-22,2023-01-28,High,Onboarding
1997,1428,2024-09-14,2024-09-16,Low,Feature Request
1998,1430,2025-08-14,2025-08-26,Low,Onboarding
1999,1431,2024-03-18,2024-03-21,Medium,Login Issue
2000,1431,2025-08-09,2025-08-11,Medium,Login Issue
2001,1433,2024-05-04,2024-05-06,Medium,Feature Request
2002,1433,2025-12-17,2025-12-18,Low,Feature Request
2003,1433,2023-03-18,2023-03-19,Medium,Bug Report
2004,1434,2025-03-04,2025-03-12,Medium,Onboarding
2005,1434,2024-06-21,2024-06-29,Low,Onboarding
2006,1435,2024-01-22,2024-01-25,Medium,Onboarding
2007,1435,2023-05-25,2023-05-28,High,Login Issue
2008,1435,2023-04-10,2023-04-11,Low,Onboarding
2009,1435,2025-05-04,2025-05-06,Low,Bug Report
2010,1435,2025-02-06,2025-02-08,High,Onboarding
2011,1436,2023-11-01,2023-11-09,Medium,Feature Request
2012,1436,2023-01-17,2023-01-20,Urgent,Billing
2013,1436,2024-11-24,2024-11-25,Low,Billing
2014,1437,2024-04-25,2024-04-27,Low,Onboarding
2015,1438,2023-07-28,2023-07-31,Urgent,Feature Request
2016,1438,2023-03-11,2023-03-12,Low,Bug Report
2017,1439,2025-08-06,2025-08-07,Low,Feature Request
2018,1439,2023-09-18,,High,Login Issue
2019,1439,2023-10-02,2023-10-04,Low,Login Issue
2020,1439,2025-12-24,2025-12-27,Urgent,Onboarding
2021,1439,2024-04-10,2024-04-16,Low,Bug Report
2022,1440,2023-12-05,2023-12-07,Low,Login Issue
2023,1442,2023-05-09,2023-05-16,Low,Feature Request
2024,1442,2024-05-16,2024-05-24,Medium,Bug Report
2025,1442,2025-07-17,2025-07-22,Low,Bug Report
2026,1444,2025-07-18,2025-07-21,Medium,Onboarding
2027,1444,2025-01-04,,Medium,Onboarding
2028,1444,2025-04-03,2025-04-07,Medium,Bug Report
2029,1444,2025-12-24,2025-12-27,Low,Onboarding
2030,1444,2023-06-01,2023-06-02,High,Billing
2031,1446,2025-06-03,2025-06-04,Low,Onboarding
2032,1446,2025-03-01,2025-03-03,Low,Feature Request
2033,1446,2024-02-03,2024-02-09,Medium,Billing
2034,1446,2025-06-05,2025-06-09,High,Bug Report
2035,1447,2024-05-10,2024-05-11,Medium,Login Issue
2036,1448,2024-01-09,2024-01-12,Low,Login Issue
2037,1449,2023-07-02,2023-07-04,Low,Bug Report
2038,1449,2023-02-14,2023-02-24,Medium,Billing
2039,1449,2024-12-31,2025-01-01,Medium,Onboarding
2040,1449,2025-03-17,2025-03-19,Medium,Bug Report
2041,1449,2023-05-23,2023-05-25,Low,Onboarding
2042,1450,2023-09-09,2023-09-12,Low,Bug Report
2043,1453,2023-07-19,2023-07-20,Low,Feature Request
2044,1453,2024-02-15,2024-02-17,High,Bug Report
2045,1454,2025-02-10,2025-02-20,Medium,Login Issue
2046,1454,2023-03-24,2023-03-25,Medium,Feature Request
2047,1454,2024-03-03,2024-03-05,Medium,Feature Request
2048,1454,2024-11-30,2024-12-03,Urgent,Bug Report
2049,1455,2023-10-14,2023-10-16,Low,Bug Report
2050,1455,2023-08-23,2023-08-28,Low,Onboarding
2051,1455,2023-08-30,2023-09-14,Low,Billing
2052,1456,2024-01-29,2024-02-02,High,Login Issue
2053,1456,2024-06-03,2024-06-10,Medium,Onboarding
2054,1456,2024-09-21,2024-09-22,Low,Login Issue
2055,1458,2023-04-26,2023-04-29,High,Feature Request
2056,1459,2023-04-13,2023-04-15,Low,Billing
2057,1459,2025-05-20,2025-05-22,Medium,Feature Request
2058,1459,2024-07-23,2024-07-31,High,Bug Report
2059,1459,2024-04-02,2024-04-06,Medium,Feature Request
2060,1461,2024-03-14,2024-03-16,Low,Login Issue
2061,1461,2025-04-01,2025-04-03,High,Login Issue
2062,1461,2025-09-13,2025-09-14,Low,Onboarding
2063,1462,2025-04-11,2025-04-20,High,Bug Report
2064,1462,2024-01-24,2024-01-26,Medium,Login Issue
2065,1462,2023-11-10,2023-11-14,Low,Feature Request
2066,1463,2024-02-19,2024-02-23,Low,Feature Request
2067,1464,2024-01-12,2024-01-15,Medium,Onboarding
2068,1465,2023-02-20,2023-02-27,High,Bug Report
2069,1465,2023-01-02,2023-01-04,Low,Login Issue
2070,1465,2025-11-26,2025-11-29,Urgent,Feature Request
2071,1466,2023-08-16,2023-08-18,Medium,Bug Report
2072,1467,2025-08-15,2025-08-23,Low,Feature Request
2073,1467,2025-10-20,2025-10-24,Medium,Bug Report
2074,1468,2024-03-02,2024-03-04,Medium,Onboarding
2075,1469,2023-08-28,2023-08-29,Medium,Feature Request
2076,1469,2025-10-04,2025-10-08,Medium,Feature Request
2077,1469,2023-07-21,2023-07-27,Low,Onboarding
2078,1469,2023-09-30,2023-10-04,Medium,Bug Report
2079,1470,2024-12-02,2024-12-20,Low,Bug Report
2080,1470,2024-05-02,2024-05-03,Low,Billing
2081,1471,2024-04-05,,Medium,Bug Report
2082,1475,2024-08-04,2024-08-07,Urgent,Billing
2083,1475,2023-04-10,,Low,Login Issue
2084,1475,2025-09-16,2025-09-22,Low,Billing
2085,1476,2024-06-12,2024-06-13,Low,Feature Request
2086,1476,2023-07-05,2023-07-06,Urgent,Bug Report
2087,1478,2025-07-12,2025-07-13,Medium,Billing
2088,1479,2025-08-04,2025-08-09,High,Login Issue
2089,1479,2025-09-09,2025-09-16,High,Bug Report
2090,1479,2025-04-13,2025-04-16,High,Billing
2091,1481,2023-05-02,2023-05-04,Medium,Billing
2092,1481,2023-07-15,2023-07-16,Low,Feature Request
2093,1481,2025-12-01,2025-12-04,Medium,Onboarding
2094,1481,2024-04-15,2024-04-16,High,Onboarding
2095,1481,2023-03-25,2023-03-26,Urgent,Bug Report
2096,1482,2024-11-15,2024-11-18,Low,Onboarding
2097,1482,2025-07-12,2025-07-13,Low,Onboarding
2098,1484,2024-12-26,2025-01-01,Urgent,Billing
2099,1484,2023-11-19,2023-11-30,Medium,Login Issue
2100,1484,2024-02-04,2024-02-06,Low,Feature Request
2101,1485,2023-09-02,2023-09-07,High,Feature Request
2102,1485,2023-10-03,2023-10-13,Low,Onboarding
2103,1486,2023-07-01,2023-07-03,High,Bug Report
2104,1486,2024-01-07,2024-01-11,Low,Login Issue
2105,1487,2025-03-14,2025-03-18,Low,Feature Request
2106,1487,2024-08-09,2024-08-17,Medium,Login Issue
2107,1488,2024-11-22,2024-11-26,Medium,Onboarding
2108,1489,2024-06-18,2024-06-25,Low,Billing
2109,1490,2023-11-27,2023-11-29,Low,Feature Request
2110,1490,2023-08-14,2023-08-19,Medium,Bug Report
2111,1491,2024-10-30,2024-11-02,Low,Login Issue
2112,1492,2025-01-04,2025-01-08,Medium,Login Issue
2113,1492,2024-02-27,2024-03-03,High,Feature Request
2114,1492,2025-06-05,2025-06-12,High,Feature Request
2115,1492,2023-10-23,2023-10-25,Low,Billing
2116,1497,2025-05-21,2025-05-23,Medium,Feature Request
2117,1497,2025-04-15,2025-05-13,High,Onboarding
2118,1498,2024-03-29,2024-03-30,High,Bug Report
2119,1498,2024-10-22,2024-10-23,Low,Login Issue
2120,1499,2024-05-26,,Low,Onboarding
2121,1499,2025-12-02,2025-12-06,Low,Billing
2122,1502,2023-12-16,2023-12-22,High,Feature Request
2123,1502,2023-10-03,2023-10-13,High,Bug Report
2124,1502,2023-05-23,2023-06-02,Low,Feature Request
2125,1502,2023-03-31,2023-04-05,Medium,Billing
2126,1502,2025-10-27,2025-11-02,High,Login Issue
2127,1503,2024-06-23,2024-06-28,Medium,Bug Report
2128,1503,2024-02-08,2024-02-09,High,Billing
2129,1504,2025-10-20,2025-11-01,Low,Login Issue
2130,1504,2025-11-18,2025-11-26,Low,Billing
2131,1505,2023-05-01,2023-05-02,Medium,Login Issue
2132,1505,2025-04-22,2025-05-09,Low,Billing
2133,1509,2024-01-12,2024-01-20,Medium,Feature Request
2134,1510,2024-09-17,2024-09-26,Low,Feature Request
2135,1512,2023-04-11,2023-04-14,Low,Login Issue
2136,1516,2023-04-26,2023-05-06,Low,Onboarding
2137,1517,2025-07-28,2025-07-30,Low,Onboarding
2138,1517,2025-05-28,2025-05-29,Medium,Bug Report
2139,1517,2023-10-26,2023-10-27,Low,Onboarding
2140,1517,2023-10-27,2023-10-29,Low,Onboarding
2141,1517,2025-05-03,2025-05-12,Low,Onboarding
2142,1518,2025-07-20,,Medium,Login Issue
2143,1523,2023-03-09,2023-03-11,Medium,Bug Report
2144,1526,2024-08-28,2024-08-30,Low,Onboarding
2145,1526,2023-03-27,2023-03-29,Medium,Billing
2146,1526,2024-04-02,2024-04-07,Low,Feature Request
2147,1527,2023-05-30,2023-05-31,Low,Login Issue
2148,1527,2025-12-01,2025-12-02,Low,Onboarding
2149,1527,2025-02-24,2025-03-01,Medium,Onboarding
2150,1527,2023-03-06,2023-03-15,Low,Login Issue
2151,1528,2023-12-12,2023-12-19,Low,Onboarding
2152,1528,2023-05-29,2023-05-30,Medium,Bug Report
2153,1528,2025-02-25,2025-03-04,Low,Login Issue
2154,1530,2023-12-20,2023-12-30,High,Feature Request
2155,1530,2023-01-15,,Low,Bug Report
2156,1530,2024-07-11,2024-07-17,Low,Onboarding
2157,1531,2023-03-21,2023-03-30,Low,Bug Report
2158,1532,2024-01-29,2024-02-02,Medium,Login Issue
2159,1533,2025-08-05,2025-08-09,Low,Billing
2160,1536,2024-04-23,2024-04-27,Low,Onboarding
2161,1539,2023-03-30,2023-03-31,Low,Bug Report
2162,1540,2025-07-24,2025-07-27,Low,Bug Report
2163,1540,2024-05-30,2024-06-03,Low,Feature Request
2164,1541,2025-02-01,2025-02-02,Low,Feature Request
2165,1541,2024-10-19,2024-10-22,High,Billing
2166,1541,2023-06-08,2023-06-13,Medium,Login Issue
2167,1541,2023-05-09,2023-05-15,Low,Login Issue
2168,1542,2023-06-12,2023-06-13,Low,Billing
2169,1543,2023-06-21,2023-06-25,Low,Feature Request
2170,1544,2024-09-03,2024-09-09,Medium,Login Issue
2171,1546,2023-10-19,2023-10-20,Low,Bug Report
2172,1546,2025-06-02,2025-06-04,Low,Bug Report
2173,1546,2025-05-12,2025-05-13,Medium,Feature Request
2174,1546,2023-11-29,2023-12-02,Medium,Bug Report
2175,1547,2023-03-13,2023-03-15,Medium,Bug Report
2176,1548,2024-01-06,2024-01-08,Low,Login Issue
2177,1548,2025-11-24,2025-11-25,High,Feature Request
2178,1549,2024-08-01,2024-08-03,Medium,Login Issue
2179,1551,2025-02-09,2025-02-12,Urgent,Onboarding
2180,1551,2025-06-22,2025-06-23,High,Billing
2181,1551,2024-06-25,2024-06-27,Low,Billing
2182,1552,2024-11-03,2024-11-04,Medium,Login Issue
2183,1554,2024-01-15,2024-01-26,Medium,Login Issue
2184,1554,2025-04-13,,High,Billing
2185,1554,2024-08-19,2024-08-22,Low,Onboarding
2186,1555,2023-10-12,2023-10-21,Medium,Onboarding
2187,1556,2025-07-13,2025-07-20,Medium,Billing
2188,1556,2024-05-09,2024-05-10,Medium,Bug Report
2189,1556,2025-10-02,2025-10-03,Low,Billing
2190,1561,2025-05-14,2025-05-22,Low,Feature Request
2191,1561,2024-05-24,2024-05-25,Low,Bug Report
2192,1562,2025-03-25,2025-03-28,High,Bug Report
2193,1564,2025-09-19,2025-09-20,Low,Billing
2194,1566,2023-10-02,2023-10-05,Low,Onboarding
2195,1569,2024-09-30,2024-10-01,Medium,Billing
2196,1570,2024-06-20,2024-06-25,Low,Feature Request
2197,1570,2023-03-04,2023-03-05,Low,Bug Report
2198,1570,2024-09-24,2024-09-29,High,Bug Report
2199,1571,2024-04-20,2024-04-23,Medium,Bug Report
2200,1572,2023-09-05,2023-09-09,Low,Feature Request
2201,1573,2024-03-05,2024-03-07,High,Feature Request
2202,1573,2023-12-31,2024-01-11,Low,Feature Request
2203,1573,2025-02-17,2025-02-18,Medium,Onboarding
2204,1574,2024-02-10,2024-02-20,Low,Billing
2205,1574,2025-10-20,2025-10-24,Low,Onboarding
2206,1574,2024-12-21,2024-12-29,Low,Billing
2207,1574,2025-09-23,2025-09-30,High,Onboarding
2208,1574,2023-03-10,2023-03-12,Low,Feature Request
2209,1575,2023-07-06,2023-07-07,Medium,Onboarding
2210,1575,2023-10-14,2023-10-17,Medium,Login Issue
2211,1576,2024-10-29,2024-11-03,High,Billing
2212,1576,2023-09-04,2023-09-06,Low,Onboarding
2213,1576,2025-06-10,2025-06-19,Low,Onboarding
2214,1578,2024-03-04,2024-03-06,High,Onboarding
2215,1578,2024-12-18,2024-12-19,High,Login Issue
2216,1579,2023-02-15,2023-02-21,Medium,Feature Request
2217,1580,2025-08-21,2025-08-22,High,Feature Request
2218,1582,2023-02-27,2023-03-09,High,Bug Report
2219,1583,2023-08-27,2023-09-01,High,Bug Report
2220,1583,2023-12-29,2023-12-31,Medium,Bug Report
2221,1584,2023-10-21,2023-10-24,Low,Bug Report
2222,1586,2023-02-28,2023-03-03,Medium,Onboarding
2223,1587,2024-02-22,2024-02-26,Medium,Login Issue
2224,1587,2024-12-03,,Medium,Billing
2225,1587,2023-12-31,2024-01-01,Medium,Onboarding
2226,1587,2025-06-02,2025-06-06,Medium,Onboarding
2227,1588,2024-02-07,2024-02-11,Low,Onboarding
2228,1588,2024-09-21,2024-09-23,High,Billing
2229,1589,2024-04-22,2024-05-01,Medium,Login Issue
2230,1589,2024-09-23,2024-09-29,Medium,Login Issue
2231,1590,2023-05-15,2023-05-16,Low,Bug Report
2232,1590,2025-07-15,2025-07-19,High,Onboarding
2233,1591,2024-09-12,2024-09-13,Medium,Feature Request
2234,1592,2024-05-11,2024-05-13,Medium,Login Issue
2235,1592,2023-04-02,2023-04-12,Low,Login Issue
2236,1593,2024-01-24,2024-02-02,Low,Billing
2237,1593,2023-08-06,2023-08-08,Low,Billing
2238,1593,2023-11-22,2023-11-24,Medium,Bug Report
2239,1593,2023-07-31,2023-08-13,Medium,Login Issue
2240,1594,2025-12-13,2025-12-16,Medium,Feature Request
2241,1595,2023-05-14,2023-05-26,Medium,Billing
2242,1595,2025-12-20,2025-12-22,High,Feature Request
2243,1598,2024-07-03,2024-07-08,Medium,Bug Report
2244,1600,2025-05-02,2025-05-09,Low,Login Issue
2245,1600,2023-11-06,2023-11-08,Low,Onboarding
2246,1600,2025-06-11,2025-06-16,Low,Feature Request
2247,1603,2023-05-21,2023-05-22,Medium,Onboarding
2248,1603,2023-04-10,2023-04-11,Low,Billing
2249,1604,2024-05-31,2024-06-02,Medium,Bug Report
2250,1604,2024-12-20,2024-12-23,Medium,Bug Report
2251,1605,2023-07-12,2023-07-14,Urgent,Feature Request
2252,1607,2025-03-23,2025-03-26,Low,Feature Request
2253,1608,2024-11-23,2024-11-30,Medium,Feature Request
2254,1608,2023-02-27,2023-03-05,Low,Feature Request
2255,1609,2023-09-30,2023-10-04,Urgent,Login Issue
2256,1610,2024-12-17,2024-12-18,High,Bug Report
2257,1610,2023-11-17,2023-11-22,Low,Bug Report
2258,1610,2025-07-01,2025-07-10,Medium,Billing
2259,1612,2023-06-04,2023-06-07,Low,Feature Request
2260,1614,2024-09-05,2024-09-06,High,Bug Report
2261,1614,2023-09-07,2023-09-09,Low,Bug Report
2262,1615,2023-02-05,,Medium,Billing
2263,1615,2023-02-17,2023-02-22,Medium,Feature Request
2264,1618,2024-04-17,2024-04-18,Medium,Billing
2265,1618,2024-03-27,2024-04-01,High,Feature Request
2266,1618,2023-06-10,2023-06-24,Medium,Onboarding
2267,1618,2025-10-06,2025-10-08,High,Onboarding
2268,1619,2025-08-28,2025-08-29,Medium,Login Issue
2269,1619,2023-12-07,2023-12-10,Urgent,Feature Request
2270,1620,2025-02-12,2025-02-27,High,Login Issue
2271,1620,2024-07-31,2024-08-01,Low,Onboarding
2272,1620,2025-05-30,2025-06-03,High,Feature Request
2273,1620,2025-08-05,2025-08-07,Medium,Onboarding
2274,1621,2025-05-13,2025-05-16,Medium,Onboarding
2275,1621,2024-02-25,,High,Billing
2276,1622,2023-07-06,2023-07-09,High,Billing
2277,1622,2023-11-07,2023-11-13,Medium,Onboarding
2278,1622,2023-02-06,2023-02-13,Low,Login Issue
2279,1624,2025-09-26,2025-10-01,Medium,Onboarding
2280,1624,2023-09-14,2023-09-15,Low,Onboarding
2281,1624,2025-02-03,2025-02-16,Medium,Bug Report
2282,1624,2025-10-29,2025-10-30,Low,Bug Report
2283,1625,2024-06-20,2024-06-24,Low,Onboarding
2284,1625,2025-11-19,2025-11-20,High,Feature Request
2285,1626,2024-11-08,2024-11-09,High,Billing
2286,1626,2025-05-08,2025-05-09,Low,Login Issue
2287,1626,2023-10-15,2023-10-17,Medium,Billing
2288,1627,2024-02-21,2024-02-24,Low,Login Issue
2289,1627,2025-01-12,2025-01-16,Urgent,Billing
2290,1627,2024-12-26,,High,Onboarding
2291,1628,2023-07-05,2023-07-08,High,Billing
2292,1628,2025-08-18,,Medium,Login Issue
2293,1628,2023-12-26,,High,Billing
2294,1628,2025-03-31,2025-04-02,Low,Onboarding
2295,1629,2025-02-06,2025-02-12,Medium,Feature Request
2296,1630,2024-10-08,2024-10-24,Low,Bug Report
2297,1630,2024-02-06,2024-02-07,Low,Feature Request
2298,1630,2025-05-01,2025-05-02,Low,Onboarding
2299,1631,2024-07-03,2024-07-09,Medium,Billing
2300,1631,2025-09-18,2025-09-19,Low,Onboarding
2301,1631,2023-08-11,2023-08-17,Low,Login Issue
2302,1632,2023-08-08,2023-08-10,Medium,Onboarding
2303,1632,2024-10-06,2024-10-09,Medium,Feature Request
2304,1632,2025-04-20,2025-04-21,Low,Bug Report
2305,1632,2024-05-06,2024-05-08,Medium,Login Issue
2306,1632,2025-12-18,2025-12-26,Low,Onboarding
2307,1635,2023-04-19,2023-05-02,Low,Feature Request
2308,1635,2025-08-29,2025-09-02,High,Feature Request
2309,1635,2025-11-28,2025-12-15,Low,Login Issue
2310,1636,2023-01-13,2023-01-14,Low,Billing
2311,1636,2023-03-27,2023-04-05,Low,Login Issue
2312,1637,2024-12-03,2024-12-09,Medium,Login Issue
2313,1638,2023-05-26,2023-05-27,Low,Bug Report
2314,1638,2025-08-16,2025-08-21,Medium,Onboarding
2315,1640,2025-02-07,2025-02-12,Low,Onboarding
2316,1640,2025-09-05,2025-09-17,High,Bug Report
2317,1641,2025-08-11,2025-08-13,Urgent,Login Issue
2318,1641,2023-04-10,2023-04-12,Medium,Billing
2319,1641,2025-10-26,2025-10-27,Low,Onboarding
2320,1641,2025-07-08,2025-07-19,Low,Onboarding
2321,1642,2023-03-20,2023-03-28,High,Bug Report
2322,1642,2024-06-15,2024-06-17,Low,Login Issue
2323,1642,2025-06-13,2025-06-21,Medium,Login Issue
2324,1645,2025-05-13,2025-05-26,Low,Feature Request
2325,1646,2023-07-16,2023-07-17,Medium,Feature Request
2326,1646,2025-04-19,2025-05-02,Medium,Feature Request
2327,1647,2024-11-25,2024-12-04,Low,Billing
2328,1647,2024-08-19,2024-08-29,Low,Onboarding
2329,1647,2023-11-21,2023-11-22,Medium,Login Issue
2330,1648,2024-03-15,2024-03-27,Medium,Onboarding
2331,1649,2024-03-12,2024-04-02,Medium,Onboarding
2332,1649,2023-06-18,2023-06-23,High,Bug Report
2333,1651,2025-07-02,2025-07-10,Low,Bug Report
2334,1651,2024-05-27,2024-05-30,Low,Login Issue
2335,1652,2025-09-24,2025-09-25,Medium,Login Issue
2336,1652,2024-01-12,2024-01-15,Low,Billing
2337,1653,2025-07-29,2025-08-08,High,Onboarding
2338,1654,2023-04-25,2023-04-28,Urgent,Bug Report
2339,1654,2025-04-21,2025-04-23,Medium,Bug Report
2340,1658,2023-10-31,2023-11-05,Low,Bug Report
2341,1658,2023-08-03,2023-08-17,Medium,Billing
2342,1661,2023-04-28,2023-05-02,Low,Feature Request
2343,1661,2023-08-02,2023-08-06,Low,Feature Request
2344,1662,2023-06-30,2023-07-03,Medium,Login Issue
2345,1662,2023-01-30,,High,Bug Report
2346,1664,2023-08-29,2023-09-01,Low,Bug Report
2347,1664,2025-09-07,2025-09-22,High,Login Issue
2348,1666,2024-05-27,2024-05-29,Low,Feature Request
2349,1666,2024-04-07,2024-04-10,Urgent,Feature Request
2350,1666,2024-04-25,2024-04-26,Low,Feature Request
2351,1667,2023-02-12,2023-02-15,Medium,Feature Request
2352,1668,2024-11-10,2024-11-12,Low,Billing
2353,1668,2025-10-09,2025-10-12,Low,Login Issue
2354,1669,2024-06-25,2024-06-28,Medium,Feature Request
2355,1670,2023-10-17,2023-10-26,Urgent,Feature Request
2356,1670,2025-09-14,2025-09-18,Medium,Login Issue
2357,1672,2025-09-19,2025-09-22,Medium,Login Issue
2358,1673,2023-12-30,2024-01-01,High,Login Issue
2359,1674,2025-12-19,2025-12-20,Low,Bug Report
2360,1674,2024-02-25,2024-02-27,Medium,Billing
2361,1674,2025-10-02,2025-10-11,Low,Feature Request
2362,1675,2025-11-23,2025-11-25,High,Onboarding
2363,1675,2023-12-10,2023-12-23,Medium,Onboarding
2364,1677,2025-02-14,2025-02-15,High,Onboarding
2365,1677,2023-06-26,2023-06-27,Medium,Onboarding
2366,1678,2024-10-21,2024-10-30,Low,Login Issue
2367,1678,2023-12-17,2023-12-20,Low,Billing
2368,1678,2025-12-13,2025-12-21,Low,Feature Request
2369,1679,2023-02-20,2023-02-22,Medium,Bug Report
2370,1679,2023-10-02,2023-10-04,Low,Billing
2371,1681,2024-09-19,2024-09-23,Medium,Onboarding
2372,1681,2024-07-09,2024-07-11,Medium,Onboarding
2373,1682,2025-02-06,2025-02-07,Medium,Bug Report
2374,1682,2024-02-20,2024-03-01,Urgent,Onboarding
2375,1682,2023-06-04,2023-06-11,Low,Onboarding
2376,1682,2025-10-20,2025-10-23,High,Login Issue
2377,1682,2024-07-16,2024-07-18,Low,Billing
2378,1684,2025-10-24,2025-10-26,Medium,Billing
2379,1684,2023-10-13,2023-10-14,Low,Feature Request
2380,1684,2023-02-21,2023-02-22,Low,Login Issue
2381,1684,2023-09-25,2023-09-27,Low,Login Issue
2382,1684,2023-03-03,2023-03-11,Medium,Billing
2383,1685,2024-07-24,2024-07-31,Medium,Login Issue
2384,1685,2024-06-30,2024-07-03,Medium,Bug Report
2385,1686,2025-09-12,,Low,Login Issue
2386,1686,2025-05-18,2025-05-22,Medium,Login Issue
2387,1686,2024-04-20,2024-05-01,Low,Billing
2388,1686,2025-09-16,2025-09-17,Low,Bug Report
2389,1686,2024-01-07,2024-01-15,Low,Feature Request
2390,1688,2024-02-21,2024-02-26,Low,Onboarding
2391,1688,2023-06-21,2023-06-23,High,Onboarding
2392,1690,2025-09-11,2025-09-16,Low,Login Issue
2393,1691,2025-02-15,2025-02-20,High,Bug Report
2394,1694,2023-03-27,2023-03-31,Medium,Feature Request
2395,1694,2024-11-29,2024-12-09,Low,Onboarding
2396,1694,2025-09-12,2025-09-22,Medium,Feature Request
2397,1695,2025-12-22,2025-12-24,Low,Login Issue
2398,1695,2024-01-08,2024-01-10,Medium,Bug Report
2399,1697,2024-07-29,2024-08-01,Low,Bug Report
2400,1698,2023-09-07,2023-09-12,Medium,Feature Request
2401,1699,2024-08-08,2024-08-14,Low,Login Issue
2402,1700,2025-03-11,2025-03-30,High,Login Issue
2403,1703,2023-10-04,2023-10-06,Medium,Feature Request
2404,1703,2025-11-27,2025-12-01,High,Billing
2405,1703,2025-02-28,2025-03-01,Low,Billing
2406,1706,2023-05-10,,Low,Feature Request
2407,1707,2023-10-30,2023-11-01,Low,Feature Request
2408,1707,2023-10-24,2023-11-06,Urgent,Feature Request
2409,1707,2025-03-04,2025-03-10,Low,Billing
2410,1707,2024-10-21,2024-10-27,High,Login Issue
2411,1708,2024-09-29,2024-09-30,High,Billing
2412,1710,2024-02-17,,Medium,Feature Request
2413,1710,2023-06-23,2023-06-24,Low,Bug Report
2414,1711,2023-08-22,2023-08-23,Medium,Billing
2415,1712,2025-07-09,2025-07-21,Low,Feature Request
2416,1712,2023-11-07,2023-11-08,Medium,Billing
2417,1713,2023-10-24,2023-11-04,Medium,Feature Request
2418,1713,2025-05-13,2025-05-15,Low,Onboarding
2419,1715,2024-12-05,2024-12-06,Low,Billing
2420,1715,2023-05-26,2023-06-10,Low,Onboarding
2421,1715,2024-10-03,2024-10-06,Low,Login Issue
2422,1715,2023-08-13,2023-08-15,Low,Billing
2423,1715,2023-07-21,2023-07-24,Low,Login Issue
2424,1717,2024-10-13,2024-10-24,Medium,Billing
2425,1717,2025-01-15,2025-01-17,Urgent,Feature Request
2426,1718,2024-11-05,2024-11-16,High,Login Issue
2427,1718,2025-02-26,2025-02-27,Low,Billing
2428,1718,2024-12-11,2024-12-12,Urgent,Bug Report
2429,1718,2023-07-03,2023-07-06,Low,Feature Request
2430,1719,2023-12-13,,Low,Bug Report
2431,1720,2024-09-23,2024-09-24,Low,Bug Report
2432,1720,2025-09-12,2025-09-16,Urgent,Feature Request
2433,1720,2025-05-07,2025-05-09,Low,Onboarding
2434,1720,2023-01-25,2023-01-29,Medium,Billing
2435,1721,2024-09-19,2024-09-23,Urgent,Onboarding
2436,1721,2023-11-23,2023-11-24,High,Onboarding
2437,1721,2023-05-01,2023-05-08,Medium,Feature Request
2438,1721,2023-07-11,2023-07-14,Medium,Billing
2439,1722,2025-02-20,2025-02-26,Medium,Billing
2440,1723,2024-09-27,2024-10-01,Low,Bug Report
2441,1723,2024-10-04,2024-10-08,Urgent,Onboarding
2442,1723,2023-02-19,2023-02-26,High,Billing
2443,1726,2024-06-10,2024-06-12,Medium,Onboarding
2444,1732,2023-06-01,2023-06-06,Medium,Onboarding
2445,1737,2024-12-16,2024-12-17,Low,Feature Request
2446,1737,2024-12-28,2025-01-02,Medium,Feature Request
2447,1737,2023-01-26,2023-01-28,Medium,Login Issue
2448,1738,2025-08-22,2025-08-23,High,Login Issue
2449,1738,2023-08-12,2023-08-21,High,Login Issue
2450,1738,2025-12-13,2025-12-14,Low,Bug Report
2451,1739,2024-10-01,2024-10-04,Medium,Onboarding
2452,1739,2024-07-18,2024-07-24,Low,Bug Report
2453,1739,2025-01-22,2025-01-23,High,Onboarding
2454,1740,2025-12-09,2025-12-12,Low,Billing
2455,1740,2023-12-25,2023-12-26,Low,Feature Request
2456,1740,2025-02-26,2025-03-08,Low,Feature Request
2457,1740,2024-10-23,2024-10-26,High,Bug Report
2458,1740,2024-12-08,2024-12-11,High,Billing
2459,1741,2025-02-09,2025-02-13,High,Feature Request
2460,1741,2024-03-19,2024-03-22,Medium,Onboarding
2461,1741,2023-01-23,2023-02-05,Medium,Login Issue
2462,1743,2023-04-21,2023-04-27,Low,Billing
2463,1743,2024-06-20,2024-06-28,Medium,Bug Report
2464,1743,2025-04-16,2025-04-17,Medium,Login Issue
2465,1744,2024-07-26,2024-08-04,Medium,Billing
2466,1744,2025-10-26,2025-10-29,Low,Feature Request
2467,1744,2023-10-14,2023-10-19,Medium,Bug Report
2468,1748,2023-05-06,2023-05-10,Urgent,Bug Report
2469,1750,2024-02-02,2024-02-06,Medium,Bug Report
2470,1751,2024-07-28,2024-08-02,Medium,Billing
2471,1751,2025-10-15,2025-10-16,Low,Bug Report
2472,1752,2024-04-14,2024-04-17,Medium,Billing
2473,1752,2025-06-01,2025-06-03,High,Onboarding
2474,1752,2024-12-16,2024-12-17,Medium,Bug Report
2475,1752,2023-09-11,,Medium,Login Issue
2476,1753,2025-10-10,2025-10-14,Medium,Onboarding
2477,1753,2023-01-07,2023-01-08,Low,Bug Report
2478,1753,2023-10-25,2023-10-31,Low,Login Issue
2479,1754,2025-07-30,2025-07-31,Medium,Onboarding
2480,1755,2023-10-21,2023-10-25,Low,Bug Report
2481,1757,2024-05-24,2024-05-25,Low,Billing
2482,1759,2025-08-05,2025-08-10,Low,Login Issue
2483,1759,2025-03-22,2025-03-23,Medium,Onboarding
2484,1762,2023-06-14,2023-06-18,Urgent,Bug Report
2485,1763,2024-05-11,2024-05-22,Medium,Billing
2486,1763,2023-11-28,2023-12-04,Urgent,Bug Report
2487,1763,2025-02-25,2025-03-03,High,Bug Report
2488,1764,2023-05-05,2023-05-12,Medium,Billing
2489,1764,2023-06-01,2023-06-18,High,Feature Request
2490,1764,2023-08-23,2023-08-24,Low,Feature Request
2491,1765,2023-04-10,2023-04-14,Urgent,Billing
2492,1765,2024-09-22,2024-10-02,Medium,Bug Report
2493,1765,2025-08-10,2025-08-18,Urgent,Feature Request
2494,1767,2024-08-27,2024-08-28,Medium,Bug Report
2495,1768,2023-04-14,,Low,Login Issue
2496,1768,2023-04-24,2023-04-25,High,Bug Report
2497,1768,2024-09-13,2024-09-21,Medium,Login Issue
2498,1768,2023-10-05,2023-10-09,Medium,Login Issue
2499,1769,2024-05-13,2024-05-20,Low,Feature Request
2500,1769,2025-02-24,2025-03-01,Medium,Bug Report
2501,1769,2024-03-21,2024-03-24,Low,Billing
2502,1769,2025-11-03,2025-11-17,High,Onboarding
2503,1770,2024-04-11,2024-04-19,Low,Login Issue
2504,1770,2023-10-30,2023-11-07,Medium,Onboarding
2505,1773,2023-09-11,2023-09-26,Medium,Login Issue
2506,1773,2023-11-18,2023-11-19,Low,Bug Report
2507,1773,2025-06-04,2025-06-12,Low,Billing
2508,1776,2023-04-15,2023-04-21,Low,Onboarding
2509,1776,2025-09-04,2025-09-05,Medium,Onboarding
2510,1776,2023-02-27,2023-02-28,Medium,Login Issue
2511,1776,2023-05-09,2023-05-21,Low,Bug Report
2512,1776,2024-08-22,2024-08-24,Low,Billing
2513,1777,2025-05-21,2025-05-22,Urgent,Billing
2514,1780,2024-10-29,2024-11-08,Medium,Billing
2515,1781,2023-11-07,2023-11-14,Low,Billing
2516,1781,2023-05-06,2023-05-09,Medium,Bug Report
2517,1782,2024-01-17,2024-01-22,Medium,Onboarding
2518,1782,2025-02-16,2025-03-15,Medium,Bug Report
2519,1783,2025-06-18,2025-06-20,Medium,Onboarding
2520,1784,2025-01-04,2025-01-06,Medium,Onboarding
2521,1785,2023-09-18,2023-09-19,Urgent,Onboarding
2522,1786,2023-02-02,2023-02-04,Medium,Billing
2523,1787,2024-03-30,2024-03-31,Low,Bug Report
2524,1789,2023-10-11,2023-10-19,Medium,Login Issue
2525,1789,2024-01-06,2024-01-07,Low,Login Issue
2526,1789,2025-01-13,2025-01-15,Urgent,Feature Request
2527,1789,2024-06-10,2024-06-14,Low,Login Issue
2528,1789,2023-09-02,2023-09-10,High,Billing
2529,1792,2025-05-22,2025-05-23,Low,Login Issue
2530,1792,2025-11-01,2025-11-06,Low,Feature Request
2531,1792,2024-05-13,2024-05-20,Urgent,Billing
2532,1795,2024-04-25,2024-05-04,Low,Billing
2533,1795,2024-06-18,2024-06-29,Medium,Billing
2534,1795,2024-08-10,2024-08-11,Urgent,Bug Report
2535,1795,2024-09-15,2024-09-18,Medium,Onboarding
2536,1796,2023-04-03,2023-04-06,Low,Billing
2537,1796,2025-09-25,,Medium,Billing
2538,1797,2023-11-19,2023-11-25,Low,Login Issue
2539,1798,2025-12-15,2025-12-21,Low,Bug Report
2540,1798,2023-09-29,2023-09-30,Low,Billing
2541,1798,2025-05-13,2025-05-21,Low,Onboarding
2542,1799,2024-02-26,2024-02-28,Low,Login Issue
2543,1799,2024-07-25,2024-07-27,Low,Bug Report
2544,1799,2023-04-05,2023-04-09,Medium,Onboarding
2545,1800,2025-08-22,2025-08-23,Medium,Billing
2546,1800,2023-11-13,2023-11-19,Low,Login Issue
2547,1800,2025-12-30,2026-01-01,Low,Onboarding
2548,1802,2023-08-19,2023-08-23,High,Login Issue
2549,1804,2024-11-04,2024-11-06,Medium,Billing
2550,1804,2024-09-28,2024-09-30,Urgent,Login Issue
2551,1804,2023-10-20,,Medium,Bug Report
2552,1804,2024-08-02,2024-08-05,Urgent,Bug Report
2553,1805,2024-06-21,2024-06-26,Medium,Bug Report
2554,1805,2024-02-29,2024-03-01,Medium,Onboarding
2555,1805,2024-04-02,2024-04-07,Low,Onboarding
2556,1805,2025-10-08,2025-10-24,Low,Onboarding
2557,1805,2024-12-16,2024-12-21,Medium,Onboarding
2558,1806,2024-02-02,2024-02-05,Medium,Feature Request
2559,1806,2025-11-29,2025-11-30,High,Feature Request
2560,1806,2023-11-22,2023-11-26,Urgent,Bug Report
2561,1806,2024-07-04,2024-07-06,Medium,Bug Report
2562,1807,2023-03-19,2023-03-25,Low,Billing
2563,1807,2023-10-04,2023-10-06,Low,Billing
2564,1808,2025-03-04,2025-03-05,Low,Billing
2565,1808,2023-09-15,2023-09-16,High,Feature Request
2566,1808,2023-04-28,2023-04-29,High,Onboarding
2567,1808,2024-03-10,2024-03-15,Medium,Feature Request
2568,1809,2023-02-13,2023-02-14,Low,Billing
2569,1809,2024-03-06,2024-03-20,Medium,Billing
2570,1809,2023-01-11,2023-01-12,Medium,Bug Report
2571,1812,2024-10-12,2024-10-14,High,Bug Report
2572,1812,2024-04-16,2024-04-17,Low,Bug Report
2573,1812,2024-04-04,2024-04-13,Medium,Login Issue
2574,1814,2024-10-19,2024-10-20,Low,Billing
2575,1814,2023-04-15,2023-04-21,Medium,Feature Request
2576,1816,2023-07-28,2023-07-29,Medium,Login Issue
2577,1816,2024-07-20,2024-08-22,Medium,Onboarding
2578,1816,2024-09-23,2024-09-25,Low,Bug Report
2579,1817,2025-01-10,2025-01-12,Urgent,Bug Report
2580,1822,2024-04-08,2024-04-10,Low,Bug Report
2581,1823,2024-04-11,2024-04-13,Low,Billing
2582,1823,2024-05-10,2024-05-11,Low,Bug Report
2583,1824,2024-12-07,2024-12-16,Low,Bug Report
2584,1824,2023-12-19,2023-12-24,Low,Bug Report
2585,1824,2023-09-16,2023-09-18,Medium,Billing
2586,1824,2024-12-28,2024-12-30,High,Billing
2587,1825,2023-09-06,2023-09-07,Medium,Onboarding
2588,1825,2025-10-24,2025-10-26,Medium,Login Issue
2589,1825,2025-07-28,2025-08-03,Medium,Onboarding
2590,1827,2024-04-16,2024-04-19,Low,Login Issue
2591,1827,2023-05-16,2023-05-19,Medium,Bug Report
2592,1828,2025-04-18,2025-04-19,Medium,Bug Report
2593,1829,2023-08-11,2023-08-12,Medium,Feature Request
2594,1829,2025-07-14,2025-07-19,High,Login Issue
2595,1829,2024-12-14,2024-12-19,Low,Onboarding
2596,1830,2025-05-04,2025-05-08,Urgent,Billing
2597,1830,2025-09-27,2025-10-03,Medium,Billing
2598,1833,2025-02-23,,Low,Bug Report
2599,1833,2025-03-12,2025-03-13,Low,Login Issue
2600,1836,2023-03-23,2023-03-27,Medium,Feature Request
2601,1837,2023-03-24,2023-03-26,Low,Login Issue
2602,1838,2025-06-07,2025-06-12,Low,Onboarding
2603,1839,2024-08-12,2024-08-17,Low,Login Issue
2604,1839,2025-11-15,2025-11-17,Low,Login Issue
2605,1840,2023-07-17,2023-07-26,Low,Login Issue
2606,1840,2023-08-20,2023-08-29,Medium,Login Issue
2607,1841,2023-09-26,2023-10-01,Urgent,Billing
2608,1841,2023-10-01,2023-10-04,Low,Onboarding
2609,1842,2024-02-14,2024-02-18,Low,Onboarding
2610,1842,2025-10-18,2025-10-20,Medium,Login Issue
2611,1846,2025-04-29,2025-05-01,Low,Bug Report
2612,1847,2023-08-20,2023-08-23,Medium,Onboarding
2613,1848,2025-01-10,2025-01-12,Medium,Billing
2614,1848,2023-10-22,,Medium,Feature Request
2615,1850,2023-10-15,2023-10-16,Low,Feature Request
2616,1850,2024-02-06,,Medium,Login Issue
2617,1850,2025-02-13,2025-02-17,Low,Bug Report
2618,1850,2024-05-14,2024-05-17,Low,Onboarding
2619,1850,2023-03-04,2023-03-06,High,Login Issue
2620,1851,2023-02-11,2023-02-20,Medium,Bug Report
2621,1852,2024-05-21,2024-05-24,Medium,Login Issue
2622,1852,2023-08-03,2023-08-11,Medium,Feature Request
2623,1853,2023-02-05,,High,Login Issue
2624,1854,2024-02-26,2024-02-29,Urgent,Onboarding
2625,1854,2025-01-23,2025-01-31,Low,Login Issue
2626,1854,2024-07-07,2024-07-11,Urgent,Billing
2627,1854,2024-06-18,2024-06-19,Medium,Billing
2628,1855,2025-01-21,2025-01-23,Medium,Onboarding
2629,1856,2024-04-13,2024-04-22,High,Feature Request
2630,1858,2023-08-01,,Medium,Login Issue
2631,1858,2024-02-27,2024-02-28,Medium,Bug Report
2632,1860,2023-06-07,2023-06-17,Urgent,Bug Report
2633,1861,2023-03-12,2023-03-15,Medium,Bug Report
2634,1861,2023-10-16,2023-10-22,Low,Login Issue
2635,1861,2023-07-26,2023-07-29,Medium,Onboarding
2636,1861,2025-12-02,2025-12-07,Low,Login Issue
2637,1864,2023-04-18,2023-04-22,High,Feature Request
2638,1865,2023-10-17,2023-10-18,Low,Bug Report
2639,1865,2024-01-05,2024-01-06,Medium,Bug Report
2640,1865,2023-05-18,2023-05-26,Low,Feature Request
2641,1865,2023-03-18,2023-03-19,Low,Feature Request
2642,1866,2024-06-17,2024-06-19,Low,Billing
2643,1866,2024-04-01,2024-04-05,Medium,Bug Report
2644,1866,2024-05-26,2024-06-05,Medium,Billing
2645,1866,2023-02-02,2023-02-04,Low,Bug Report
2646,1866,2023-05-31,,Medium,Billing
2647,1867,2024-11-26,2024-12-10,Medium,Billing
2648,1867,2025-01-26,2025-02-01,Urgent,Feature Request
2649,1868,2023-05-29,2023-05-31,Urgent,Feature Request
2650,1868,2025-08-21,2025-08-27,Low,Feature Request
2651,1868,2025-01-22,2025-01-24,Low,Onboarding
2652,1869,2025-05-01,2025-05-06,High,Bug Report
2653,1869,2024-06-23,2024-06-24,Medium,Onboarding
2654,1869,2024-11-17,2024-11-18,Low,Onboarding
2655,1870,2024-06-10,2024-06-12,Low,Login Issue
2656,1871,2025-07-09,2025-07-10,Low,Onboarding
2657,1871,2025-12-26,2026-01-02,High,Billing
2658,1871,2025-08-01,2025-08-05,Medium,Login Issue
2659,1871,2025-11-26,2025-11-27,Low,Feature Request
2660,1872,2023-08-09,2023-08-11,Low,Bug Report
2661,1873,2024-01-14,2024-01-17,High,Billing
2662,1874,2023-02-03,2023-02-11,Medium,Feature Request
2663,1875,2024-10-10,2024-10-19,Low,Onboarding
2664,1875,2025-08-13,2025-08-16,Medium,Feature Request
2665,1877,2023-01-10,2023-01-17,Medium,Feature Request
2666,1877,2023-02-18,2023-02-24,Urgent,Onboarding
2667,1877,2023-09-02,2023-09-03,High,Onboarding
2668,1877,2023-04-14,2023-04-15,Low,Bug Report
2669,1880,2024-01-07,2024-01-09,Medium,Onboarding
2670,1884,2025-06-06,2025-06-11,Low,Login Issue
2671,1884,2025-09-10,2025-09-11,Medium,Billing
2672,1884,2025-12-14,,High,Onboarding
2673,1884,2025-02-18,2025-02-19,Low,Onboarding
2674,1885,2023-11-05,2023-11-10,Medium,Onboarding
2675,1889,2023-01-14,2023-01-27,Low,Login Issue
2676,1889,2025-09-22,2025-10-01,Low,Billing
2677,1890,2024-05-03,2024-05-09,Low,Billing
2678,1890,2025-11-22,2025-11-24,Urgent,Feature Request
2679,1891,2023-03-03,2023-03-04,Low,Billing
2680,1893,2024-08-16,2024-08-25,Medium,Feature Request
2681,1894,2025-09-29,,Low,Billing
2682,1894,2023-10-25,2023-10-26,High,Onboarding
2683,1896,2024-06-16,2024-06-20,Medium,Billing
2684,1896,2023-03-21,2023-03-25,High,Bug Report
2685,1896,2024-07-07,2024-07-08,Medium,Bug Report
2686,1897,2024-11-25,2024-11-28,High,Onboarding
2687,1897,2023-09-17,2023-09-19,Low,Onboarding
2688,1897,2024-02-21,2024-02-27,Low,Feature Request
2689,1897,2023-12-16,2023-12-24,Medium,Feature Request
2690,1898,2023-02-12,2023-02-14,Low,Login Issue
2691,1899,2025-07-01,2025-07-14,Low,Billing
2692,1899,2023-01-16,2023-01-18,Low,Bug Report
2693,1900,2023-05-30,2023-06-10,Medium,Bug Report
2694,1901,2025-08-23,2025-08-27,Low,Feature Request
2695,1902,2025-04-17,2025-04-18,Low,Login Issue
2696,1902,2024-10-20,2024-10-23,Medium,Onboarding
2697,1903,2025-09-20,2025-09-22,High,Feature Request
2698,1905,2024-08-12,2024-08-19,Low,Bug Report
2699,1905,2025-10-22,2025-10-29,Medium,Bug Report
2700,1906,2024-11-09,2024-11-17,High,Billing
2701,1906,2025-03-16,2025-03-17,Medium,Feature Request
2702,1906,2025-03-30,2025-03-31,Medium,Onboarding
2703,1907,2025-03-08,2025-03-18,Low,Billing
2704,1907,2025-02-23,2025-02-25,High,Onboarding
2705,1907,2024-01-01,2024-01-03,Medium,Onboarding
2706,1909,2025-07-11,2025-07-14,Low,Feature Request
2707,1910,2025-11-24,2025-12-06,Medium,Login Issue
2708,1911,2025-06-07,2025-06-12,Medium,Feature Request
2709,1912,2024-07-08,2024-07-10,Low,Billing
2710,1912,2024-08-16,2024-08-21,Medium,Billing
2711,1912,2024-02-08,2024-02-22,Low,Onboarding
2712,1913,2025-11-03,2025-11-04,Medium,Onboarding
2713,1913,2024-10-23,2024-10-24,Low,Onboarding
2714,1914,2023-11-23,2023-11-27,Low,Billing
2715,1914,2023-07-15,2023-07-16,High,Onboarding
2716,1914,2024-05-14,2024-05-23,Medium,Feature Request
2717,1917,2024-11-20,2024-11-23,Low,Billing
2718,1917,2024-12-26,2025-01-02,High,Bug Report
2719,1918,2024-11-28,2024-12-04,Medium,Bug Report
2720,1919,2023-04-09,2023-04-13,Low,Billing
2721,1920,2025-05-08,2025-05-12,Low,Billing
2722,1920,2024-05-05,2024-05-26,Low,Feature Request
2723,1920,2023-05-27,2023-05-28,Medium,Onboarding
2724,1920,2024-01-11,2024-01-14,Low,Bug Report
2725,1921,2024-02-27,2024-03-06,Medium,Feature Request
2726,1921,2024-01-24,2024-01-27,Low,Feature Request
2727,1921,2025-10-09,2025-10-15,Low,Login Issue
2728,1921,2023-11-18,2023-11-24,Low,Onboarding
2729,1921,2024-11-06,2024-11-07,Urgent,Bug Report
2730,1922,2023-11-07,2023-11-18,Urgent,Feature Request
2731,1923,2023-07-30,2023-08-02,High,Login Issue
2732,1923,2024-01-01,2024-01-07,Urgent,Login Issue
2733,1925,2025-11-10,2025-11-23,Low,Feature Request
2734,1926,2025-04-19,2025-04-23,High,Onboarding
2735,1927,2024-10-20,2024-10-25,Medium,Bug Report
2736,1930,2023-08-18,2023-08-20,Medium,Feature Request
2737,1930,2023-11-13,2023-11-18,Medium,Billing
2738,1930,2023-04-14,,High,Onboarding
2739,1930,2024-11-01,2024-11-03,Medium,Billing
2740,1930,2023-06-18,2023-06-25,High,Login Issue
2741,1931,2024-08-22,2024-08-25,Medium,Bug Report
2742,1932,2025-12-25,2025-12-26,Low,Billing
2743,1932,2025-04-03,2025-04-10,Low,Billing
2744,1932,2023-05-24,2023-05-30,High,Login Issue
2745,1933,2025-06-13,2025-06-14,High,Bug Report
2746,1933,2023-08-24,2023-08-28,Low,Onboarding
2747,1934,2023-08-11,2023-08-16,High,Feature Request
2748,1934,2023-07-02,2023-07-04,Low,Login Issue
2749,1934,2025-10-27,,Medium,Bug Report
2750,1934,2024-11-15,2024-11-19,Medium,Billing
2751,1936,2024-12-20,2025-01-05,Medium,Bug Report
2752,1937,2025-06-26,2025-07-07,Medium,Feature Request
2753,1939,2023-12-27,2024-01-07,Medium,Bug Report
2754,1939,2025-04-08,2025-04-09,Medium,Login Issue
2755,1940,2023-01-28,2023-01-30,Medium,Feature Request
2756,1940,2024-12-31,2025-01-01,Medium,Login Issue
2757,1940,2025-01-04,2025-01-12,Medium,Onboarding
2758,1940,2025-06-26,2025-06-30,Medium,Onboarding
2759,1941,2025-12-10,2025-12-12,Low,Billing
2760,1941,2025-11-25,2025-12-01,Low,Login Issue
2761,1946,2024-10-24,2024-11-04,Urgent,Onboarding
2762,1947,2025-10-07,2025-10-11,High,Billing
2763,1948,2023-07-24,2023-07-28,Medium,Feature Request
2764,1948,2023-12-24,2023-12-27,High,Bug Report
2765,1948,2025-05-04,2025-05-22,Low,Feature Request
2766,1949,2024-07-11,2024-07-17,Low,Login Issue
2767,1950,2024-02-13,2024-02-19,Low,Billing
2768,1950,2023-01-26,2023-01-27,Medium,Billing
2769,1951,2023-06-18,2023-06-23,Medium,Feature Request
2770,1951,2025-10-18,2025-10-25,High,Billing
2771,1951,2024-10-23,2024-10-24,Medium,Onboarding
2772,1953,2023-10-15,2023-10-22,Low,Billing
2773,1953,2025-03-08,2025-03-23,Low,Onboarding
2774,1958,2025-05-15,2025-05-19,Medium,Feature Request
2775,1958,2025-11-24,2025-12-02,Medium,Onboarding
2776,1959,2025-06-21,2025-06-25,Low,Bug Report
2777,1960,2023-02-07,2023-02-08,Medium,Onboarding
2778,1960,2024-08-31,,Medium,Onboarding
2779,1961,2023-03-06,2023-03-18,Low,Feature Request
2780,1966,2025-08-03,2025-08-07,Medium,Login Issue
2781,1966,2023-03-18,2023-03-22,Urgent,Onboarding
2782,1966,2024-10-15,2024-10-21,Low,Billing
2783,1967,2023-04-28,2023-05-01,Medium,Login Issue
2784,1968,2023-01-14,2023-01-22,High,Feature Request
2785,1968,2023-06-06,2023-06-08,Medium,Bug Report
2786,1968,2025-04-20,2025-04-23,Low,Login Issue
2787,1969,2024-10-30,2024-11-10,Urgent,Billing
2788,1973,2025-08-04,,High,Login Issue
2789,1973,2025-01-12,,High,Billing
2790,1974,2024-08-07,2024-08-11,High,Login Issue
2791,1974,2023-06-21,2023-06-29,Low,Billing
2792,1975,2023-01-04,2023-01-24,Low,Login Issue
2793,1975,2025-11-14,2025-12-08,Low,Bug Report
2794,1980,2024-09-13,2024-09-16,Medium,Login Issue
2795,1981,2025-09-23,2025-09-30,Low,Onboarding
2796,1982,2024-02-05,2024-02-22,Low,Feature Request
2797,1984,2025-05-16,2025-05-22,Low,Login Issue
2798,1984,2025-09-10,2025-09-12,High,Billing
2799,1985,2025-11-23,2025-11-27,Medium,Feature Request
2800,1985,2024-04-29,2024-05-07,Medium,Onboarding
2801,1985,2024-01-02,2024-01-10,Low,Bug Report
2802,1986,2024-05-12,2024-05-17,High,Onboarding
2803,1986,2024-11-27,2024-11-29,Medium,Billing
2804,1988,2024-12-14,2024-12-22,Urgent,Feature Request
2805,1988,2025-05-01,2025-05-02,Low,Billing
2806,1990,2025-12-25,2025-12-31,Medium,Login Issue
2807,1990,2023-09-08,2023-09-29,Low,Bug Report
2808,1991,2024-01-20,2024-02-05,Low,Billing
2809,1991,2025-10-25,2025-10-27,Low,Billing
2810,1992,2023-01-07,2023-01-15,High,Login Issue
2811,1992,2023-08-28,2023-08-29,Low,Bug Report
2812,1994,2023-09-24,2023-09-28,Low,Feature Request
2813,1994,2023-09-11,2023-09-12,Low,Login Issue
2814,1994,2023-09-05,2023-09-11,Medium,Billing
2815,1994,2024-09-13,2024-09-15,Low,Onboarding
2816,1994,2024-09-09,2024-09-10,Low,Bug Report
2817,1995,2023-10-27,2023-10-30,Medium,Feature Request
2818,1996,2024-05-20,2024-05-24,Medium,Login Issue
2819,1996,2023-11-07,2023-11-17,Medium,Billing
2820,1996,2025-05-27,2025-06-04,Low,Onboarding
2821,1997,2023-02-23,2023-03-01,Low,Bug Report
2822,1997,2023-06-08,2023-06-09,Medium,Login Issue
2823,1998,2024-03-21,2024-03-24,Medium,Bug Report
2824,1998,2024-11-21,2024-11-27,Medium,Feature Request
2825,1998,2024-01-19,2024-01-29,Low,Bug Report
2826,1999,2025-08-16,2025-08-20,Low,Bug Report
2827,1999,2025-09-18,2025-09-24,Medium,Login Issue
2828,2000,2025-09-01,2025-09-03,Medium,Onboarding
2829,2000,2024-10-16,2024-10-18,Low,Billing
2830,2002,2024-05-05,2024-05-08,Low,Onboarding
2831,2003,2023-02-20,2023-02-24,Medium,Bug Report
2832,2003,2023-09-30,2023-10-15,Low,Bug Report
2833,2004,2025-04-03,2025-04-04,Low,Onboarding
2834,2006,2025-06-01,,High,Billing
2835,2006,2023-03-01,,Medium,Feature Request
2836,2006,2025-01-26,2025-01-27,Low,Bug Report
2837,2009,2024-08-23,2024-08-27,Low,Billing
2838,2009,2025-04-21,2025-04-26,High,Billing
2839,2013,2024-02-21,2024-02-23,Medium,Bug Report
2840,2014,2025-08-26,2025-08-28,High,Bug Report
2841,2015,2024-03-04,2024-03-10,Low,Login Issue
2842,2015,2024-01-15,2024-01-18,Medium,Bug Report
2843,2015,2024-06-26,2024-06-27,Low,Bug Report
2844,2016,2024-01-25,2024-01-26,Low,Login Issue
2845,2017,2024-09-16,2024-09-17,Medium,Bug Report
2846,2017,2025-04-16,2025-04-17,Urgent,Onboarding
2847,2017,2024-10-11,2024-10-18,Low,Onboarding
2848,2018,2023-09-27,2023-10-07,Low,Billing
2849,2018,2024-07-05,2024-07-07,Medium,Billing
2850,2019,2023-11-26,2023-12-02,High,Billing
2851,2019,2024-06-20,2024-07-10,Low,Billing
2852,2019,2024-04-20,2024-04-28,Low,Login Issue
2853,2019,2025-05-22,2025-05-26,Medium,Onboarding
2854,2020,2023-12-11,2023-12-12,Low,Billing
2855,2022,2023-06-03,2023-06-11,Low,Billing
2856,2023,2024-08-02,2024-08-03,Low,Login Issue
2857,2024,2025-02-23,2025-02-25,Urgent,Bug Report
2858,2024,2023-06-17,2023-06-20,High,Bug Report
2859,2024,2023-11-29,2023-11-30,Low,Login Issue
2860,2026,2024-06-15,2024-06-18,Low,Onboarding
2861,2026,2025-10-12,2025-10-14,High,Onboarding
2862,2027,2025-01-20,2025-01-22,Medium,Onboarding
2863,2027,2023-06-13,2023-06-16,Medium,Onboarding
2864,2028,2023-09-18,2023-09-19,Medium,Login Issue
2865,2028,2023-11-07,2023-11-08,Low,Billing
2866,2029,2023-12-03,2023-12-09,Medium,Billing
2867,2031,2023-05-05,2023-05-08,Medium,Feature Request
2868,2032,2024-07-29,,Urgent,Onboarding
2869,2032,2024-01-21,2024-01-30,Low,Bug Report
2870,2032,2023-01-27,2023-02-06,Low,Onboarding
2871,2034,2024-03-26,2024-03-27,Low,Feature Request
2872,2035,2023-06-28,2023-06-29,Medium,Bug Report
2873,2035,2024-03-15,2024-03-25,Low,Onboarding
2874,2035,2025-03-29,2025-04-03,Low,Feature Request
2875,2035,2024-04-12,2024-04-21,High,Onboarding
2876,2035,2024-10-31,2024-11-01,Low,Onboarding
2877,2038,2024-04-05,2024-04-06,Medium,Login Issue
2878,2038,2023-08-03,,Low,Onboarding
2879,2038,2024-12-09,2024-12-15,Medium,Feature Request
2880,2039,2023-05-02,2023-05-05,Low,Bug Report
2881,2039,2024-01-23,2024-01-29,Low,Feature Request
2882,2040,2023-12-15,2023-12-20,Low,Feature Request
2883,2040,2023-10-01,2023-10-07,Medium,Login Issue
2884,2040,2024-10-15,2024-10-16,Low,Login Issue
2885,2041,2023-09-06,2023-09-09,Low,Onboarding
2886,2041,2025-06-09,2025-06-20,Low,Onboarding
2887,2041,2024-12-27,2025-01-01,Low,Login Issue
2888,2042,2025-03-27,2025-03-28,Low,Feature Request
2889,2042,2025-02-13,2025-03-08,Low,Billing
2890,2042,2024-08-11,2024-09-01,High,Onboarding
2891,2042,2024-04-23,2024-04-26,Low,Feature Request
2892,2042,2023-03-31,2023-04-09,Low,Billing
2893,2044,2024-04-19,2024-04-22,Medium,Feature Request
2894,2048,2025-08-15,2025-08-17,Low,Login Issue
2895,2050,2023-05-01,2023-05-16,Medium,Login Issue
2896,2051,2025-10-25,2025-11-01,High,Feature Request
2897,2051,2023-07-18,2023-07-21,Low,Billing
2898,2052,2023-06-17,2023-06-20,Medium,Onboarding
2899,2052,2025-04-11,2025-04-12,Urgent,Onboarding
2900,2052,2023-03-04,2023-03-12,Medium,Billing
2901,2053,2023-01-03,2023-01-05,Low,Feature Request
2902,2053,2025-06-01,2025-06-02,Medium,Billing
2903,2055,2025-09-11,2025-09-16,Low,Feature Request
2904,2057,2023-01-21,2023-01-25,Low,Feature Request
2905,2057,2023-12-13,2023-12-18,High,Onboarding
2906,2057,2023-08-12,2023-08-13,Low,Bug Report
2907,2059,2023-10-27,2023-10-28,Low,Login Issue
2908,2060,2023-08-26,2023-08-27,Medium,Billing
2909,2060,2024-03-06,2024-03-10,Low,Bug Report
2910,2060,2025-07-24,2025-07-26,Low,Login Issue
2911,2062,2024-05-04,2024-05-08,Low,Onboarding
2912,2063,2025-03-09,2025-03-12,Medium,Bug Report
2913,2067,2025-01-11,2025-01-14,High,Feature Request
2914,2068,2023-01-23,2023-01-24,Medium,Bug Report
2915,2069,2023-02-10,2023-02-17,High,Feature Request
2916,2071,2023-02-03,2023-02-04,Medium,Billing
2917,2071,2025-10-09,2025-10-14,Medium,Bug Report
2918,2071,2023-04-01,2023-04-03,High,Billing
2919,2072,2023-09-09,2023-09-15,Medium,Onboarding
2920,2072,2024-03-03,2024-03-05,Medium,Bug Report
2921,2073,2024-11-13,2024-11-15,Low,Onboarding
2922,2073,2024-12-06,2024-12-22,Low,Billing
2923,2074,2024-05-05,2024-05-07,Medium,Login Issue
2924,2074,2024-10-29,2024-11-02,Medium,Onboarding
2925,2074,2023-04-08,2023-04-20,High,Feature Request
2926,2075,2025-11-13,2025-11-18,Medium,Billing
2927,2075,2024-10-01,2024-10-03,Low,Login Issue
2928,2076,2025-11-17,2025-11-19,Low,Billing
2929,2076,2025-05-30,2025-06-02,High,Onboarding
2930,2078,2023-09-08,2023-09-11,Medium,Feature Request
2931,2078,2024-12-29,2024-12-31,Medium,Onboarding
2932,2078,2023-05-11,2023-05-15,Low,Onboarding
2933,2078,2023-09-26,2023-10-03,Low,Feature Request
2934,2078,2025-10-05,2025-10-09,High,Login Issue
2935,2080,2023-02-22,2023-02-24,Medium,Feature Request
2936,2081,2023-03-18,2023-03-23,Medium,Onboarding
2937,2082,2023-03-28,2023-03-31,Medium,Bug Report
2938,2083,2023-11-26,2023-11-30,Medium,Login Issue
2939,2083,2025-09-27,,Medium,Onboarding
2940,2085,2023-02-09,2023-02-12,Low,Onboarding
2941,2085,2023-01-06,2023-01-09,High,Onboarding
2942,2085,2023-10-30,2023-11-08,High,Onboarding
2943,2087,2023-10-23,2023-10-31,Medium,Onboarding
2944,2088,2023-12-27,2024-01-01,Urgent,Bug Report
2945,2088,2024-07-18,2024-07-20,Urgent,Onboarding
2946,2089,2024-09-18,2024-09-24,High,Login Issue
2947,2089,2025-05-22,2025-05-25,Low,Onboarding
2948,2089,2023-03-21,2023-03-26,Medium,Billing
2949,2090,2023-02-27,2023-02-28,Low,Bug Report
2950,2092,2024-09-15,2024-09-16,High,Bug Report
2951,2093,2025-12-20,2025-12-21,High,Login Issue
2952,2094,2024-03-03,2024-03-07,Medium,Login Issue
2953,2094,2025-06-23,2025-06-26,Medium,Login Issue
2954,2094,2023-02-09,2023-02-11,High,Bug Report
2955,2094,2023-09-30,,Low,Feature Request
2956,2094,2024-01-25,2024-01-26,High,Onboarding
2957,2095,2024-09-04,2024-09-13,Low,Bug Report
2958,2095,2024-01-13,2024-01-16,Low,Billing
2959,2095,2023-04-12,2023-04-27,Medium,Bug Report
2960,2095,2025-08-09,2025-08-11,Medium,Feature Request
2961,2097,2024-07-07,2024-07-14,Urgent,Bug Report
2962,2097,2024-01-31,2024-02-03,Medium,Onboarding
2963,2097,2023-07-03,2023-07-05,Medium,Login Issue
2964,2097,2024-07-17,2024-07-25,High,Billing
2965,2099,2025-04-23,,Medium,Onboarding
2966,2099,2023-03-29,2023-04-05,Low,Feature Request
2967,2103,2025-04-16,,High,Login Issue
2968,2103,2023-07-22,2023-07-23,Low,Bug Report
2969,2107,2025-04-18,2025-04-22,Low,Billing
2970,2107,2024-12-17,2024-12-18,High,Feature Request
2971,2108,2025-04-13,2025-04-19,Medium,Bug Report
2972,2108,2023-05-28,2023-05-30,Medium,Feature Request
2973,2108,2025-10-08,2025-10-11,High,Onboarding
2974,2108,2024-04-14,2024-04-15,High,Bug Report
2975,2111,2024-03-25,2024-03-26,Medium,Login Issue
2976,2112,2023-02-12,2023-02-17,Medium,Bug Report
2977,2113,2025-02-25,2025-02-26,Low,Login Issue
2978,2113,2024-09-12,2024-09-15,Low,Onboarding
2979,2113,2025-04-10,2025-04-14,High,Login Issue
2980,2114,2025-03-23,,Low,Billing
2981,2117,2023-07-16,2023-07-19,High,Feature Request
2982,2117,2023-08-20,2023-08-30,Medium,Onboarding
2983,2117,2025-04-11,,Medium,Feature Request
2984,2117,2023-10-20,2023-10-26,Medium,Feature Request
2985,2118,2024-09-05,2024-09-13,Medium,Onboarding
2986,2119,2023-02-02,,Urgent,Feature Request
2987,2121,2025-05-26,2025-05-27,High,Onboarding
2988,2122,2025-11-09,2025-11-10,Medium,Onboarding
2989,2122,2025-08-05,2025-08-11,Urgent,Feature Request
2990,2123,2023-07-26,,Urgent,Bug Report
2991,2124,2023-01-06,2023-01-09,Low,Billing
2992,2124,2025-02-12,2025-02-14,Medium,Bug Report
2993,2129,2023-04-10,2023-04-14,Low,Billing
2994,2129,2023-04-07,2023-04-08,Urgent,Billing
2995,2130,2025-05-30,2025-06-04,Medium,Bug Report
2996,2130,2023-04-05,2023-04-11,Medium,Billing
2997,2130,2025-09-15,2025-09-16,Urgent,Billing
2998,2131,2025-11-12,2025-11-22,Low,Billing
2999,2133,2025-08-28,2025-09-05,Low,Login Issue
3000,2133,2024-03-28,2024-04-10,High,Feature Request
3001,2134,2024-12-26,2024-12-27,Low,Onboarding
3002,2136,2023-07-01,2023-07-13,Low,Login Issue
3003,2136,2023-06-25,2023-07-15,Urgent,Onboarding
3004,2136,2024-05-26,2024-05-28,Low,Billing
3005,2138,2025-07-19,2025-07-20,High,Bug Report
3006,2140,2023-03-09,2023-03-19,Low,Onboarding
3007,2140,2024-08-27,2024-08-28,High,Billing
3008,2140,2023-04-12,2023-04-14,Medium,Feature Request
3009,2141,2025-11-11,2025-11-14,Low,Billing
3010,2142,2023-10-23,2023-10-26,Low,Billing
3011,2142,2024-05-17,2024-05-22,Low,Feature Request
3012,2142,2023-01-28,2023-01-30,Low,Bug Report
3013,2143,2024-09-14,2024-09-16,Medium,Onboarding
3014,2143,2025-03-12,2025-03-14,Medium,Onboarding
3015,2143,2024-05-09,2024-05-11,Urgent,Login Issue
3016,2144,2025-11-06,2025-11-27,Medium,Billing
3017,2145,2025-05-19,2025-05-27,Medium,Login Issue
3018,2145,2024-07-01,2024-07-09,Low,Onboarding
3019,2145,2023-01-22,2023-01-24,Medium,Onboarding
3020,2146,2024-10-22,2024-10-26,High,Billing
3021,2147,2025-02-22,2025-02-23,Low,Billing
3022,2147,2024-04-29,2024-04-30,Low,Bug Report
3023,2147,2025-03-02,2025-03-19,Low,Onboarding
3024,2147,2023-09-15,2023-09-18,Medium,Bug Report
3025,2148,2025-12-21,2025-12-24,High,Feature Request
3026,2148,2025-12-26,2025-12-30,Low,Login Issue
3027,2148,2023-04-26,2023-05-05,Low,Onboarding
3028,2148,2023-11-22,2023-12-01,Medium,Onboarding
3029,2149,2024-10-12,2024-10-18,Low,Feature Request
3030,2149,2024-01-07,2024-01-11,Medium,Bug Report
3031,2150,2023-05-17,2023-05-21,High,Billing
3032,2150,2023-06-05,,Medium,Bug Report
3033,2151,2025-12-23,2025-12-30,Low,Feature Request
3034,2151,2025-07-21,2025-08-10,High,Onboarding
3035,2151,2024-11-22,2024-11-23,Low,Feature Request
3036,2151,2025-06-02,2025-06-11,Medium,Bug Report
3037,2153,2024-09-09,2024-09-15,Medium,Onboarding
3038,2153,2023-03-26,2023-03-28,Low,Feature Request
3039,2153,2023-05-17,2023-05-19,Low,Login Issue
3040,2153,2024-09-06,2024-09-07,Low,Onboarding
3041,2154,2025-03-11,2025-03-12,Low,Feature Request
3042,2154,2023-09-26,2023-09-30,High,Login Issue
3043,2157,2024-09-10,2024-09-11,Medium,Bug Report
3044,2162,2025-07-27,2025-08-01,Low,Login Issue
3045,2164,2024-06-10,2024-06-14,Low,Bug Report
3046,2164,2025-04-17,2025-04-20,High,Bug Report
3047,2165,2024-03-17,2024-03-19,Medium,Feature Request
3048,2165,2023-06-13,2023-06-17,Low,Onboarding
3049,2165,2024-11-03,2024-11-04,Medium,Login Issue
3050,2166,2025-01-08,2025-01-13,Low,Billing
3051,2167,2025-10-09,2025-10-19,Medium,Bug Report
3052,2167,2023-07-16,,Medium,Login Issue
3053,2167,2023-01-01,2023-01-08,Low,Billing
3054,2168,2023-11-05,2023-11-06,Medium,Login Issue
3055,2168,2023-01-14,2023-01-16,Medium,Onboarding
3056,2168,2023-05-10,2023-05-19,Medium,Billing
3057,2168,2024-08-24,2024-08-26,Medium,Feature Request
3058,2170,2025-04-19,,Low,Billing
3059,2171,2025-11-11,2025-11-15,Medium,Billing
3060,2171,2025-11-01,2025-11-05,Medium,Feature Request
3061,2172,2023-03-23,2023-03-28,Medium,Feature Request
3062,2173,2025-02-28,2025-03-05,High,Bug Report
3063,2173,2023-06-13,2023-06-16,Low,Login Issue
3064,2174,2023-09-20,2023-09-25,Low,Bug Report
3065,2175,2023-08-03,2023-08-07,Medium,Billing
3066,2175,2023-11-07,2023-11-17,Medium,Bug Report
3067,2175,2025-06-06,2025-06-11,Medium,Feature Request
3068,2175,2023-12-21,2023-12-25,Medium,Billing
3069,2175,2024-04-01,2024-04-03,Medium,Billing
3070,2176,2024-12-02,2024-12-06,Medium,Login Issue
3071,2179,2023-04-15,2023-04-27,Medium,Onboarding
3072,2179,2024-02-11,2024-02-27,High,Billing
3073,2179,2025-10-01,2025-10-03,Medium,Feature Request
3074,2179,2024-05-18,2024-05-19,High,Login Issue
3075,2180,2024-11-23,2024-11-29,Medium,Billing
3076,2180,2024-10-22,2024-10-31,High,Billing
3077,2180,2025-12-28,2026-01-07,Medium,Billing
3078,2181,2024-04-11,2024-04-14,Low,Bug Report
3079,2181,2025-12-09,,Medium,Onboarding
3080,2181,2025-01-22,2025-01-26,Low,Bug Report
3081,2182,2025-06-22,2025-06-25,Medium,Onboarding
3082,2182,2024-07-31,2024-08-05,Low,Feature Request
3083,2182,2023-11-20,2023-11-23,Medium,Billing
3084,2182,2024-07-22,2024-07-25,Medium,Bug Report
3085,2183,2024-08-26,2024-08-27,Medium,Onboarding
3086,2183,2024-02-22,2024-02-28,Low,Onboarding
3087,2184,2024-08-31,2024-09-03,Urgent,Bug Report
3088,2185,2025-07-02,2025-07-05,Medium,Feature Request
3089,2185,2023-04-30,2023-05-01,Low,Login Issue
3090,2185,2023-12-28,2024-01-04,Low,Billing
3091,2186,2023-09-23,2023-09-25,Urgent,Billing
3092,2186,2025-03-24,2025-03-29,Low,Bug Report
3093,2186,2025-01-20,,High,Billing
3094,2187,2023-12-22,2023-12-27,Urgent,Feature Request
3095,2188,2023-05-21,2023-06-06,Low,Onboarding
3096,2189,2024-08-10,2024-08-21,High,Bug Report
3097,2191,2025-10-09,2025-10-11,Medium,Login Issue
3098,2191,2024-05-25,2024-05-26,Low,Onboarding
3099,2191,2023-05-11,2023-05-13,Low,Onboarding
3100,2191,2023-07-02,2023-07-04,High,Onboarding
3101,2193,2023-02-22,2023-02-23,Low,Login Issue
3102,2193,2023-01-04,2023-01-13,Urgent,Onboarding
3103,2193,2023-03-02,2023-03-04,Low,Billing
3104,2194,2025-08-07,2025-08-09,Low,Bug Report
3105,2195,2024-02-29,2024-03-02,Medium,Feature Request
3106,2195,2024-05-05,2024-05-08,Medium,Feature Request
3107,2195,2024-09-26,2024-09-30,High,Billing
3108,2195,2024-06-30,2024-07-09,Medium,Bug Report
3109,2196,2025-07-31,2025-08-05,Low,Login Issue
3110,2196,2025-10-04,2025-10-07,Low,Onboarding
3111,2197,2024-12-02,2024-12-04,Medium,Bug Report
3112,2197,2023-09-18,2023-09-19,Low,Onboarding
3113,2197,2024-05-29,2024-06-02,Low,Bug Report
3114,2198,2023-02-15,2023-02-16,Urgent,Login Issue
3115,2198,2023-09-18,2023-09-23,Low,Bug Report
3116,2198,2024-08-17,2024-08-26,Low,Onboarding
3117,2198,2023-09-22,,Medium,Login Issue
3118,2198,2023-04-14,2023-04-16,Medium,Billing
3119,2199,2023-04-25,2023-04-28,High,Billing
3120,2199,2024-05-15,2024-05-17,Medium,Billing
3121,2200,2025-11-21,2025-11-22,Medium,Billing
3122,2200,2023-08-04,2023-08-11,High,Login Issue
3123,2202,2024-07-01,2024-07-03,Medium,Onboarding
3124,2203,2025-07-21,2025-07-22,Medium,Bug Report
3125,2205,2025-09-14,2025-09-15,Low,Login Issue
3126,2205,2025-06-13,2025-06-15,Urgent,Onboarding
3127,2206,2025-07-13,2025-07-19,Medium,Bug Report
3128,2208,2024-06-05,2024-06-19,High,Login Issue
3129,2208,2025-02-20,2025-02-22,Medium,Bug Report
3130,2208,2023-08-07,2023-08-13,Medium,Onboarding
3131,2208,2023-12-23,2023-12-24,High,Feature Request
3132,2211,2024-04-14,2024-04-30,Medium,Bug Report
3133,2212,2024-03-04,,High,Bug Report
3134,2215,2023-02-18,2023-02-23,Low,Billing
3135,2215,2023-02-05,2023-02-06,High,Feature Request
3136,2215,2024-03-26,2024-04-02,Low,Onboarding
3137,2218,2025-07-27,2025-08-02,Medium,Onboarding
3138,2218,2024-02-13,2024-02-15,High,Feature Request
3139,2219,2025-01-16,2025-01-17,High,Onboarding
3140,2221,2023-07-28,2023-07-31,Medium,Onboarding
3141,2221,2025-04-16,2025-04-17,Urgent,Billing
3142,2221,2024-03-25,2024-03-26,Medium,Onboarding
3143,2222,2025-12-11,2025-12-19,Medium,Feature Request
3144,2222,2023-12-23,2023-12-27,High,Onboarding
3145,2224,2024-11-22,2024-11-23,Medium,Feature Request
3146,2226,2024-06-05,2024-06-17,Low,Feature Request
3147,2226,2025-07-14,2025-07-18,Low,Onboarding
3148,2226,2024-08-08,2024-08-15,High,Billing
3149,2227,2025-07-10,2025-07-15,Medium,Onboarding
3150,2227,2024-09-08,2024-09-16,Low,Onboarding
3151,2227,2023-04-21,2023-04-23,Low,Login Issue
3152,2230,2024-11-10,2024-11-12,Low,Feature Request
3153,2230,2025-04-12,,Low,Onboarding
3154,2230,2024-01-10,2024-01-14,High,Onboarding
3155,2230,2025-04-15,2025-04-16,Medium,Login Issue
3156,2231,2025-01-13,2025-01-18,Low,Login Issue
3157,2232,2024-04-14,2024-04-27,Medium,Onboarding
3158,2233,2025-08-16,2025-08-25,Low,Onboarding
3159,2233,2025-04-26,2025-04-28,Low,Login Issue
3160,2233,2024-08-14,2024-08-17,Medium,Bug Report
3161,2233,2023-08-18,2023-08-22,Medium,Billing
3162,2233,2024-02-26,2024-03-01,Low,Bug Report
3163,2234,2025-11-11,2025-11-16,Low,Login Issue
3164,2234,2024-05-12,2024-05-18,Medium,Bug Report
3165,2234,2023-10-11,2023-10-18,High,Login Issue
3166,2234,2025-06-29,2025-06-30,Medium,Feature Request
3167,2234,2023-12-16,2023-12-24,Low,Billing
3168,2235,2025-01-12,2025-01-14,High,Onboarding
3169,2236,2025-10-21,2025-10-23,Medium,Billing
3170,2236,2025-06-17,2025-06-19,High,Bug Report
3171,2240,2023-04-13,2023-04-16,Low,Login Issue
3172,2240,2025-01-07,2025-01-09,High,Onboarding
3173,2240,2025-08-14,2025-08-19,Low,Feature Request
3174,2240,2025-12-10,2025-12-12,Medium,Bug Report
3175,2242,2024-03-16,2024-03-21,Medium,Bug Report
3176,2242,2023-02-11,2023-02-18,Low,Bug Report
3177,2243,2024-12-07,2024-12-10,Medium,Onboarding
3178,2244,2024-12-04,2024-12-09,Medium,Billing
3179,2244,2024-02-03,2024-02-13,Medium,Login Issue
3180,2244,2023-07-30,2023-08-08,Medium,Feature Request
3181,2245,2025-06-02,2025-06-04,Medium,Onboarding
3182,2245,2023-04-24,2023-05-01,Medium,Billing
3183,2245,2025-05-05,2025-05-08,Low,Onboarding
3184,2245,2024-08-22,2024-08-24,Medium,Billing
3185,2247,2024-11-27,2024-11-29,Low,Login Issue
3186,2247,2024-08-22,2024-08-26,Low,Bug Report
3187,2247,2025-04-29,2025-05-03,High,Billing
3188,2249,2025-06-17,2025-06-26,Medium,Login Issue
3189,2249,2023-04-06,2023-04-07,Low,Onboarding
3190,2249,2025-03-24,2025-03-26,Low,Billing
3191,2250,2025-08-28,2025-08-30,Low,Feature Request
3192,2250,2023-08-08,2023-08-09,Low,Billing
3193,2253,2025-01-29,2025-01-30,High,Onboarding
3194,2254,2024-07-25,2024-07-27,Medium,Onboarding
3195,2255,2023-09-27,2023-10-01,Medium,Login Issue
3196,2255,2024-08-07,2024-08-13,Low,Billing
3197,2256,2025-05-29,2025-06-01,Low,Billing
3198,2256,2025-05-17,2025-05-18,Low,Feature Request
3199,2257,2025-02-20,,Medium,Billing
3200,2259,2023-03-30,2023-04-02,Medium,Billing
3201,2264,2024-02-09,2024-02-15,Medium,Bug Report
3202,2264,2024-11-04,2024-11-06,Medium,Onboarding
3203,2264,2023-12-09,2023-12-11,High,Feature Request
3204,2264,2024-01-10,2024-01-11,Medium,Billing
3205,2265,2024-11-05,2024-11-06,High,Bug Report
3206,2266,2025-08-19,,Low,Billing
3207,2266,2025-09-12,2025-09-16,High,Onboarding
3208,2268,2025-02-24,2025-02-25,Medium,Onboarding
3209,2268,2023-05-13,2023-06-04,High,Onboarding
3210,2269,2023-06-24,2023-06-27,Low,Feature Request
3211,2270,2025-08-19,2025-08-21,Low,Feature Request
3212,2270,2024-02-12,2024-02-20,Medium,Feature Request
3213,2270,2023-12-02,2023-12-09,Low,Bug Report
3214,2271,2025-11-09,2025-11-11,Medium,Bug Report
3215,2271,2023-07-18,2023-07-26,Medium,Billing
3216,2271,2024-09-16,2024-09-18,Urgent,Feature Request
3217,2274,2023-09-27,2023-09-28,Medium,Login Issue
3218,2274,2023-09-10,2023-09-11,Urgent,Onboarding
3219,2275,2025-11-14,2025-11-17,Medium,Billing
3220,2276,2024-04-16,2024-04-18,Medium,Billing
3221,2276,2025-04-19,2025-04-25,High,Feature Request
3222,2276,2023-06-14,2023-06-18,Low,Bug Report
3223,2276,2024-07-03,2024-07-10,High,Bug Report
3224,2277,2024-02-07,2024-02-12,Low,Login Issue
3225,2277,2024-02-19,2024-03-07,Medium,Login Issue
3226,2277,2023-10-14,2023-10-17,Medium,Bug Report
3227,2277,2024-12-25,2024-12-27,Low,Login Issue
3228,2280,2025-12-15,2025-12-16,Medium,Billing
3229,2280,2023-08-16,2023-08-21,Medium,Billing
3230,2280,2024-04-20,2024-04-24,Medium,Billing
3231,2280,2023-12-04,2023-12-09,Medium,Login Issue
3232,2281,2023-10-23,2023-10-30,Low,Feature Request
3233,2281,2025-11-05,2025-11-10,High,Billing
3234,2281,2023-11-11,2023-11-18,Urgent,Login Issue
3235,2283,2024-03-24,2024-03-25,Medium,Billing
3236,2283,2024-06-12,2024-06-22,Low,Feature Request
3237,2286,2024-07-26,2024-07-28,Low,Login Issue
3238,2287,2023-06-27,2023-06-29,Low,Bug Report
3239,2287,2024-12-01,2024-12-02,Low,Bug Report
3240,2287,2023-05-27,2023-05-28,High,Login Issue
3241,2287,2024-11-06,2024-11-11,Medium,Feature Request
3242,2288,2024-08-05,2024-08-06,Low,Feature Request
3243,2288,2024-09-05,2024-09-23,Low,Bug Report
3244,2288,2023-10-19,2023-10-31,Medium,Feature Request
3245,2288,2025-06-05,2025-06-06,Medium,Onboarding
3246,2289,2024-10-05,2024-10-12,High,Login Issue
3247,2289,2023-03-16,,Medium,Billing
3248,2290,2025-11-05,2025-11-12,Medium,Feature Request
3249,2290,2024-05-05,2024-05-06,High,Billing
3250,2290,2024-12-26,2024-12-30,Medium,Billing
3251,2290,2025-10-14,2025-10-20,High,Feature Request
3252,2290,2025-01-25,2025-02-02,Medium,Onboarding
3253,2294,2024-07-17,2024-07-26,Low,Login Issue
3254,2294,2023-11-03,2023-11-04,High,Onboarding
3255,2294,2023-12-24,2023-12-30,Low,Billing
3256,2294,2024-07-21,2024-07-22,Urgent,Feature Request
3257,2295,2024-05-07,2024-05-11,Low,Feature Request
3258,2295,2025-08-20,2025-08-22,Low,Login Issue
3259,2296,2025-11-29,2025-12-01,Low,Onboarding
3260,2296,2025-03-28,2025-03-30,Low,Login Issue
3261,2296,2025-09-20,2025-09-22,Low,Billing
3262,2297,2025-11-14,2025-11-16,Medium,Login Issue
3263,2299,2023-12-08,2023-12-13,High,Billing
3264,2299,2024-07-07,2024-07-09,High,Onboarding
3265,2299,2023-12-17,2023-12-26,Medium,Bug Report
3266,2300,2023-06-12,2023-06-16,Medium,Feature Request
3267,2300,2023-01-13,,Low,Bug Report
3268,2300,2025-12-16,2025-12-27,High,Billing
3269,2300,2023-08-17,2023-08-26,Medium,Login Issue
3270,2301,2023-07-31,2023-08-01,Medium,Bug Report
3271,2301,2025-08-11,2025-08-15,Medium,Bug Report
3272,2302,2025-09-12,2025-09-16,High,Feature Request
3273,2302,2024-08-24,2024-09-04,High,Billing
3274,2303,2025-01-16,2025-01-21,Low,Bug Report
3275,2303,2025-01-27,2025-01-30,Low,Billing
3276,2303,2024-06-04,2024-06-05,Urgent,Bug Report
3277,2304,2025-09-12,2025-09-13,Low,Feature Request
3278,2304,2025-05-23,2025-05-26,Medium,Onboarding
3279,2306,2023-04-26,2023-05-13,Medium,Bug Report
3280,2306,2025-02-20,,Low,Bug Report
3281,2306,2025-06-07,2025-06-10,Medium,Login Issue
3282,2306,2023-10-08,2023-10-17,Medium,Billing
3283,2306,2024-03-19,2024-03-20,Medium,Onboarding
3284,2307,2025-09-30,2025-10-02,Low,Onboarding
3285,2308,2024-03-20,2024-03-22,Medium,Login Issue
3286,2308,2023-01-22,2023-01-27,Low,Feature Request
3287,2308,2025-04-23,2025-04-30,Medium,Feature Request
3288,2309,2025-06-11,2025-06-13,Medium,Bug Report
3289,2309,2024-05-28,2024-05-31,Medium,Feature Request
3290,2309,2025-08-27,2025-08-28,Medium,Login Issue
3291,2311,2023-06-25,2023-06-27,Low,Login Issue
3292,2312,2024-06-08,2024-06-15,Urgent,Onboarding
3293,2312,2023-08-20,2023-08-21,High,Onboarding
3294,2314,2023-07-24,2023-07-30,Low,Bug Report
3295,2315,2023-10-09,2023-10-12,Medium,Feature Request
3296,2315,2024-03-20,2024-03-22,Low,Feature Request
3297,2316,2023-08-23,2023-08-26,High,Billing
3298,2316,2023-07-26,2023-07-29,Medium,Feature Request
3299,2317,2023-06-07,2023-06-22,Low,Billing
3300,2318,2023-12-14,2023-12-19,Medium,Feature Request
3301,2320,2025-03-11,,High,Login Issue
3302,2320,2025-11-13,2025-11-24,High,Billing
3303,2320,2024-03-23,2024-04-03,Medium,Onboarding
3304,2320,2024-10-02,2024-10-05,Urgent,Login Issue
3305,2322,2025-08-07,2025-08-19,Low,Onboarding
3306,2322,2023-11-17,2023-11-21,Low,Feature Request
3307,2322,2024-05-26,2024-06-01,Low,Onboarding
3308,2323,2025-03-24,2025-03-27,Medium,Login Issue
3309,2326,2024-09-11,2024-09-15,Medium,Billing
3310,2327,2023-10-23,2023-10-25,Low,Login Issue
3311,2328,2025-11-06,2025-11-07,Low,Feature Request
3312,2329,2024-02-02,2024-02-04,Medium,Billing
3313,2330,2023-09-17,2023-09-19,Low,Billing
3314,2330,2023-02-28,2023-03-06,High,Billing
3315,2333,2025-04-17,2025-04-20,Urgent,Bug Report
3316,2333,2023-06-13,2023-06-16,Medium,Bug Report
3317,2334,2024-02-25,2024-03-02,Low,Billing
3318,2334,2025-10-12,2025-10-16,High,Bug Report
3319,2336,2024-03-30,2024-04-01,Medium,Billing
3320,2337,2025-03-29,2025-03-30,High,Login Issue
3321,2337,2023-12-05,2023-12-11,Medium,Login Issue
3322,2337,2025-08-26,2025-09-06,Low,Bug Report
3323,2338,2025-02-17,2025-02-18,Low,Login Issue
3324,2338,2023-04-12,2023-04-17,Medium,Onboarding
3325,2341,2025-06-23,2025-06-26,Low,Billing
3326,2341,2025-11-03,,Low,Billing
3327,2341,2023-12-29,2023-12-30,Urgent,Feature Request
3328,2344,2025-05-31,2025-06-02,Low,Onboarding
3329,2348,2023-01-30,,Low,Onboarding
3330,2348,2024-06-06,2024-06-08,High,Feature Request
3331,2348,2023-09-22,2023-09-25,High,Feature Request
3332,2348,2025-12-25,2026-01-05,Low,Billing
3333,2350,2023-06-06,2023-06-07,Low,Feature Request
3334,2350,2025-07-25,2025-07-30,Medium,Feature Request
3335,2350,2023-09-18,2023-09-23,Low,Login Issue
3336,2350,2023-07-26,2023-07-27,Medium,Feature Request
3337,2350,2023-10-14,2023-10-29,High,Onboarding
3338,2352,2025-01-19,,Medium,Billing
3339,2352,2024-01-01,2024-01-02,Medium,Login Issue
3340,2352,2023-05-21,2023-06-04,Urgent,Billing
3341,2352,2024-08-15,2024-08-17,Medium,Feature Request
3342,2354,2025-08-11,2025-08-13,Medium,Bug Report
3343,2355,2025-02-08,2025-02-10,Medium,Billing
3344,2355,2023-12-11,,High,Billing
3345,2355,2024-11-24,2024-11-29,High,Onboarding
3346,2356,2025-09-29,2025-10-05,High,Login Issue
3347,2356,2023-09-30,2023-10-03,Low,Bug Report
3348,2356,2025-10-12,2025-10-13,Low,Login Issue
3349,2359,2024-03-28,2024-03-31,High,Onboarding
3350,2359,2023-07-21,2023-08-02,Medium,Onboarding
3351,2362,2024-02-03,2024-02-04,Low,Login Issue
3352,2362,2024-12-30,2024-12-31,Urgent,Bug Report
3353,2363,2024-04-03,2024-04-05,Medium,Billing
3354,2364,2023-07-06,2023-07-16,Low,Billing
3355,2365,2025-06-15,2025-06-17,Low,Login Issue
3356,2365,2024-02-15,2024-02-21,Medium,Login Issue
3357,2369,2023-07-25,2023-07-26,Low,Bug Report
3358,2369,2023-05-06,2023-05-08,Low,Bug Report
3359,2370,2023-03-10,2023-03-14,Low,Feature Request
3360,2370,2024-09-19,2024-09-22,High,Login Issue
3361,2370,2025-04-10,2025-04-14,Low,Billing
3362,2370,2025-09-09,2025-09-12,Urgent,Bug Report
3363,2373,2024-04-30,2024-05-04,Low,Feature Request
3364,2373,2025-08-17,2025-08-25,Low,Feature Request
3365,2373,2025-08-11,2025-08-12,High,Feature Request
3366,2373,2023-08-19,2023-08-21,Low,Login Issue
3367,2375,2025-12-01,2025-12-07,Medium,Login Issue
3368,2376,2024-08-17,,Medium,Feature Request
3369,2376,2024-06-18,2024-06-22,Medium,Bug Report
3370,2377,2023-12-09,2023-12-11,Low,Feature Request
3371,2377,2023-06-25,2023-06-27,High,Bug Report
3372,2378,2024-06-06,2024-06-09,Medium,Bug Report
3373,2378,2023-10-17,2023-10-19,Low,Feature Request
3374,2379,2023-01-10,2023-01-15,Medium,Login Issue
3375,2380,2025-11-04,2025-11-10,Low,Feature Request
3376,2380,2025-09-09,2025-09-13,High,Login Issue
3377,2380,2024-10-24,2024-10-31,Low,Feature Request
3378,2380,2025-08-28,2025-08-29,Low,Login Issue
3379,2382,2024-04-09,2024-04-18,Low,Login Issue
3380,2382,2025-03-12,2025-03-13,Medium,Billing
3381,2383,2024-10-03,2024-10-08,Low,Login Issue
3382,2383,2025-03-16,2025-03-19,Low,Feature Request
3383,2383,2023-06-27,2023-06-30,Medium,Bug Report
3384,2383,2025-10-11,2025-10-22,Low,Billing
3385,2383,2024-07-23,2024-07-27,Low,Billing
3386,2385,2024-09-08,2024-09-09,Low,Onboarding
3387,2385,2024-01-08,2024-01-13,Medium,Feature Request
3388,2386,2023-10-16,2023-10-25,High,Login Issue
3389,2386,2025-01-03,2025-01-14,Low,Login Issue
3390,2386,2025-02-09,2025-02-12,Medium,Billing
3391,2387,2024-03-11,2024-03-18,High,Billing
3392,2387,2024-07-08,2024-07-14,Low,Billing
3393,2387,2024-06-23,2024-07-03,Low,Feature Request
3394,2389,2023-06-09,2023-06-15,Low,Feature Request
3395,2391,2025-05-24,2025-06-01,Low,Onboarding
3396,2392,2024-01-23,2024-01-26,High,Login Issue
3397,2393,2023-04-23,2023-04-26,Low,Bug Report
3398,2394,2025-11-12,2025-11-13,Low,Billing
3399,2396,2024-03-20,2024-03-25,Urgent,Bug Report
3400,2397,2025-11-26,2025-11-27,Low,Onboarding
3401,2397,2024-03-25,2024-03-27,Low,Feature Request
3402,2397,2023-10-25,2023-10-31,Low,Billing
3403,2398,2024-05-19,2024-05-29,Low,Feature Request
3404,2398,2025-04-02,2025-04-09,Low,Login Issue
3405,2398,2025-08-04,2025-08-08,Medium,Feature Request
3406,2399,2024-04-19,2024-04-30,Low,Feature Request
3407,2399,2025-02-27,2025-03-04,High,Bug Report
3408,2402,2023-05-28,2023-05-29,Medium,Feature Request
3409,2402,2025-07-20,,Medium,Bug Report
3410,2402,2025-05-22,2025-05-31,Medium,Billing
3411,2402,2024-06-14,2024-06-25,High,Billing
3412,2404,2025-02-21,2025-03-03,Medium,Feature Request
3413,2404,2025-12-21,2025-12-22,Medium,Onboarding
3414,2405,2023-09-30,2023-10-05,Medium,Login Issue
3415,2405,2023-06-13,2023-06-16,High,Billing
3416,2405,2023-05-11,2023-05-14,High,Feature Request
3417,2405,2025-07-01,2025-07-02,Medium,Login Issue
3418,2405,2023-12-30,2024-01-01,Low,Billing
3419,2406,2025-07-18,2025-07-21,Low,Billing
3420,2408,2023-07-10,2023-07-12,Medium,Billing
3421,2408,2024-07-11,2024-07-18,Low,Feature Request
3422,2409,2023-04-08,,Medium,Feature Request
3423,2409,2025-07-15,,Medium,Login Issue
3424,2409,2024-09-06,2024-09-09,Medium,Bug Report
3425,2409,2025-04-02,2025-04-06,Medium,Bug Report
3426,2410,2025-05-11,2025-05-12,High,Login Issue
3427,2411,2025-09-29,2025-09-30,Medium,Bug Report
3428,2411,2023-06-08,2023-06-17,High,Feature Request
3429,2411,2025-09-02,2025-09-03,Medium,Feature Request
3430,2414,2024-03-23,2024-03-28,High,Bug Report
3431,2414,2025-11-24,2025-11-30,High,Onboarding
3432,2415,2025-07-21,2025-07-28,Low,Feature Request
3433,2415,2024-06-29,2024-06-30,Urgent,Feature Request
3434,2415,2024-02-06,,Medium,Onboarding
3435,2417,2025-08-12,2025-08-13,High,Feature Request
3436,2420,2024-08-30,2024-08-31,Low,Bug Report
3437,2421,2025-07-13,2025-07-17,Low,Bug Report
3438,2421,2023-11-09,2023-11-10,Low,Login Issue
3439,2424,2023-02-10,2023-02-11,Low,Feature Request
3440,2424,2025-06-07,2025-06-10,Medium,Onboarding
3441,2425,2023-11-08,2023-11-09,Low,Bug Report
3442,2425,2024-03-12,2024-03-16,Low,Feature Request
3443,2425,2024-10-13,2024-10-20,Medium,Bug Report
3444,2425,2023-07-25,2023-07-29,Low,Billing
3445,2426,2023-10-27,2023-10-30,Medium,Onboarding
3446,2426,2023-10-17,2023-10-25,Medium,Onboarding
3447,2427,2023-06-11,2023-06-18,High,Feature Request
3448,2428,2023-08-12,2023-08-22,High,Login Issue
3449,2429,2025-06-19,2025-06-29,Medium,Onboarding
3450,2430,2024-12-10,2024-12-17,High,Billing
3451,2431,2025-05-25,2025-05-29,High,Billing
3452,2433,2025-04-17,2025-04-18,High,Onboarding
3453,2437,2023-08-29,2023-09-04,Low,Login Issue
3454,2439,2025-11-29,2025-12-02,Low,Onboarding
3455,2440,2025-08-05,,Medium,Onboarding
3456,2440,2023-08-07,2023-08-13,Medium,Login Issue
3457,2441,2023-10-27,2023-10-30,High,Login Issue
3458,2441,2023-11-26,2023-11-28,Low,Feature Request
3459,2443,2025-07-10,2025-07-17,High,Onboarding
3460,2443,2023-07-16,2023-07-18,Medium,Onboarding
3461,2443,2025-09-16,2025-09-18,Low,Login Issue
3462,2443,2023-03-11,2023-03-13,Medium,Bug Report
3463,2443,2023-09-04,2023-09-06,Medium,Feature Request
3464,2444,2023-05-16,2023-05-20,Low,Bug Report
3465,2444,2023-09-11,2023-09-18,Medium,Feature Request
3466,2447,2024-07-12,2024-07-25,Medium,Billing
3467,2448,2023-03-29,2023-03-30,Low,Login Issue
3468,2448,2024-05-11,2024-05-13,High,Bug Report
3469,2449,2023-04-13,2023-04-16,Medium,Feature Request
3470,2452,2023-07-18,2023-08-05,Low,Onboarding
3471,2452,2023-04-14,2023-04-22,Medium,Billing
3472,2452,2024-10-21,2024-10-23,Medium,Bug Report
3473,2453,2024-11-21,2024-11-23,Medium,Bug Report
3474,2455,2023-11-12,2023-11-13,Low,Billing
3475,2455,2023-10-24,2023-10-30,Urgent,Onboarding
3476,2455,2024-06-26,2024-07-02,Urgent,Billing
3477,2455,2024-07-11,2024-07-13,Low,Feature Request
3478,2455,2025-10-01,2025-10-08,Medium,Onboarding
3479,2458,2024-04-10,2024-04-13,Medium,Feature Request
3480,2458,2025-02-26,2025-03-01,Low,Bug Report
3481,2459,2025-02-18,2025-02-21,Medium,Login Issue
3482,2460,2023-02-23,2023-02-27,Low,Billing
3483,2460,2023-05-20,2023-05-24,High,Login Issue
3484,2461,2024-12-30,2025-01-05,Low,Billing
3485,2463,2025-06-08,2025-06-11,High,Login Issue
3486,2464,2023-11-07,2023-11-09,Urgent,Login Issue
3487,2464,2025-10-19,2025-10-20,Low,Billing
3488,2464,2025-04-06,2025-04-07,Medium,Login Issue
3489,2465,2024-02-13,2024-02-15,Low,Billing
3490,2467,2023-12-05,2023-12-17,High,Feature Request
3491,2467,2023-06-07,2023-06-12,High,Onboarding
3492,2467,2024-09-27,2024-09-30,Urgent,Login Issue
3493,2469,2025-08-15,2025-08-16,High,Bug Report
3494,2469,2023-11-28,2023-12-04,Low,Login Issue
3495,2470,2023-03-28,2023-03-31,Medium,Billing
3496,2470,2023-10-15,2023-10-21,Medium,Feature Request
3497,2471,2023-03-02,2023-03-09,Medium,Onboarding
3498,2471,2025-09-15,2025-09-19,Low,Billing
3499,2472,2024-04-01,2024-04-08,Low,Onboarding
3500,2478,2024-02-27,,Medium,Feature Request
3501,2478,2024-06-29,2024-07-02,High,Feature Request
3502,2478,2025-11-05,2025-11-11,Medium,Billing
3503,2478,2023-04-10,2023-04-13,Medium,Feature Request
3504,2478,2025-09-28,2025-10-02,Medium,Bug Report
3505,2479,2025-07-16,,Medium,Bug Report
3506,2481,2025-05-04,2025-05-16,Low,Login Issue
3507,2483,2024-06-29,,Medium,Feature Request
3508,2483,2025-04-12,2025-04-21,High,Login Issue
3509,2483,2023-05-02,,Medium,Feature Request
3510,2483,2024-11-29,2024-12-08,Low,Onboarding
3511,2484,2023-01-19,2023-01-23,Medium,Onboarding
3512,2484,2024-07-15,2024-07-21,Low,Bug Report
3513,2484,2025-10-09,2025-10-15,Low,Billing
3514,2485,2024-11-10,2024-11-11,High,Bug Report
3515,2486,2023-10-21,2023-10-23,High,Login Issue
3516,2486,2025-03-11,2025-03-30,Low,Onboarding
3517,2486,2024-08-05,2024-08-06,Low,Login Issue
3518,2488,2023-01-11,2023-01-13,Low,Onboarding
3519,2488,2023-01-22,2023-02-07,Low,Onboarding
3520,2488,2023-03-14,2023-03-16,Medium,Login Issue
3521,2489,2024-03-03,2024-03-10,High,Login Issue
3522,2489,2025-07-07,2025-07-10,Low,Bug Report
3523,2490,2025-07-21,2025-08-01,Medium,Feature Request
3524,2491,2025-05-18,2025-05-22,Low,Billing
3525,2492,2024-03-23,2024-04-07,Low,Feature Request
3526,2493,2025-05-17,2025-05-18,Medium,Billing
3527,2494,2024-06-08,2024-06-10,Medium,Login Issue
3528,2495,2025-08-24,2025-08-28,Medium,Billing
3529,2495,2024-05-25,2024-05-26,Low,Feature Request
3530,2496,2025-02-08,2025-02-14,Medium,Billing
3531,2497,2025-09-05,2025-09-16,Low,Feature Request
3532,2498,2023-12-26,2023-12-31,Low,Bug Report
3533,2498,2023-02-09,2023-02-14,Medium,Onboarding
3534,2498,2023-08-22,2023-08-23,Low,Bug Report
3535,2500,2025-12-03,2025-12-08,High,Feature Request
3536,2500,2025-03-09,2025-03-12,Low,Login Issue
3537,2500,2024-10-11,2024-10-17,High,Login Issue
3538,2500,2025-09-20,2025-09-22,High,Onboarding
3539,2502,2023-10-11,2023-10-16,Medium,Onboarding
3540,2504,2023-10-06,2023-10-07,Medium,Feature Request
3541,2504,2025-02-05,2025-02-07,Low,Login Issue
3542,2506,2023-12-12,2023-12-16,Urgent,Login Issue
3543,2506,2024-10-02,2024-10-06,Low,Feature Request
3544,2506,2025-06-17,2025-06-21,Low,Login Issue
3545,2507,2025-09-19,2025-09-22,Low,Bug Report
3546,2510,2023-02-08,2023-02-12,High,Onboarding
3547,2511,2025-05-29,2025-05-31,Low,Billing
3548,2511,2024-11-16,2024-11-19,High,Bug Report
3549,2512,2024-10-14,2024-10-15,Urgent,Login Issue
3550,2512,2024-12-14,2024-12-16,Low,Login Issue
3551,2513,2023-07-21,2023-07-26,Medium,Bug Report
3552,2514,2024-11-26,,Medium,Login Issue
3553,2517,2025-05-21,2025-05-22,Medium,Onboarding
3554,2517,2023-12-09,2023-12-14,Medium,Billing
3555,2517,2024-04-19,2024-04-23,Low,Onboarding
3556,2519,2023-04-24,2023-04-26,High,Feature Request
3557,2521,2024-07-28,2024-08-01,Medium,Billing
3558,2522,2024-02-16,2024-02-17,Urgent,Feature Request
3559,2522,2024-11-30,2024-12-06,Urgent,Billing
3560,2522,2023-10-24,2023-10-28,Medium,Feature Request
3561,2522,2025-05-28,2025-05-30,Low,Login Issue
3562,2522,2023-07-19,2023-07-20,Low,Bug Report
3563,2523,2023-05-19,2023-05-24,Medium,Bug Report
3564,2523,2025-06-15,2025-06-24,Low,Bug Report
3565,2523,2024-10-02,,Low,Login Issue
3566,2524,2024-12-31,2025-01-10,Medium,Login Issue
3567,2524,2024-08-17,2024-08-25,Low,Feature Request
3568,2524,2023-12-08,,High,Bug Report
3569,2524,2023-10-17,2023-10-19,High,Bug Report
3570,2526,2024-09-21,2024-09-23,Low,Bug Report
3571,2526,2023-12-11,2023-12-12,Urgent,Onboarding
3572,2527,2023-10-18,2023-10-20,Medium,Login Issue
3573,2527,2023-12-08,2023-12-15,Urgent,Bug Report
3574,2535,2023-11-11,2023-11-14,Low,Feature Request
3575,2535,2025-03-09,2025-03-10,Low,Login Issue
3576,2535,2025-04-29,2025-05-02,Low,Onboarding
3577,2536,2024-08-02,2024-08-08,Medium,Feature Request
3578,2538,2025-08-17,2025-08-23,Medium,Billing
3579,2539,2023-09-03,2023-09-11,Low,Bug Report
3580,2539,2024-02-17,2024-02-23,Medium,Billing
3581,2539,2023-03-13,2023-03-14,High,Bug Report
3582,2542,2025-11-03,2025-11-06,Low,Billing
3583,2542,2024-12-19,2024-12-21,Low,Billing
3584,2542,2023-07-17,2023-07-20,Medium,Billing
3585,2542,2025-12-18,2025-12-25,High,Onboarding
3586,2543,2023-08-15,2023-08-16,Low,Onboarding
3587,2544,2023-03-29,2023-04-03,Urgent,Billing
3588,2544,2025-03-21,2025-03-24,High,Login Issue
3589,2545,2025-04-15,2025-05-11,Medium,Billing
3590,2545,2024-11-13,2024-11-15,Medium,Bug Report
3591,2545,2023-07-17,2023-07-20,High,Onboarding
3592,2545,2025-05-29,2025-06-10,Low,Bug Report
3593,2545,2025-09-16,2025-09-17,Medium,Login Issue
3594,2547,2023-07-24,2023-07-28,Low,Feature Request
3595,2548,2025-12-31,2026-01-04,Medium,Feature Request
3596,2550,2023-06-15,2023-06-19,Medium,Billing
3597,2550,2023-01-06,2023-01-12,Urgent,Login Issue
3598,2554,2023-04-21,2023-04-22,Medium,Bug Report
3599,2554,2025-09-27,2025-10-02,Medium,Login Issue
3600,2554,2025-11-12,2025-11-13,Medium,Billing
3601,2554,2024-11-10,2024-11-13,High,Bug Report
3602,2554,2024-06-17,2024-06-27,Urgent,Bug Report
3603,2557,2024-03-30,2024-03-31,Medium,Onboarding
3604,2557,2024-03-31,2024-04-05,High,Feature Request
3605,2557,2024-03-31,2024-04-05,Low,Billing
3606,2557,2023-02-20,2023-02-26,Low,Feature Request
3607,2558,2024-12-14,2024-12-24,High,Onboarding
3608,2558,2025-08-03,2025-08-10,High,Login Issue
3609,2558,2025-02-19,2025-02-23,High,Onboarding
3610,2561,2025-09-04,2025-09-05,Low,Bug Report
3611,2563,2025-06-14,2025-06-15,Low,Feature Request
3612,2563,2023-01-23,2023-01-24,Low,Billing
3613,2563,2024-11-18,2024-11-21,Urgent,Feature Request
3614,2565,2023-01-11,2023-01-20,Medium,Feature Request
3615,2565,2024-03-27,2024-03-28,Medium,Onboarding
3616,2566,2025-08-18,2025-08-28,Medium,Onboarding
3617,2566,2023-05-29,2023-05-30,Medium,Billing
3618,2566,2023-03-29,2023-04-07,Low,Login Issue
3619,2566,2024-02-27,2024-03-03,Medium,Feature Request
3620,2567,2023-02-08,2023-02-10,High,Feature Request
3621,2567,2025-09-12,2025-09-28,Low,Bug Report
3622,2568,2023-01-21,2023-01-24,High,Billing
3623,2568,2025-06-25,2025-06-26,Low,Bug Report
3624,2569,2024-04-11,2024-04-16,Medium,Feature Request
3625,2572,2024-06-18,2024-06-19,High,Bug Report
3626,2573,2024-12-31,2025-01-09,Low,Billing
3627,2575,2025-05-17,,Medium,Billing
3628,2577,2024-10-14,2024-10-15,Medium,Bug Report
3629,2577,2024-04-13,2024-04-16,Low,Billing
3630,2577,2024-12-29,2024-12-30,Medium,Onboarding
3631,2578,2025-03-02,2025-03-04,Low,Onboarding
3632,2578,2024-04-29,2024-05-04,Medium,Billing
3633,2578,2025-11-06,2025-11-08,High,Login Issue
3634,2578,2024-09-05,,Urgent,Login Issue
3635,2578,2023-02-17,2023-02-19,Low,Login Issue
3636,2579,2023-10-02,2023-10-03,High,Login Issue
3637,2579,2023-12-20,2023-12-25,High,Billing
3638,2579,2025-12-15,2025-12-25,Medium,Login Issue
3639,2579,2025-03-24,2025-03-25,High,Bug Report
3640,2579,2023-01-09,2023-01-16,Low,Bug Report
3641,2580,2025-10-08,2025-10-12,Low,Billing
3642,2580,2025-05-24,2025-05-25,Medium,Feature Request
3643,2583,2024-10-05,2024-10-10,Low,Onboarding
3644,2587,2023-02-24,2023-02-27,Low,Billing
3645,2588,2024-07-03,,Low,Onboarding
3646,2589,2024-04-10,2024-04-11,Medium,Onboarding
3647,2590,2023-07-14,2023-07-19,High,Bug Report
3648,2591,2025-01-21,2025-01-22,Low,Bug Report
3649,2591,2023-12-09,2023-12-12,High,Bug Report
3650,2592,2024-09-15,2024-09-23,High,Login Issue
3651,2592,2024-04-16,2024-04-22,Medium,Onboarding
3652,2593,2023-01-12,2023-01-13,Urgent,Feature Request
3653,2594,2023-01-20,2023-01-27,Medium,Onboarding
3654,2594,2023-08-10,2023-08-19,High,Billing
3655,2594,2025-04-04,2025-04-10,Urgent,Bug Report
3656,2595,2025-08-16,2025-09-07,High,Feature Request
3657,2596,2023-09-11,2023-09-12,Medium,Feature Request
3658,2598,2025-03-23,2025-03-24,Medium,Billing
3659,2598,2023-03-15,2023-03-19,Low,Billing
3660,2598,2025-01-24,2025-01-26,Medium,Login Issue
3661,2599,2023-05-10,2023-05-13,Medium,Onboarding
3662,2599,2024-06-28,2024-07-04,Low,Billing
3663,2602,2025-08-13,2025-08-23,High,Bug Report
3664,2603,2024-10-02,2024-10-04,Low,Onboarding
3665,2603,2024-01-14,2024-01-15,Low,Billing
3666,2603,2023-12-27,2024-01-02,Medium,Login Issue
3667,2606,2024-10-15,2024-10-23,Medium,Login Issue
3668,2606,2024-04-22,2024-04-28,Medium,Login Issue
3669,2606,2025-02-14,2025-02-15,Medium,Bug Report
3670,2606,2025-01-24,2025-01-30,High,Login Issue
3671,2607,2025-02-25,2025-02-28,Medium,Bug Report
3672,2607,2023-10-17,2023-10-21,High,Onboarding
3673,2608,2025-03-12,,Medium,Feature Request
3674,2610,2025-10-07,2025-10-08,Low,Login Issue
3675,2610,2024-08-06,2024-08-29,High,Onboarding
3676,2612,2025-07-27,2025-07-28,Medium,Onboarding
3677,2612,2024-03-22,2024-03-27,Medium,Feature Request
3678,2612,2023-11-21,2023-11-23,Medium,Feature Request
3679,2614,2023-07-26,,Low,Onboarding
3680,2614,2025-02-04,2025-02-22,Low,Bug Report
3681,2614,2023-01-13,2023-01-14,Low,Bug Report
3682,2614,2023-10-04,2023-10-08,Medium,Billing
3683,2616,2023-12-22,2023-12-28,Urgent,Feature Request
3684,2616,2024-05-10,2024-05-14,Medium,Bug Report
3685,2617,2023-11-07,2023-11-13,Medium,Bug Report
3686,2618,2025-10-15,2025-10-16,Low,Onboarding
3687,2619,2025-06-23,2025-06-24,Urgent,Billing
3688,2619,2025-09-14,2025-09-18,Medium,Feature Request
3689,2619,2023-05-21,2023-05-24,Medium,Billing
3690,2620,2023-09-27,2023-10-03,Low,Feature Request
3691,2620,2025-04-08,2025-04-09,Medium,Login Issue
3692,2621,2024-06-07,2024-06-08,Medium,Feature Request
3693,2621,2023-09-06,2023-09-08,Medium,Billing
3694,2622,2025-09-14,2025-09-21,Low,Bug Report
3695,2622,2023-02-10,2023-02-13,Low,Login Issue
3696,2623,2023-05-12,2023-05-19,Low,Login Issue
3697,2626,2023-08-21,2023-08-26,Low,Billing
3698,2626,2025-01-03,2025-01-06,Medium,Onboarding
3699,2627,2024-09-03,,Low,Onboarding
3700,2627,2023-10-26,2023-10-31,Medium,Billing
3701,2629,2023-07-15,2023-07-18,High,Onboarding
3702,2630,2025-01-18,2025-01-19,High,Onboarding
3703,2630,2025-05-07,2025-05-09,Low,Feature Request
3704,2630,2024-02-21,2024-02-22,Low,Login Issue
3705,2630,2025-11-04,2025-11-07,Low,Login Issue
3706,2634,2025-09-06,2025-09-07,Low,Bug Report
3707,2635,2024-05-03,2024-05-09,High,Billing
3708,2636,2023-05-30,2023-06-01,Urgent,Feature Request
3709,2636,2023-07-02,2023-07-06,High,Bug Report
3710,2637,2025-02-03,2025-02-05,Low,Login Issue
3711,2637,2025-12-04,2025-12-13,Urgent,Onboarding
3712,2637,2025-04-20,2025-04-23,Low,Bug Report
3713,2638,2025-09-22,2025-09-28,Medium,Onboarding
3714,2638,2025-03-16,2025-03-21,Medium,Onboarding
3715,2638,2024-02-06,2024-02-11,Low,Login Issue
3716,2639,2025-11-25,2025-11-28,Low,Onboarding
3717,2639,2024-01-26,2024-02-22,Medium,Billing
3718,2639,2023-07-19,2023-07-20,Low,Login Issue
3719,2640,2024-09-26,2024-09-29,High,Bug Report
3720,2640,2024-04-09,2024-04-11,Low,Login Issue
3721,2640,2023-07-12,2023-07-14,High,Login Issue
3722,2642,2025-09-26,2025-10-02,High,Onboarding
3723,2643,2025-01-07,2025-01-08,High,Login Issue
3724,2643,2023-01-26,2023-01-28,Low,Bug Report
3725,2647,2024-07-07,2024-07-10,Medium,Login Issue
3726,2649,2025-10-25,2025-10-28,High,Bug Report
3727,2649,2023-06-28,,Low,Billing
3728,2649,2025-01-09,2025-01-11,High,Onboarding
3729,2650,2025-09-02,2025-09-06,Low,Billing
3730,2653,2023-10-23,2023-11-02,Low,Billing
3731,2653,2024-06-02,2024-06-04,Low,Feature Request
3732,2653,2023-03-10,2023-03-11,High,Onboarding
3733,2653,2024-05-04,2024-05-07,Medium,Feature Request
3734,2654,2024-05-02,2024-05-10,Low,Login Issue
3735,2654,2023-07-06,2023-07-07,Low,Billing
3736,2655,2024-07-08,2024-07-16,Medium,Login Issue
3737,2655,2023-04-13,2023-04-18,Medium,Onboarding
3738,2655,2023-05-14,2023-05-18,Medium,Bug Report
3739,2656,2023-06-25,2023-06-28,Medium,Bug Report
3740,2659,2025-07-11,2025-07-14,Medium,Onboarding
3741,2660,2024-05-19,2024-05-25,Low,Bug Report
3742,2661,2023-07-24,2023-07-27,Low,Bug Report
3743,2661,2025-11-08,2025-11-13,Medium,Billing
3744,2661,2025-12-18,2025-12-19,Low,Feature Request
3745,2663,2024-09-21,2024-10-03,High,Login Issue
3746,2663,2023-07-27,2023-07-30,High,Bug Report
3747,2663,2025-04-06,2025-04-16,Medium,Feature Request
3748,2663,2024-10-10,2024-10-14,Medium,Bug Report
3749,2663,2023-10-21,2023-10-26,Medium,Feature Request
3750,2665,2023-02-18,2023-02-19,Low,Onboarding
3751,2665,2023-04-27,2023-04-28,High,Feature Request
3752,2666,2023-02-10,2023-02-11,Low,Feature Request
3753,2666,2024-03-26,2024-03-30,Urgent,Login Issue
3754,2666,2025-10-11,2025-10-12,Low,Feature Request
3755,2666,2025-09-29,2025-10-08,Medium,Onboarding
3756,2667,2024-12-31,2025-01-03,Urgent,Onboarding
3757,2669,2024-04-14,2024-04-17,Low,Onboarding
3758,2670,2023-10-12,2023-10-13,Low,Feature Request
3759,2671,2023-10-10,2023-10-18,Low,Login Issue
3760,2671,2024-07-10,2024-07-15,Low,Feature Request
3761,2671,2025-04-06,2025-04-07,Medium,Bug Report
3762,2671,2023-06-10,2023-06-11,Low,Login Issue
3763,2672,2024-07-05,2024-07-06,Medium,Onboarding
3764,2672,2025-02-20,2025-02-24,High,Billing
3765,2672,2023-04-17,2023-04-18,Low,Feature Request
3766,2673,2023-06-19,2023-06-22,Low,Onboarding
3767,2673,2023-12-27,2024-01-01,Medium,Login Issue
3768,2673,2025-06-22,2025-06-25,Medium,Login Issue
3769,2673,2024-11-04,2024-11-07,Medium,Billing
3770,2674,2023-07-08,2023-07-09,High,Onboarding
3771,2674,2025-05-29,2025-06-01,Low,Bug Report
3772,2675,2025-03-21,2025-03-22,Urgent,Billing
3773,2675,2025-09-16,2025-09-17,High,Login Issue
3774,2676,2024-07-11,2024-07-19,Urgent,Billing
3775,2676,2023-04-07,2023-04-18,High,Login Issue
3776,2677,2023-08-20,2023-08-21,Low,Feature Request
3777,2678,2025-10-27,2025-11-01,Medium,Bug Report
3778,2678,2023-06-25,2023-06-27,Low,Feature Request
3779,2680,2025-11-07,2025-11-10,Medium,Billing
3780,2681,2025-04-11,2025-04-14,Low,Login Issue
3781,2681,2023-08-16,2023-08-19,Medium,Bug Report
3782,2681,2023-10-31,2023-11-05,Low,Feature Request
3783,2682,2024-09-09,2024-09-10,Low,Billing
3784,2683,2023-01-01,2023-01-07,Low,Login Issue
3785,2684,2023-09-20,2023-09-22,Urgent,Login Issue
3786,2685,2025-02-01,2025-02-11,Low,Feature Request
3787,2685,2023-01-16,2023-01-17,Low,Onboarding
3788,2687,2025-06-10,2025-06-11,Medium,Login Issue
3789,2688,2024-02-23,2024-02-24,Low,Login Issue
3790,2688,2025-03-24,2025-03-29,Low,Billing
3791,2689,2023-11-17,2023-11-18,Medium,Onboarding
3792,2689,2023-08-11,2023-08-12,Medium,Onboarding
3793,2690,2024-09-14,2024-09-16,Low,Login Issue
3794,2690,2024-01-10,2024-01-15,Low,Onboarding
3795,2690,2023-10-06,2023-10-10,Low,Onboarding
3796,2693,2023-02-23,2023-03-04,Low,Feature Request
3797,2693,2023-10-07,2023-10-08,Medium,Onboarding
3798,2694,2023-01-29,2023-01-30,Low,Login Issue
3799,2694,2025-05-21,2025-05-23,High,Billing
3800,2694,2023-05-18,2023-05-20,Medium,Login Issue
3801,2694,2023-12-22,,High,Billing
3802,2696,2023-01-16,2023-01-19,Medium,Login Issue
3803,2696,2024-10-30,2024-11-03,Urgent,Login Issue
3804,2698,2025-01-19,2025-01-21,Medium,Feature Request
3805,2698,2025-09-05,2025-09-11,Low,Bug Report
3806,2698,2023-07-14,2023-07-17,High,Login Issue
3807,2700,2024-09-08,2024-09-11,Low,Login Issue
3808,2701,2024-01-04,2024-01-06,High,Billing
3809,2701,2023-06-07,2023-06-09,Medium,Login Issue
3810,2701,2023-12-20,2023-12-24,Low,Billing
3811,2701,2023-05-01,2023-05-02,High,Onboarding
3812,2702,2024-04-25,2024-05-07,Low,Login Issue
3813,2703,2025-12-25,2025-12-29,Low,Onboarding
3814,2703,2025-07-04,2025-07-09,Low,Onboarding
3815,2704,2023-06-28,2023-06-29,Medium,Bug Report
3816,2704,2025-12-13,2025-12-14,High,Login Issue
3817,2704,2024-06-04,2024-06-18,Low,Feature Request
3818,2705,2023-03-28,2023-03-29,Medium,Login Issue
3819,2705,2024-12-15,2024-12-16,High,Feature Request
3820,2706,2024-03-02,2024-03-11,Low,Billing
3821,2706,2024-04-02,2024-04-09,Medium,Login Issue
3822,2708,2025-02-19,2025-02-24,Medium,Onboarding
3823,2708,2024-01-09,2024-01-14,Urgent,Feature Request
3824,2708,2024-04-01,,High,Login Issue
3825,2713,2024-04-30,2024-05-05,Low,Bug Report
3826,2713,2023-11-18,2023-11-20,Low,Onboarding
3827,2714,2023-06-12,2023-06-14,Medium,Feature Request
3828,2714,2023-09-01,2023-09-04,Low,Billing
3829,2714,2025-12-01,2025-12-04,Medium,Login Issue
3830,2715,2024-03-14,2024-03-18,Medium,Bug Report
3831,2715,2025-02-06,2025-02-12,Medium,Feature Request
3832,2715,2024-03-19,2024-03-29,Urgent,Bug Report
3833,2715,2023-09-08,2023-09-11,Medium,Feature Request
3834,2715,2025-02-18,2025-02-22,Low,Bug Report
3835,2716,2024-06-28,2024-07-01,Low,Onboarding
3836,2717,2025-09-14,2025-09-15,High,Billing
3837,2718,2024-05-17,2024-05-25,Low,Bug Report
3838,2718,2023-12-22,2023-12-28,Medium,Bug Report
3839,2718,2025-01-16,2025-01-29,Low,Onboarding
3840,2718,2024-03-14,2024-03-16,Low,Billing
3841,2721,2023-06-16,2023-06-23,Low,Bug Report
3842,2722,2023-04-28,2023-05-04,Low,Login Issue
3843,2722,2024-02-06,2024-02-07,Medium,Login Issue
3844,2722,2024-05-21,2024-06-05,Low,Onboarding
3845,2722,2025-10-10,2025-10-11,Low,Feature Request
3846,2722,2024-09-21,2024-09-29,Low,Bug Report
3847,2723,2023-02-09,2023-02-12,High,Login Issue
3848,2723,2023-10-06,2023-10-10,Low,Billing
3849,2725,2024-05-28,2024-05-31,Low,Bug Report
3850,2725,2024-07-25,2024-07-26,Low,Login Issue
3851,2725,2024-01-28,2024-02-09,Medium,Login Issue
3852,2725,2025-09-20,2025-09-29,Medium,Feature Request
3853,2725,2023-04-05,2023-04-09,Low,Login Issue
3854,2727,2023-08-20,2023-08-23,Medium,Login Issue
3855,2727,2024-10-15,2024-10-17,Medium,Billing
3856,2727,2024-08-08,2024-08-09,Low,Feature Request
3857,2728,2025-07-11,2025-07-18,Medium,Feature Request
3858,2729,2024-05-25,2024-05-28,Medium,Onboarding
3859,2730,2025-01-23,2025-01-28,Medium,Bug Report
3860,2733,2023-10-26,2023-10-28,High,Feature Request
3861,2734,2024-05-29,2024-06-07,Low,Billing
3862,2735,2024-11-10,2024-11-26,Medium,Feature Request
3863,2735,2025-02-25,2025-03-02,High,Feature Request
3864,2735,2025-12-12,2025-12-20,Urgent,Billing
3865,2738,2023-01-22,2023-01-24,Low,Login Issue
3866,2738,2025-11-30,2025-12-15,Low,Feature Request
3867,2738,2025-05-16,2025-05-18,Medium,Feature Request
3868,2740,2025-06-21,2025-06-23,Low,Onboarding
3869,2742,2023-12-30,2024-01-10,High,Billing
3870,2742,2023-03-13,2023-03-15,Medium,Onboarding
3871,2742,2023-07-13,2023-07-15,Urgent,Onboarding
3872,2743,2023-01-20,,Low,Onboarding
3873,2743,2025-02-27,2025-03-07,Low,Feature Request
3874,2743,2023-06-10,2023-06-11,Low,Bug Report
3875,2745,2024-12-03,2024-12-05,Medium,Bug Report
3876,2747,2025-01-13,2025-01-15,Medium,Billing
3877,2747,2024-07-10,2024-07-20,Medium,Feature Request
3878,2749,2025-01-23,2025-01-25,Urgent,Onboarding
3879,2749,2023-09-25,2023-09-27,Medium,Feature Request
3880,2749,2025-01-04,2025-01-06,Low,Feature Request
3881,2751,2025-04-09,2025-04-18,Medium,Feature Request
3882,2752,2024-07-17,2024-07-18,Medium,Login Issue
3883,2753,2023-01-16,2023-01-17,Low,Onboarding
3884,2758,2023-10-09,2023-10-17,Low,Bug Report
3885,2758,2023-12-20,2023-12-21,Low,Billing
3886,2758,2024-09-20,2024-09-23,Medium,Login Issue
3887,2759,2024-11-22,2024-11-25,Low,Onboarding
3888,2760,2025-08-15,2025-08-16,Medium,Feature Request
3889,2762,2023-03-30,2023-04-03,High,Billing
3890,2762,2023-09-22,2023-09-27,Medium,Bug Report
3891,2765,2025-03-25,2025-03-26,Medium,Billing
3892,2766,2023-03-13,2023-03-17,Low,Bug Report
3893,2766,2025-04-26,2025-04-27,Low,Onboarding
3894,2766,2025-09-15,2025-09-21,High,Billing
3895,2767,2023-09-04,2023-09-08,Medium,Login Issue
3896,2768,2025-12-31,2026-01-03,Low,Login Issue
3897,2771,2023-08-23,2023-09-06,Medium,Bug Report
3898,2773,2025-12-01,2025-12-14,Medium,Feature Request
3899,2776,2025-08-05,2025-08-06,Low,Feature Request
3900,2776,2025-04-02,2025-04-04,Low,Feature Request
3901,2778,2024-07-25,2024-07-27,Medium,Bug Report
3902,2778,2024-12-07,2024-12-20,Low,Login Issue
3903,2780,2024-02-05,2024-02-06,Low,Onboarding
3904,2780,2023-09-20,2023-09-21,Medium,Bug Report
3905,2781,2025-02-24,2025-02-25,Low,Onboarding
3906,2781,2025-02-21,,Medium,Feature Request
3907,2781,2023-01-07,2023-01-10,Low,Bug Report
3908,2781,2025-07-17,2025-07-31,Urgent,Onboarding
3909,2783,2024-05-05,2024-05-12,Medium,Billing
3910,2783,2024-04-11,2024-04-12,Medium,Feature Request
3911,2783,2023-07-08,2023-07-10,Low,Login Issue
3912,2783,2024-10-10,2024-10-17,Low,Bug Report
3913,2783,2025-06-18,2025-06-24,Low,Feature Request
3914,2787,2025-09-03,2025-09-05,Low,Feature Request
3915,2787,2025-10-05,2025-10-09,Low,Billing
3916,2787,2023-12-20,2023-12-24,Medium,Bug Report
3917,2787,2024-02-15,2024-02-24,Medium,Login Issue
3918,2789,2024-01-03,2024-01-04,Low,Bug Report
3919,2789,2025-08-04,2025-08-06,Low,Onboarding
3920,2789,2024-08-27,2024-09-01,Medium,Onboarding
3921,2790,2023-04-10,2023-04-15,Low,Bug Report
3922,2790,2023-11-27,2023-11-29,Low,Onboarding
3923,2790,2023-12-06,2023-12-14,High,Feature Request
3924,2793,2024-06-26,2024-07-02,Low,Bug Report
3925,2794,2025-06-09,2025-06-13,Low,Billing
3926,2794,2024-10-23,2024-10-25,Urgent,Login Issue
3927,2795,2023-09-19,2023-09-21,Medium,Bug Report
3928,2795,2023-07-06,2023-07-11,Medium,Feature Request
3929,2795,2025-11-28,2025-12-12,Low,Onboarding
3930,2796,2025-10-15,2025-10-23,Low,Billing
3931,2796,2025-07-09,2025-07-10,Low,Billing
3932,2797,2024-05-25,2024-05-31,Medium,Billing
3933,2797,2023-02-01,2023-02-13,Medium,Bug Report
3934,2797,2024-12-14,2024-12-15,High,Feature Request
3935,2798,2024-09-08,2024-09-13,Medium,Feature Request
3936,2798,2023-08-23,2023-08-24,Low,Login Issue
3937,2799,2025-07-10,2025-07-11,Medium,Feature Request
3938,2799,2025-12-14,2025-12-29,High,Feature Request
3939,2800,2025-01-07,2025-01-08,Low,Feature Request
3940,2800,2025-07-17,2025-07-24,Medium,Onboarding
3941,2800,2025-01-05,2025-01-09,Medium,Onboarding
3942,2801,2024-09-07,2024-09-11,Medium,Feature Request
3943,2801,2023-08-25,2023-08-26,Medium,Onboarding
3944,2801,2024-02-16,2024-02-22,Medium,Login Issue
3945,2802,2023-09-06,,High,Billing
3946,2802,2024-03-10,2024-03-14,Low,Onboarding
3947,2803,2023-03-15,2023-03-18,Medium,Bug Report
3948,2804,2023-05-11,2023-05-12,Low,Feature Request
3949,2804,2023-03-24,2023-03-25,High,Feature Request
3950,2804,2024-03-02,2024-03-04,Medium,Feature Request
3951,2804,2024-04-19,2024-04-20,Medium,Billing
3952,2805,2024-08-26,,Medium,Feature Request
3953,2805,2024-04-07,2024-04-09,Medium,Billing
3954,2805,2024-08-31,2024-09-05,Medium,Feature Request
3955,2805,2023-04-24,2023-04-28,High,Feature Request
3956,2805,2025-07-13,2025-07-19,Urgent,Login Issue
3957,2806,2025-11-20,2025-11-28,Medium,Onboarding
3958,2808,2024-08-17,2024-08-26,Medium,Onboarding
3959,2808,2025-06-18,,Urgent,Login Issue
3960,2809,2024-04-08,2024-04-10,Urgent,Feature Request
3961,2810,2023-07-18,2023-07-21,Low,Bug Report
3962,2810,2024-12-25,2024-12-27,High,Login Issue
3963,2810,2025-06-18,2025-07-01,High,Billing
3964,2811,2023-09-02,2023-09-04,Low,Billing
3965,2811,2024-09-25,2024-09-27,High,Billing
3966,2812,2025-04-03,2025-04-07,Low,Onboarding
3967,2812,2024-02-20,2024-02-21,Medium,Onboarding
3968,2812,2025-05-25,2025-06-03,Medium,Feature Request
3969,2812,2023-04-30,2023-05-18,High,Bug Report
3970,2813,2025-01-09,2025-01-11,Medium,Login Issue
3971,2813,2024-02-01,2024-02-02,Medium,Bug Report
3972,2814,2024-10-09,2024-10-11,Low,Billing
3973,2814,2023-10-15,2023-10-18,Low,Billing
3974,2814,2023-11-12,2023-11-20,Low,Billing
3975,2815,2025-11-18,2025-12-02,Low,Feature Request
3976,2815,2024-07-18,2024-07-24,Low,Login Issue
3977,2815,2024-08-06,2024-08-17,Low,Feature Request
3978,2817,2025-06-11,2025-06-12,Low,Onboarding
3979,2819,2023-06-20,2023-07-01,Low,Onboarding
3980,2821,2023-06-07,2023-06-11,Low,Onboarding
3981,2821,2024-03-23,2024-03-26,Medium,Onboarding
3982,2821,2024-03-12,2024-03-15,Low,Bug Report
3983,2821,2025-06-08,2025-06-21,Medium,Bug Report
3984,2822,2025-01-28,2025-01-30,Low,Login Issue
3985,2822,2023-01-25,2023-01-26,Low,Onboarding
3986,2824,2023-11-01,2023-11-05,Low,Onboarding
3987,2824,2023-02-23,2023-02-24,Low,Billing
3988,2824,2023-03-04,2023-03-09,Low,Login Issue
3989,2825,2023-03-29,2023-03-30,Low,Feature Request
3990,2825,2025-09-12,2025-09-15,Urgent,Login Issue
3991,2827,2023-12-17,2023-12-24,Medium,Login Issue
3992,2827,2024-04-03,2024-04-06,Low,Bug Report
3993,2830,2024-02-06,2024-02-12,Low,Bug Report
3994,2830,2024-03-29,2024-04-03,Low,Onboarding
3995,2830,2023-02-25,2023-03-02,High,Onboarding
3996,2830,2024-07-19,2024-07-22,Medium,Login Issue
3997,2831,2023-11-21,2023-12-02,High,Login Issue
3998,2832,2023-03-17,2023-03-19,Low,Login Issue
3999,2832,2024-09-17,2024-09-19,High,Feature Request
4000,2832,2024-06-18,2024-06-23,Low,Feature Request
4001,2832,2024-06-03,2024-06-09,Low,Onboarding
4002,2833,2025-06-17,,Medium,Bug Report
4003,2833,2024-11-20,2024-11-27,Medium,Bug Report
4004,2834,2025-03-20,2025-03-28,Medium,Login Issue
4005,2835,2024-05-21,2024-05-22,Low,Bug Report
4006,2835,2025-08-18,2025-08-21,High,Feature Request
4007,2836,2025-11-09,2025-11-14,Low,Feature Request
4008,2836,2024-03-06,2024-03-08,Medium,Onboarding
4009,2839,2023-07-30,2023-08-04,Low,Bug Report
4010,2840,2024-04-20,2024-04-21,Medium,Feature Request
4011,2840,2023-06-26,2023-06-27,Medium,Feature Request
4012,2841,2025-10-30,2025-11-03,Low,Billing
4013,2841,2023-04-19,2023-04-20,Medium,Billing
4014,2842,2024-06-29,2024-07-02,Low,Onboarding
4015,2842,2024-03-06,2024-03-09,Medium,Bug Report
4016,2844,2024-09-17,2024-09-30,Medium,Feature Request
4017,2844,2023-06-09,2023-06-10,Low,Billing
4018,2844,2023-12-20,2023-12-23,Medium,Login Issue
4019,2844,2025-06-13,2025-06-20,High,Onboarding
4020,2848,2024-08-31,2024-09-01,Low,Feature Request
4021,2848,2025-10-27,2025-11-01,Low,Feature Request
4022,2848,2023-07-22,2023-08-04,Urgent,Bug Report
4023,2848,2024-05-05,2024-05-06,Low,Billing
4024,2850,2024-03-04,2024-03-07,High,Feature Request
4025,2850,2023-01-19,2023-01-27,Urgent,Onboarding
4026,2851,2023-01-06,2023-01-07,Medium,Bug Report
4027,2851,2024-03-09,2024-03-13,Medium,Onboarding
4028,2852,2025-09-16,2025-09-20,Medium,Login Issue
4029,2853,2024-02-22,2024-02-27,Medium,Onboarding
4030,2853,2024-04-15,2024-04-21,Medium,Bug Report
4031,2854,2023-07-11,2023-07-15,Urgent,Billing
4032,2855,2024-12-31,2025-01-06,Low,Billing
4033,2855,2024-07-03,2024-07-05,Low,Feature Request
4034,2855,2023-09-10,2023-09-19,Low,Login Issue
4035,2856,2023-03-10,2023-03-20,Low,Onboarding
4036,2856,2025-06-04,2025-06-06,Medium,Login Issue
4037,2857,2024-06-28,2024-07-17,Low,Billing
4038,2858,2024-01-31,2024-02-07,Medium,Feature Request
4039,2858,2025-10-23,2025-10-24,Medium,Billing
4040,2858,2023-06-12,2023-06-14,Medium,Login Issue
4041,2860,2024-09-20,2024-09-21,High,Onboarding
4042,2860,2025-02-28,2025-03-03,Urgent,Bug Report
4043,2860,2025-05-15,2025-05-20,Medium,Billing
4044,2862,2023-12-09,2023-12-11,Medium,Login Issue
4045,2862,2023-06-16,,Medium,Onboarding
4046,2862,2023-10-26,2023-11-08,Medium,Feature Request
4047,2862,2025-07-04,2025-07-05,High,Login Issue
4048,2863,2023-12-13,2023-12-28,Low,Billing
4049,2863,2023-05-23,2023-05-28,Low,Feature Request
4050,2863,2023-04-10,2023-04-11,High,Bug Report
4051,2864,2023-05-19,2023-05-27,Medium,Login Issue
4052,2866,2023-08-29,2023-09-07,Low,Onboarding
4053,2867,2025-10-15,2025-10-16,Medium,Feature Request
4054,2868,2023-09-09,2023-09-13,Low,Billing
4055,2868,2025-02-05,2025-02-14,High,Onboarding
4056,2868,2025-08-13,2025-08-19,Low,Feature Request
4057,2868,2023-09-08,2023-09-09,Low,Billing
4058,2869,2023-05-14,2023-05-15,Low,Feature Request
4059,2869,2023-05-17,2023-05-21,Low,Billing
4060,2871,2023-10-24,2023-10-27,Low,Login Issue
4061,2875,2024-07-04,2024-07-18,Medium,Bug Report
4062,2876,2024-06-26,2024-06-29,Low,Billing
4063,2876,2023-03-21,2023-03-22,Urgent,Login Issue
4064,2876,2023-05-21,2023-05-23,Low,Feature Request
4065,2876,2025-12-28,2025-12-29,High,Onboarding
4066,2877,2023-07-20,2023-07-23,Low,Bug Report
4067,2877,2023-01-07,2023-01-26,Low,Billing
4068,2878,2024-06-19,2024-06-24,Low,Login Issue
4069,2878,2024-02-13,2024-02-15,High,Billing
4070,2880,2025-05-06,2025-05-16,Low,Billing
4071,2880,2025-05-30,2025-06-01,Medium,Bug Report
4072,2885,2024-12-04,2024-12-07,Low,Onboarding
4073,2885,2023-06-14,2023-06-21,Urgent,Feature Request
4074,2886,2023-08-11,2023-08-16,Low,Feature Request
4075,2886,2023-09-09,,Medium,Bug Report
4076,2887,2024-10-21,2024-10-30,Medium,Login Issue
4077,2887,2024-09-16,2024-09-20,Low,Onboarding
4078,2890,2023-11-19,2023-12-07,Low,Billing
4079,2892,2025-04-06,2025-04-16,Urgent,Bug Report
4080,2892,2023-12-08,2023-12-11,Low,Bug Report
4081,2893,2025-01-26,2025-02-01,Urgent,Billing
4082,2893,2024-11-14,2024-11-20,Low,Feature Request
4083,2893,2023-08-28,2023-08-29,Medium,Billing
4084,2893,2023-02-13,2023-02-16,Low,Login Issue
4085,2894,2025-02-06,2025-02-09,Medium,Bug Report
4086,2894,2025-10-19,2025-10-21,Low,Billing
4087,2895,2023-01-17,2023-01-18,Low,Bug Report
4088,2895,2025-05-01,2025-05-05,Low,Feature Request
4089,2895,2025-12-28,2025-12-31,High,Billing
4090,2895,2023-03-26,2023-03-27,Low,Billing
4091,2896,2024-02-05,2024-02-22,Low,Onboarding
4092,2897,2024-04-27,2024-05-19,High,Onboarding
4093,2897,2024-05-24,2024-06-03,Low,Onboarding
4094,2897,2023-12-06,,Urgent,Bug Report
4095,2897,2025-07-14,2025-07-19,Low,Billing
4096,2898,2024-06-15,2024-06-22,Medium,Billing
4097,2898,2024-12-15,2024-12-16,Low,Login Issue
4098,2898,2024-01-15,2024-01-18,Low,Bug Report
4099,2898,2023-02-19,2023-02-25,Medium,Bug Report
4100,2898,2024-10-26,2024-10-28,Low,Billing
4101,2901,2025-12-02,2025-12-03,High,Bug Report
4102,2902,2025-12-12,2025-12-16,Low,Onboarding
4103,2902,2023-06-25,2023-06-28,Urgent,Bug Report
4104,2903,2023-03-17,2023-03-20,High,Feature Request
4105,2903,2024-02-11,2024-02-19,Medium,Onboarding
4106,2904,2025-06-12,2025-06-15,High,Bug Report
4107,2906,2024-03-23,2024-03-27,Medium,Login Issue
4108,2906,2023-06-04,2023-06-13,Urgent,Billing
4109,2906,2024-09-03,2024-09-08,Medium,Billing
4110,2907,2025-01-22,2025-01-28,Medium,Feature Request
4111,2907,2025-08-26,2025-08-31,Medium,Login Issue
4112,2907,2024-11-15,2024-11-17,Urgent,Bug Report
4113,2909,2025-10-24,2025-10-25,Low,Feature Request
4114,2911,2025-07-15,2025-07-17,Low,Feature Request
4115,2914,2025-06-26,2025-06-30,Low,Onboarding
4116,2914,2025-06-13,2025-06-14,Urgent,Bug Report
4117,2915,2025-08-20,2025-08-27,Medium,Bug Report
4118,2915,2025-10-29,2025-11-07,Low,Onboarding
4119,2915,2023-11-21,2023-11-22,Low,Feature Request
4120,2917,2023-09-10,2023-09-14,Low,Bug Report
4121,2917,2023-09-05,2023-09-17,Medium,Billing
4122,2918,2023-08-01,2023-08-04,Low,Feature Request
4123,2918,2025-09-12,2025-09-21,Medium,Login Issue
4124,2919,2023-01-29,2023-01-30,Medium,Login Issue
4125,2920,2024-05-13,2024-05-14,Medium,Feature Request
4126,2921,2025-05-06,2025-05-14,Low,Onboarding
4127,2921,2024-02-02,2024-02-05,Low,Billing
4128,2922,2023-01-25,2023-01-27,Medium,Bug Report
4129,2922,2024-08-11,2024-08-15,Urgent,Feature Request
4130,2922,2023-02-25,2023-03-03,Medium,Onboarding
4131,2922,2024-04-15,2024-04-18,Medium,Billing
4132,2923,2023-12-17,2023-12-19,Low,Bug Report
4133,2923,2024-06-14,2024-06-24,High,Feature Request
4134,2924,2024-09-24,2024-09-28,Low,Onboarding
4135,2924,2023-11-13,2023-11-17,High,Login Issue
4136,2924,2023-09-05,2023-09-09,Low,Onboarding
4137,2925,2024-12-13,2024-12-15,High,Billing
4138,2926,2024-01-05,2024-01-18,Medium,Billing
4139,2926,2023-04-15,2023-04-27,Medium,Bug Report
4140,2926,2024-12-09,2024-12-14,Urgent,Bug Report
4141,2927,2023-03-14,2023-03-17,High,Login Issue
4142,2928,2023-02-02,2023-02-04,Low,Bug Report
4143,2931,2025-03-10,2025-03-24,Urgent,Billing
4144,2932,2025-10-28,2025-10-30,Low,Onboarding
4145,2933,2024-10-19,2024-10-21,Low,Bug Report
4146,2934,2024-11-02,2024-11-14,Low,Bug Report
4147,2935,2024-05-09,2024-05-11,High,Onboarding
4148,2935,2025-10-12,2025-10-14,Medium,Bug Report
4149,2935,2023-11-04,2023-11-07,Low,Billing
4150,2936,2023-04-09,,High,Onboarding
4151,2937,2023-03-29,2023-03-30,Low,Onboarding
4152,2943,2024-11-12,2024-11-16,Low,Feature Request
4153,2943,2023-12-31,2024-01-04,Urgent,Login Issue
4154,2943,2023-09-12,2023-09-18,Urgent,Bug Report
4155,2944,2024-11-08,2024-11-10,Low,Billing
4156,2947,2023-10-18,2023-10-20,Low,Bug Report
4157,2947,2025-11-04,2025-11-06,Medium,Onboarding
4158,2948,2025-01-24,2025-01-27,Low,Billing
4159,2950,2025-11-24,2025-11-27,High,Login Issue
4160,2950,2023-03-14,2023-03-18,Medium,Bug Report
4161,2951,2023-02-27,2023-03-04,Medium,Onboarding
4162,2951,2023-05-01,2023-05-08,Low,Login Issue
4163,2952,2025-01-10,2025-01-13,High,Billing
4164,2952,2025-02-12,2025-02-16,Medium,Feature Request
4165,2952,2025-09-05,2025-09-07,Low,Login Issue
4166,2953,2023-07-04,2023-07-09,Medium,Billing
4167,2954,2023-04-25,2023-05-12,Medium,Bug Report
4168,2955,2023-04-29,2023-05-07,Medium,Onboarding
4169,2956,2024-02-01,2024-02-03,Medium,Bug Report
4170,2956,2024-06-28,2024-07-01,Urgent,Onboarding
4171,2956,2024-08-08,2024-08-09,Low,Onboarding
4172,2956,2025-02-09,2025-02-12,Low,Onboarding
4173,2956,2024-10-17,2024-10-20,Medium,Onboarding
4174,2959,2023-11-26,2023-11-29,Low,Billing
4175,2959,2023-06-12,2023-06-15,Medium,Feature Request
4176,2959,2024-06-08,2024-06-09,Medium,Bug Report
4177,2961,2024-03-14,2024-03-15,Medium,Login Issue
4178,2962,2023-10-05,2023-10-06,Medium,Bug Report
4179,2962,2025-06-15,2025-06-17,Medium,Login Issue
4180,2962,2025-08-16,2025-08-21,High,Feature Request
4181,2962,2024-10-01,2024-10-02,Medium,Billing
4182,2963,2023-05-14,2023-05-21,Low,Feature Request
4183,2963,2025-08-26,2025-08-29,Medium,Feature Request
4184,2963,2023-07-05,2023-07-06,Low,Billing
4185,2964,2023-04-03,2023-04-09,Medium,Onboarding
4186,2964,2024-09-11,2024-09-12,High,Billing
4187,2964,2023-05-18,2023-05-26,Medium,Login Issue
4188,2966,2025-11-22,2025-12-01,Low,Onboarding
4189,2966,2023-12-03,2023-12-08,Medium,Billing
4190,2966,2023-08-17,2023-08-25,Medium,Login Issue
4191,2966,2025-05-19,2025-05-21,Medium,Onboarding
4192,2966,2025-01-14,2025-01-24,High,Feature Request
4193,2967,2025-08-12,2025-08-13,High,Login Issue
4194,2968,2025-10-23,2025-10-26,High,Login Issue
4195,2968,2023-09-11,2023-09-13,High,Login Issue
4196,2968,2025-09-03,2025-09-11,Low,Feature Request
4197,2968,2025-01-24,2025-01-25,Medium,Onboarding
4198,2968,2024-05-23,2024-05-26,Medium,Onboarding
4199,2970,2025-05-07,2025-05-11,Medium,Login Issue
4200,2970,2024-02-29,2024-03-04,High,Feature Request
4201,2970,2025-02-14,2025-02-16,Low,Bug Report
4202,2975,2024-07-21,2024-08-03,Low,Feature Request
4203,2976,2025-06-14,2025-06-25,Medium,Billing
4204,2977,2025-03-16,2025-03-19,Low,Billing
4205,2980,2024-01-01,2024-01-10,Low,Billing
4206,2981,2023-01-20,2023-01-22,High,Billing
4207,2981,2023-07-16,2023-07-17,Low,Onboarding
4208,2981,2025-02-18,2025-02-19,High,Bug Report
4209,2981,2025-01-23,2025-01-29,High,Login Issue
4210,2982,2024-06-02,2024-06-04,Low,Onboarding
4211,2985,2025-01-13,2025-01-21,Low,Feature Request
4212,2985,2024-12-24,2025-01-03,Low,Login Issue
4213,2985,2023-04-08,2023-04-09,Low,Billing
4214,2987,2025-12-21,2025-12-22,Medium,Billing
4215,2987,2024-10-23,2024-10-26,High,Feature Request
4216,2989,2023-06-23,2023-06-24,Medium,Billing
4217,2990,2024-02-21,2024-02-23,Low,Bug Report
4218,2990,2023-04-13,2023-04-16,Medium,Billing
4219,2991,2023-07-29,2023-08-01,Low,Bug Report
4220,2992,2025-08-01,2025-08-06,Medium,Billing
4221,2992,2023-08-07,2023-08-08,Low,Feature Request
4222,2995,2023-05-16,2023-05-19,Low,Feature Request
4223,2996,2025-11-10,2025-11-13,Low,Bug Report
4224,2997,2024-05-30,2024-06-01,High,Onboarding
4225,2998,2025-06-12,2025-06-17,Urgent,Billing
4226,2999,2023-08-12,2023-08-14,High,Onboarding
4227,2999,2023-10-30,2023-11-02,High,Onboarding
4228,3001,2024-01-16,2024-01-17,High,Onboarding
4229,3001,2024-08-29,,Low,Bug Report
4230,3001,2023-09-06,2023-09-10,Low,Onboarding
4231,3002,2023-01-09,2023-01-10,Medium,Bug Report
4232,3002,2024-12-06,2024-12-17,Medium,Feature Request
4233,3002,2025-10-29,2025-11-13,High,Login Issue
4234,3005,2023-08-31,2023-09-01,Low,Billing
4235,3007,2025-04-15,2025-04-16,Medium,Login Issue
4236,3007,2023-05-19,2023-05-22,Low,Onboarding
4237,3009,2023-03-11,2023-03-13,High,Feature Request
4238,3009,2023-05-12,2023-05-14,Medium,Bug Report
4239,3009,2023-09-27,2023-10-02,Medium,Feature Request
4240,3012,2025-03-10,2025-03-16,High,Login Issue
4241,3014,2025-02-21,2025-02-24,Urgent,Onboarding
4242,3014,2024-01-13,2024-01-15,Low,Login Issue
4243,3014,2024-10-26,2024-11-05,Low,Login Issue
4244,3014,2023-07-23,2023-07-28,Urgent,Login Issue
4245,3015,2025-05-23,2025-05-28,Medium,Feature Request
4246,3015,2025-09-07,2025-09-11,High,Bug Report
4247,3015,2023-03-04,2023-03-13,Medium,Feature Request
4248,3016,2023-10-05,2023-10-06,High,Login Issue
4249,3016,2025-06-12,2025-06-16,Low,Bug Report
4250,3016,2025-01-13,2025-01-16,Low,Feature Request
4251,3016,2023-01-28,2023-01-31,Low,Billing
4252,3017,2024-04-03,2024-04-04,Medium,Onboarding
4253,3017,2024-02-11,2024-02-12,Medium,Login Issue
4254,3017,2023-06-11,2023-06-15,Low,Onboarding
4255,3019,2024-10-08,2024-10-10,Medium,Login Issue
4256,3019,2025-04-09,2025-04-21,Low,Bug Report
4257,3019,2023-09-18,2023-09-19,Low,Onboarding
4258,3022,2024-01-08,2024-01-12,High,Login Issue
4259,3022,2023-12-08,2023-12-11,Urgent,Bug Report
4260,3024,2024-02-11,2024-02-15,Low,Onboarding
4261,3028,2025-09-02,2025-09-05,Urgent,Login Issue
4262,3028,2024-02-05,2024-02-07,Medium,Login Issue
4263,3028,2025-06-14,2025-06-26,Low,Feature Request
4264,3030,2025-06-29,2025-06-30,Medium,Onboarding
4265,3032,2023-03-02,2023-03-03,High,Login Issue
4266,3032,2025-02-05,2025-02-17,Low,Bug Report
4267,3033,2025-05-31,2025-06-03,Low,Onboarding
4268,3034,2025-03-23,2025-03-26,Medium,Onboarding
4269,3034,2023-08-07,2023-08-09,Medium,Feature Request
4270,3034,2024-12-25,2024-12-28,Low,Bug Report
4271,3034,2025-07-01,2025-07-03,High,Onboarding
4272,3035,2023-09-13,2023-09-25,Low,Onboarding
4273,3035,2023-08-03,2023-08-04,High,Bug Report
4274,3035,2023-01-24,2023-01-26,Urgent,Bug Report
4275,3036,2025-08-02,2025-08-05,Low,Login Issue
4276,3040,2025-12-06,2025-12-15,Medium,Login Issue
4277,3041,2023-05-26,2023-05-27,Low,Billing
4278,3042,2024-07-19,2024-07-23,Medium,Feature Request
4279,3043,2024-05-19,2024-05-20,Medium,Login Issue
4280,3043,2024-11-14,2024-11-15,Medium,Bug Report
4281,3044,2023-01-20,2023-02-01,Medium,Feature Request
4282,3045,2024-08-08,2024-08-09,Medium,Feature Request
4283,3045,2023-04-06,2023-04-08,Low,Login Issue
4284,3045,2025-08-02,2025-08-14,Low,Login Issue
4285,3045,2025-02-08,2025-02-10,Medium,Login Issue
4286,3046,2025-11-02,2025-11-04,Medium,Onboarding
4287,3046,2023-02-01,2023-02-03,Low,Bug Report
4288,3046,2024-09-17,,Urgent,Feature Request
4289,3046,2023-01-17,2023-01-18,Medium,Billing
4290,3047,2024-08-07,2024-08-09,Low,Login Issue
4291,3047,2025-10-24,2025-10-25,Medium,Bug Report
4292,3049,2025-01-29,2025-01-31,Low,Bug Report
4293,3049,2024-05-08,2024-05-09,High,Billing
4294,3055,2024-10-12,2024-10-16,High,Login Issue
4295,3056,2024-09-23,2024-09-30,Low,Bug Report
4296,3057,2024-01-24,2024-01-25,Low,Bug Report
4297,3058,2024-07-22,2024-07-29,Low,Billing
4298,3058,2025-08-16,2025-08-17,Medium,Bug Report
4299,3060,2024-09-23,2024-09-26,Low,Bug Report
4300,3061,2024-05-04,2024-05-12,Medium,Feature Request
4301,3061,2024-03-09,2024-03-14,Low,Feature Request
4302,3062,2024-11-15,2024-11-18,High,Billing
4303,3062,2023-05-18,2023-05-23,Medium,Billing
4304,3063,2024-07-03,,Medium,Bug Report
4305,3063,2024-02-20,2024-02-21,Low,Bug Report
4306,3063,2024-11-13,2024-11-19,High,Onboarding
4307,3065,2024-10-31,2024-11-03,Medium,Login Issue
4308,3065,2024-10-30,2024-11-01,Low,Login Issue
4309,3065,2024-01-07,2024-01-08,Medium,Login Issue
4310,3065,2025-02-08,2025-02-10,Medium,Billing
4311,3065,2023-06-27,2023-06-29,Medium,Onboarding
4312,3066,2025-08-24,2025-08-25,Urgent,Onboarding
4313,3066,2023-06-28,2023-07-01,Medium,Billing
4314,3067,2023-03-30,2023-03-31,Medium,Onboarding
4315,3068,2025-05-23,2025-06-01,High,Billing
4316,3069,2024-08-10,2024-09-01,Low,Onboarding
4317,3070,2025-11-17,2025-11-18,Urgent,Login Issue
4318,3071,2023-05-12,2023-05-13,Medium,Billing
4319,3071,2023-08-16,2023-08-19,Low,Bug Report
4320,3071,2024-12-05,2024-12-21,Low,Billing
4321,3071,2023-03-26,2023-03-29,Medium,Login Issue
4322,3071,2024-12-30,,Low,Login Issue
4323,3072,2024-12-05,2024-12-18,Low,Onboarding
4324,3072,2023-05-08,2023-05-11,High,Feature Request
4325,3073,2023-01-22,2023-01-29,Low,Onboarding
4326,3073,2023-01-31,2023-02-03,Medium,Feature Request
4327,3074,2023-09-27,2023-10-02,Medium,Feature Request
4328,3074,2025-07-27,2025-08-07,Medium,Onboarding
4329,3074,2023-02-08,2023-02-13,Low,Login Issue
4330,3075,2023-07-15,2023-07-30,Medium,Feature Request
4331,3075,2023-04-27,2023-05-03,Urgent,Feature Request
4332,3075,2023-07-04,2023-07-05,Urgent,Bug Report
4333,3076,2023-06-20,2023-06-21,Low,Bug Report
4334,3078,2025-06-27,2025-06-28,Medium,Onboarding
4335,3078,2025-10-08,2025-10-09,Low,Billing
4336,3078,2024-09-18,2024-09-19,High,Billing
4337,3078,2024-12-30,2025-01-01,High,Billing
4338,3078,2023-07-16,2023-08-05,Medium,Bug Report
4339,3082,2024-01-15,2024-01-19,Low,Billing
4340,3082,2025-05-08,2025-05-14,Medium,Bug Report
4341,3084,2024-02-03,2024-02-06,Urgent,Feature Request
4342,3084,2025-10-19,2025-10-20,Medium,Bug Report
4343,3086,2025-11-22,2025-11-24,Low,Onboarding
4344,3087,2024-02-19,2024-02-21,Low,Feature Request
4345,3088,2024-07-14,2024-07-18,Low,Billing
4346,3089,2024-04-08,2024-04-11,Medium,Login Issue
4347,3090,2024-02-05,2024-02-13,Medium,Login Issue
4348,3090,2024-02-23,2024-02-24,Medium,Login Issue
4349,3090,2025-07-26,2025-07-30,Medium,Onboarding
4350,3091,2023-03-03,2023-03-04,Low,Feature Request
4351,3092,2023-12-12,2023-12-19,Low,Bug Report
4352,3092,2023-09-20,2023-09-24,Low,Onboarding
4353,3092,2023-02-07,2023-02-08,Low,Bug Report
4354,3093,2025-05-26,2025-06-02,Low,Billing
4355,3096,2023-07-21,2023-07-22,High,Bug Report
4356,3097,2025-06-24,2025-06-27,Low,Login Issue
4357,3097,2023-08-03,2023-08-12,Low,Feature Request
4358,3097,2025-06-11,2025-06-12,Low,Feature Request
4359,3097,2024-07-29,2024-07-31,Medium,Onboarding
4360,3100,2025-10-12,2025-10-14,Medium,Onboarding
4361,3100,2025-09-25,2025-09-29,Low,Onboarding
4362,3100,2023-05-03,2023-05-06,Low,Feature Request
4363,3100,2023-03-04,2023-03-12,Medium,Feature Request
4364,3101,2024-03-10,2024-03-20,Urgent,Billing
4365,3101,2024-10-14,2024-10-16,Low,Onboarding
4366,3101,2025-04-23,2025-05-03,Medium,Feature Request
4367,3102,2025-08-30,2025-09-01,Low,Onboarding
4368,3102,2023-01-04,2023-01-11,Medium,Feature Request
4369,3102,2024-01-09,2024-01-13,Medium,Billing
4370,3102,2025-07-19,,Low,Feature Request
4371,3102,2024-02-01,2024-02-05,High,Onboarding
4372,3103,2023-10-18,2023-10-25,High,Onboarding
4373,3103,2023-03-05,2023-03-09,Low,Login Issue
4374,3103,2025-06-04,2025-06-05,Low,Bug Report
4375,3103,2025-02-27,2025-03-06,Medium,Feature Request
4376,3104,2025-04-30,2025-05-05,Medium,Login Issue
4377,3104,2025-03-08,,High,Onboarding
4378,3104,2025-05-28,2025-05-29,Urgent,Billing
4379,3105,2023-06-10,2023-06-15,Medium,Bug Report
4380,3108,2023-07-13,2023-07-19,Medium,Feature Request
4381,3109,2025-01-31,2025-02-02,Medium,Login Issue
4382,3110,2025-03-30,,Medium,Onboarding
4383,3111,2025-09-27,,Medium,Feature Request
4384,3111,2024-07-29,2024-07-30,Low,Feature Request
4385,3112,2025-06-27,2025-07-02,High,Billing
4386,3112,2025-10-09,2025-10-10,Medium,Feature Request
4387,3112,2023-12-12,,High,Login Issue
4388,3113,2025-07-02,2025-07-04,Low,Login Issue
4389,3114,2025-05-14,2025-05-16,Medium,Billing
4390,3114,2024-12-21,2024-12-27,Medium,Billing
4391,3118,2023-09-07,2023-09-09,Low,Feature Request
4392,3118,2023-11-24,2023-12-01,Urgent,Feature Request
4393,3118,2023-06-04,2023-06-06,Medium,Billing
4394,3119,2024-01-28,2024-02-01,Low,Onboarding
4395,3120,2023-03-10,2023-03-15,Urgent,Billing
4396,3120,2023-12-16,2023-12-28,Medium,Login Issue
4397,3123,2023-04-13,2023-04-14,High,Onboarding
4398,3123,2023-05-07,2023-05-09,Medium,Onboarding
4399,3125,2023-12-31,2024-01-01,Medium,Billing
4400,3127,2024-07-13,2024-07-18,High,Feature Request
4401,3127,2024-07-11,2024-07-14,Medium,Billing
4402,3127,2023-10-20,2023-10-24,Low,Login Issue
4403,3129,2024-06-13,2024-06-14,Low,Login Issue
4404,3129,2023-06-23,2023-06-27,Urgent,Onboarding
4405,3129,2025-01-20,2025-01-22,Low,Feature Request
4406,3132,2023-02-02,2023-02-08,Low,Bug Report
4407,3133,2025-03-11,2025-03-13,High,Login Issue
4408,3133,2024-08-13,2024-08-14,Medium,Onboarding
4409,3134,2023-05-16,2023-05-17,High,Onboarding
4410,3134,2025-05-07,2025-05-09,Medium,Billing
4411,3136,2024-05-21,2024-05-23,Low,Onboarding
4412,3137,2023-04-12,2023-04-17,High,Bug Report
4413,3137,2023-11-27,,Medium,Feature Request
4414,3137,2023-08-31,2023-09-06,Low,Login Issue
4415,3138,2025-02-20,2025-02-24,High,Bug Report
4416,3138,2025-02-11,2025-02-13,Urgent,Login Issue
4417,3138,2023-12-04,2023-12-06,Low,Onboarding
4418,3138,2025-09-05,2025-09-07,Medium,Billing
4419,3139,2024-11-04,2024-11-06,Low,Feature Request
4420,3139,2024-04-01,2024-04-05,Medium,Onboarding
4421,3139,2024-04-27,2024-05-04,High,Login Issue
4422,3139,2025-02-02,2025-02-04,Medium,Login Issue
4423,3140,2025-10-06,2025-10-13,Low,Bug Report
4424,3142,2025-08-02,2025-08-03,Low,Bug Report
4425,3142,2025-02-01,2025-02-03,Medium,Login Issue
4426,3143,2023-04-14,2023-04-16,Low,Billing
4427,3144,2024-02-23,2024-02-24,Low,Login Issue
4428,3144,2024-01-03,2024-01-07,Urgent,Login Issue
4429,3145,2023-03-02,2023-03-03,Low,Billing
4430,3145,2024-01-27,2024-02-01,Low,Billing
4431,3146,2025-06-10,2025-06-15,Low,Billing
4432,3148,2023-12-06,2023-12-07,Medium,Bug Report
4433,3148,2025-05-19,2025-05-20,Urgent,Billing
4434,3148,2023-02-16,,Low,Login Issue
4435,3148,2023-07-25,2023-07-27,Medium,Billing
4436,3150,2023-10-12,2023-10-19,Urgent,Billing
4437,3150,2025-01-11,2025-01-15,Low,Onboarding
4438,3151,2025-08-31,2025-09-04,Low,Bug Report
4439,3152,2025-06-11,2025-06-14,Medium,Bug Report
4440,3152,2023-11-06,2023-11-10,Medium,Feature Request
4441,3152,2024-05-22,2024-06-04,Medium,Bug Report
4442,3153,2023-02-08,2023-02-16,Medium,Onboarding
4443,3153,2025-10-04,2025-10-05,Medium,Billing
4444,3153,2025-01-06,2025-01-08,Medium,Feature Request
4445,3153,2023-05-07,2023-05-13,High,Billing
4446,3157,2023-01-11,2023-01-25,Medium,Feature Request
4447,3158,2023-10-17,2023-10-18,Low,Onboarding
4448,3158,2023-05-23,2023-05-27,Low,Login Issue
4449,3160,2023-07-02,2023-07-12,Low,Billing
4450,3160,2024-05-14,2024-05-16,Low,Login Issue
4451,3161,2024-02-06,2024-02-08,Medium,Onboarding
4452,3161,2023-12-14,2023-12-15,Medium,Login Issue
4453,3161,2025-06-01,2025-06-03,Low,Billing
4454,3161,2023-07-07,2023-07-18,High,Login Issue
4455,3162,2023-04-16,2023-04-23,High,Login Issue
4456,3163,2024-11-24,2024-11-26,Medium,Onboarding
4457,3164,2025-06-10,2025-06-24,Low,Bug Report
4458,3168,2025-01-06,,Medium,Feature Request
4459,3168,2024-09-22,2024-10-12,High,Onboarding
4460,3170,2025-11-06,2025-11-09,Low,Login Issue
4461,3171,2025-10-06,2025-10-08,High,Onboarding
4462,3171,2024-05-24,2024-05-25,Medium,Bug Report
4463,3173,2024-04-20,2024-04-26,Low,Onboarding
4464,3173,2023-10-19,2023-10-23,Low,Login Issue
4465,3176,2023-08-25,2023-09-08,Low,Feature Request
4466,3176,2024-04-10,2024-04-22,High,Bug Report
4467,3176,2025-10-23,2025-10-31,Medium,Onboarding
4468,3177,2024-11-09,2024-11-11,Low,Feature Request
4469,3181,2023-05-27,2023-06-03,Low,Bug Report
4470,3182,2023-09-07,2023-09-13,Urgent,Onboarding
4471,3183,2024-06-21,2024-07-01,Low,Feature Request
4472,3183,2025-09-26,,Medium,Billing
4473,3183,2024-08-25,2024-08-27,Urgent,Onboarding
4474,3183,2023-09-27,2023-10-05,Urgent,Login Issue
4475,3184,2025-12-30,2026-01-03,Low,Bug Report
4476,3184,2023-08-18,2023-08-21,Medium,Feature Request
4477,3184,2023-04-24,2023-04-28,High,Login Issue
4478,3185,2023-12-05,2023-12-15,Medium,Onboarding
4479,3185,2023-04-10,2023-04-11,High,Billing
4480,3185,2024-02-05,2024-02-06,Low,Billing
4481,3186,2025-06-08,2025-06-09,Low,Bug Report
4482,3186,2025-04-25,2025-04-29,Medium,Onboarding
4483,3186,2023-05-23,2023-05-24,Medium,Bug Report
4484,3186,2025-03-04,2025-03-05,Medium,Billing
4485,3187,2025-01-28,2025-02-01,Low,Billing
4486,3187,2025-12-30,2026-01-01,Low,Bug Report
4487,3187,2023-02-27,2023-03-03,Urgent,Billing
4488,3188,2025-02-23,2025-02-27,Low,Bug Report
4489,3188,2023-02-20,2023-02-22,High,Billing
4490,3189,2023-04-27,2023-05-06,Low,Feature Request
4491,3189,2025-10-20,2025-10-24,Low,Feature Request
4492,3189,2024-06-23,2024-06-27,Urgent,Onboarding
4493,3189,2023-11-30,2023-12-09,Low,Login Issue
4494,3190,2025-03-13,2025-03-24,High,Login Issue
4495,3193,2025-06-08,2025-06-15,High,Feature Request
4496,3193,2023-12-04,2023-12-08,Medium,Onboarding
4497,3193,2025-08-29,2025-09-02,High,Onboarding
4498,3194,2024-03-25,2024-03-27,High,Billing
4499,3194,2024-03-02,2024-03-03,Medium,Onboarding
4500,3195,2025-07-29,2025-08-04,Low,Onboarding
4501,3195,2023-04-22,2023-04-30,Low,Feature Request
4502,3195,2024-04-30,2024-05-02,Low,Onboarding
4503,3195,2025-07-05,2025-07-14,High,Login Issue
4504,3196,2023-04-17,2023-04-23,Low,Login Issue
4505,3197,2025-09-13,2025-09-23,Low,Login Issue
4506,3198,2023-03-06,,High,Billing
4507,3200,2024-04-24,2024-04-25,Low,Bug Report
4508,3202,2023-04-26,,Low,Bug Report
4509,3203,2025-12-26,2025-12-31,Low,Billing
4510,3204,2025-11-09,2025-11-16,Low,Billing
4511,3205,2025-07-07,2025-07-16,Medium,Feature Request
4512,3205,2023-06-29,2023-07-05,Low,Login Issue
4513,3206,2023-01-25,2023-01-26,Low,Onboarding
4514,3206,2024-08-24,2024-08-25,Medium,Login Issue
4515,3207,2024-08-18,2024-08-23,Medium,Feature Request
4516,3208,2025-02-22,2025-02-24,Low,Onboarding
4517,3209,2024-07-24,2024-08-01,Medium,Billing
4518,3209,2023-04-02,2023-04-08,Low,Bug Report
4519,3211,2025-11-22,2025-12-05,Low,Onboarding
4520,3211,2023-11-25,2023-11-26,Low,Login Issue
4521,3211,2023-09-22,2023-10-11,Medium,Bug Report
4522,3211,2023-07-22,2023-07-25,Low,Onboarding
4523,3213,2024-09-04,2024-09-06,High,Onboarding
4524,3213,2025-01-19,2025-01-23,Medium,Bug Report
4525,3214,2024-08-24,2024-09-02,Low,Feature Request
4526,3214,2025-08-05,2025-08-18,Medium,Onboarding
4527,3215,2025-04-02,2025-04-06,Medium,Bug Report
4528,3216,2023-09-14,2023-09-17,High,Billing
4529,3216,2023-05-10,2023-05-12,Medium,Billing
4530,3216,2025-02-23,2025-02-26,Low,Feature Request
4531,3217,2024-06-26,2024-07-02,High,Feature Request
4532,3217,2024-09-08,2024-09-09,Medium,Onboarding
4533,3217,2024-06-09,2024-06-15,Low,Bug Report
4534,3217,2023-11-21,2023-11-22,Medium,Bug Report
4535,3219,2024-06-27,2024-07-03,Low,Feature Request
4536,3219,2024-02-15,2024-02-16,Low,Onboarding
4537,3221,2023-03-11,2023-03-12,Medium,Login Issue
4538,3221,2023-01-09,2023-01-14,Low,Bug Report
4539,3222,2025-10-12,2025-10-17,High,Bug Report
4540,3223,2023-05-16,2023-05-18,Low,Feature Request
4541,3223,2024-01-16,2024-01-19,Medium,Onboarding
4542,3225,2024-02-05,2024-02-12,Low,Billing
4543,3226,2023-10-27,2023-10-30,Low,Login Issue
4544,3228,2025-06-13,2025-06-15,Medium,Billing
4545,3232,2025-03-30,2025-04-01,Low,Bug Report
4546,3234,2025-02-06,,Low,Billing
4547,3234,2023-06-08,2023-06-14,Medium,Onboarding
4548,3234,2024-01-15,2024-01-18,High,Login Issue
4549,3234,2024-04-04,2024-04-07,Urgent,Onboarding
4550,3238,2023-01-09,2023-01-13,High,Login Issue
4551,3238,2023-07-07,2023-07-12,Low,Login Issue
4552,3239,2023-04-05,2023-04-07,Low,Bug Report
4553,3240,2025-11-02,2025-11-07,High,Feature Request
4554,3241,2023-05-16,2023-05-17,Low,Onboarding
4555,3241,2024-09-29,2024-10-06,High,Billing
4556,3241,2025-11-08,2025-11-10,Low,Feature Request
4557,3241,2025-06-03,2025-06-04,Low,Onboarding
4558,3241,2025-09-02,2025-09-19,High,Bug Report
4559,3243,2023-09-01,2023-09-10,Medium,Login Issue
4560,3243,2024-11-21,2024-11-26,High,Bug Report
4561,3243,2024-08-27,2024-08-31,Medium,Onboarding
4562,3243,2024-02-01,2024-02-03,High,Bug Report
4563,3244,2025-07-01,2025-07-06,Urgent,Login Issue
4564,3244,2023-09-11,2023-09-13,Low,Billing
4565,3244,2023-10-13,2023-10-16,Medium,Onboarding
4566,3246,2023-09-16,2023-09-20,Low,Onboarding
4567,3246,2025-08-21,2025-08-23,Medium,Bug Report
4568,3247,2025-01-09,2025-01-13,Low,Onboarding
4569,3248,2025-07-24,2025-07-26,Medium,Billing
4570,3249,2023-06-21,2023-06-22,Low,Feature Request
4571,3249,2025-05-02,2025-05-09,Medium,Login Issue
4572,3249,2024-03-24,2024-03-29,Low,Feature Request
4573,3251,2025-03-14,2025-03-16,Medium,Login Issue
4574,3251,2024-03-08,2024-03-14,Low,Bug Report
4575,3251,2023-06-06,2023-06-07,Low,Bug Report
4576,3252,2024-07-16,2024-07-22,Medium,Bug Report
4577,3252,2025-03-05,2025-03-06,Low,Login Issue
4578,3253,2023-04-26,2023-04-27,High,Feature Request
4579,3253,2024-03-05,2024-03-06,Medium,Billing
4580,3253,2025-12-04,2025-12-07,Low,Onboarding
4581,3253,2025-12-19,2025-12-20,Low,Onboarding
4582,3254,2024-01-22,2024-01-28,Low,Feature Request
4583,3255,2023-03-12,2023-03-26,Low,Onboarding
4584,3257,2025-12-22,2025-12-25,High,Login Issue
4585,3258,2023-04-02,2023-04-06,Low,Bug Report
4586,3258,2025-05-07,2025-05-09,Medium,Billing
4587,3259,2024-06-30,2024-07-03,High,Feature Request
4588,3259,2023-02-06,2023-02-10,Low,Billing
4589,3260,2023-06-18,2023-06-22,Medium,Onboarding
4590,3263,2024-05-01,2024-05-03,High,Feature Request
4591,3263,2025-02-24,2025-02-26,Low,Bug Report
4592,3263,2023-04-30,2023-05-04,Low,Onboarding
4593,3263,2024-01-10,2024-01-20,Medium,Feature Request
4594,3264,2025-09-04,2025-09-05,High,Bug Report
4595,3267,2023-08-29,2023-08-30,High,Onboarding
4596,3269,2023-05-31,2023-06-01,Medium,Login Issue
4597,3269,2025-07-01,2025-07-06,Medium,Login Issue
4598,3269,2023-11-29,2023-11-30,High,Login Issue
4599,3270,2023-10-14,2023-10-23,Medium,Bug Report
4600,3271,2024-03-29,2024-03-31,Medium,Feature Request
4601,3272,2025-01-26,2025-01-27,Medium,Login Issue
4602,3273,2023-03-08,2023-03-13,Medium,Login Issue
4603,3274,2025-12-29,2026-01-14,Low,Bug Report
4604,3274,2024-08-28,2024-09-03,Urgent,Login Issue
4605,3275,2023-07-26,2023-07-29,High,Bug Report
4606,3275,2025-04-29,2025-05-09,Low,Billing
4607,3275,2024-02-29,2024-03-02,Low,Login Issue
4608,3276,2023-09-09,2023-09-10,High,Login Issue
4609,3276,2025-01-08,2025-01-24,High,Billing
4610,3277,2023-10-26,2023-11-01,High,Onboarding
4611,3277,2025-12-04,2025-12-06,Medium,Billing
4612,3277,2025-11-14,2025-11-18,Low,Onboarding
4613,3278,2025-05-15,2025-05-20,Medium,Feature Request
4614,3280,2025-05-20,2025-05-23,Low,Billing
4615,3283,2024-10-10,2024-10-15,Medium,Onboarding
4616,3283,2025-05-25,2025-05-27,Low,Billing
4617,3283,2025-08-05,2025-08-08,Medium,Billing
4618,3284,2025-11-26,2025-12-18,Medium,Onboarding
4619,3285,2023-10-23,2023-11-08,Medium,Billing
4620,3285,2025-04-24,2025-04-25,High,Login Issue
4621,3285,2024-04-28,2024-05-02,Low,Billing
4622,3285,2023-10-22,2023-10-23,High,Onboarding
4623,3287,2024-04-13,2024-04-15,High,Feature Request
4624,3288,2024-03-17,2024-03-22,Medium,Feature Request
4625,3291,2023-06-13,2023-06-19,Medium,Onboarding
4626,3291,2025-03-17,2025-03-19,Low,Billing
4627,3291,2025-07-09,2025-07-13,Low,Feature Request
4628,3291,2025-10-19,2025-10-24,Low,Feature Request
4629,3294,2025-07-07,2025-07-10,Low,Billing
4630,3296,2025-09-25,2025-09-26,Low,Login Issue
4631,3297,2024-04-16,2024-04-17,Low,Login Issue
4632,3297,2024-07-30,2024-07-31,Medium,Onboarding
4633,3297,2025-08-28,2025-08-30,Low,Login Issue
4634,3297,2025-11-10,2025-11-13,Low,Billing
4635,3299,2024-09-29,,Low,Onboarding
4636,3299,2024-11-25,2024-11-29,Low,Feature Request
4637,3300,2023-06-19,2023-06-20,Urgent,Onboarding
4638,3302,2024-01-21,2024-02-09,Low,Billing
4639,3303,2024-08-27,2024-08-30,Low,Login Issue
4640,3304,2025-04-23,,High,Feature Request
4641,3304,2024-08-12,2024-08-18,Medium,Login Issue
4642,3304,2025-01-22,2025-01-23,Medium,Bug Report
4643,3305,2023-06-02,2023-06-03,Low,Billing
4644,3305,2023-02-26,2023-02-28,Medium,Onboarding
4645,3306,2023-06-27,2023-06-28,Low,Billing
4646,3306,2025-09-16,2025-09-19,Urgent,Login Issue
4647,3307,2025-10-06,2025-10-07,Medium,Login Issue
4648,3307,2024-08-03,2024-08-12,Medium,Billing
4649,3307,2023-10-19,2023-10-25,Low,Bug Report
4650,3307,2025-01-24,2025-02-02,Medium,Login Issue
4651,3308,2025-01-06,,Medium,Bug Report
4652,3308,2025-07-13,2025-07-21,Low,Feature Request
4653,3308,2025-06-29,2025-07-07,Low,Onboarding
4654,3308,2025-08-10,2025-08-11,Low,Bug Report
4655,3308,2025-01-17,2025-01-22,Low,Billing
4656,3309,2025-12-15,2025-12-24,Urgent,Onboarding
4657,3309,2025-02-06,2025-02-13,Low,Feature Request
4658,3309,2025-11-03,2025-11-08,Low,Feature Request
4659,3310,2024-02-04,2024-02-07,High,Login Issue
4660,3310,2025-09-28,2025-10-09,Medium,Bug Report
4661,3310,2024-06-21,2024-06-30,High,Feature Request
4662,3311,2024-08-16,2024-08-20,Low,Onboarding
4663,3312,2025-07-10,2025-07-11,Low,Bug Report
4664,3312,2025-08-16,2025-08-24,Medium,Billing
4665,3312,2024-09-20,2024-09-30,High,Login Issue
4666,3313,2025-05-15,2025-05-16,Medium,Login Issue
4667,3313,2025-12-18,2025-12-22,Low,Bug Report
4668,3313,2025-01-05,2025-01-06,High,Feature Request
4669,3313,2023-05-24,2023-05-27,High,Onboarding
4670,3314,2025-07-10,2025-07-12,Low,Bug Report
4671,3314,2025-09-21,2025-09-24,High,Feature Request
4672,3317,2024-02-28,2024-03-02,Low,Feature Request
4673,3318,2025-04-04,,Urgent,Bug Report
4674,3319,2025-07-09,2025-07-17,High,Login Issue
4675,3322,2023-07-09,2023-07-13,Low,Login Issue
4676,3322,2024-12-15,2024-12-17,Low,Onboarding
4677,3322,2025-10-04,2025-10-05,Low,Feature Request
4678,3324,2023-06-05,2023-06-07,Low,Onboarding
4679,3324,2023-03-04,2023-03-05,High,Onboarding
4680,3325,2025-04-11,2025-04-12,Medium,Bug Report
4681,3325,2024-08-16,2024-08-17,Medium,Feature Request
4682,3326,2023-02-11,2023-02-15,Medium,Onboarding
4683,3327,2023-08-27,2023-08-30,Low,Onboarding
4684,3327,2023-09-20,2023-09-21,Low,Login Issue
4685,3327,2024-09-09,2024-09-13,High,Bug Report
4686,3329,2023-08-18,2023-08-21,High,Onboarding
4687,3329,2025-08-31,2025-09-12,Low,Bug Report
4688,3329,2024-07-16,2024-07-20,Medium,Feature Request
4689,3330,2023-05-13,2023-05-18,High,Bug Report
4690,3335,2025-10-29,2025-11-03,Urgent,Bug Report
4691,3335,2025-04-16,,Low,Onboarding
4692,3336,2025-11-28,2025-12-07,High,Billing
4693,3336,2024-05-11,2024-05-15,Low,Billing
4694,3336,2023-06-09,2023-06-24,Medium,Billing
4695,3339,2023-08-27,2023-09-09,Low,Feature Request
4696,3340,2025-09-27,2025-10-01,Medium,Login Issue
4697,3340,2023-10-03,2023-10-04,High,Onboarding
4698,3340,2024-03-06,2024-03-11,Low,Bug Report
4699,3340,2023-08-25,2023-08-26,Low,Billing
4700,3340,2023-10-28,2023-11-02,Urgent,Billing
4701,3341,2025-06-07,2025-06-10,Low,Onboarding
4702,3341,2024-10-24,2024-10-28,Low,Onboarding
4703,3341,2025-09-06,2025-09-15,Low,Login Issue
4704,3341,2023-11-14,2023-11-19,Medium,Feature Request
4705,3341,2023-12-22,2023-12-25,Low,Login Issue
4706,3343,2023-04-10,2023-04-18,Low,Login Issue
4707,3343,2024-12-09,2024-12-11,Low,Feature Request
4708,3347,2023-07-26,2023-08-04,Medium,Feature Request
4709,3348,2024-02-02,2024-02-03,Low,Bug Report
4710,3348,2023-06-28,2023-07-08,Low,Billing
4711,3348,2025-09-07,2025-09-11,High,Login Issue
4712,3348,2025-05-24,2025-06-01,High,Bug Report
4713,3349,2023-06-05,2023-06-10,Medium,Feature Request
4714,3349,2025-11-11,2025-11-20,High,Login Issue
4715,3354,2024-07-29,2024-08-04,Low,Onboarding
4716,3355,2023-01-24,2023-01-25,Low,Onboarding
4717,3357,2025-02-10,2025-02-11,Medium,Billing
4718,3358,2024-09-24,2024-09-27,High,Login Issue
4719,3359,2023-11-22,2023-12-02,High,Login Issue
4720,3360,2023-01-13,2023-02-01,Medium,Feature Request
4721,3360,2024-02-02,,Medium,Login Issue
4722,3361,2024-06-05,2024-06-17,Low,Feature Request
4723,3361,2023-05-20,2023-05-22,Low,Login Issue
4724,3361,2023-01-27,2023-01-28,High,Login Issue
4725,3361,2024-03-12,2024-03-13,Low,Feature Request
4726,3362,2023-02-12,2023-02-13,Low,Bug Report
4727,3362,2023-07-02,2023-07-13,High,Bug Report
4728,3363,2023-02-23,2023-02-25,Medium,Login Issue
4729,3363,2024-03-18,,Low,Feature Request
4730,3364,2023-09-15,2023-09-18,Low,Bug Report
4731,3364,2024-07-19,2024-07-21,Medium,Feature Request
4732,3364,2023-01-01,2023-01-08,High,Billing
4733,3366,2023-06-04,2023-06-07,Medium,Bug Report
4734,3366,2023-04-09,2023-04-12,Low,Login Issue
4735,3366,2025-01-22,2025-01-31,Low,Billing
4736,3366,2024-07-27,2024-08-02,Medium,Onboarding
4737,3367,2025-11-27,2025-12-04,Medium,Billing
4738,3369,2023-06-12,2023-06-17,Low,Login Issue
4739,3373,2023-10-08,2023-10-09,Urgent,Bug Report
4740,3373,2024-09-15,2024-09-16,Medium,Billing
4741,3373,2024-07-26,2024-08-01,Medium,Onboarding
4742,3375,2024-03-23,2024-03-29,Medium,Billing
4743,3375,2024-07-29,2024-08-01,Urgent,Onboarding
4744,3376,2023-05-14,,Low,Feature Request
4745,3376,2024-09-23,2024-10-03,Urgent,Onboarding
4746,3376,2025-11-27,2025-11-29,Low,Feature Request
4747,3378,2023-07-17,2023-07-19,Low,Feature Request
4748,3378,2024-07-02,2024-07-08,Medium,Feature Request
4749,3379,2023-03-30,,Low,Billing
4750,3379,2023-03-19,2023-03-24,Medium,Bug Report
4751,3381,2023-04-08,2023-04-15,Medium,Bug Report
4752,3384,2025-03-27,2025-04-01,Low,Login Issue
4753,3384,2023-11-02,2023-11-04,Medium,Bug Report
4754,3384,2023-07-09,2023-07-14,Low,Onboarding
4755,3384,2023-11-23,2023-11-26,Low,Feature Request
4756,3386,2023-06-04,2023-06-07,Low,Billing
4757,3386,2025-12-06,2025-12-12,High,Onboarding
4758,3387,2023-03-08,2023-03-13,Low,Bug Report
4759,3388,2025-11-03,2025-11-05,Medium,Onboarding
4760,3389,2024-10-17,2024-10-19,Medium,Login Issue
4761,3389,2025-04-21,2025-04-30,High,Login Issue
4762,3389,2025-09-28,2025-10-06,Urgent,Feature Request
4763,3390,2024-10-06,2024-10-09,Low,Onboarding
4764,3391,2024-07-12,2024-07-21,Urgent,Login Issue
4765,3392,2024-12-08,,Low,Billing
4766,3393,2024-07-24,2024-08-01,Low,Login Issue
4767,3393,2023-02-14,2023-02-15,Low,Login Issue
4768,3393,2023-12-29,2024-01-04,High,Feature Request
4769,3396,2025-08-11,2025-08-14,Low,Bug Report
4770,3396,2024-08-31,2024-09-03,Medium,Feature Request
4771,3396,2024-09-14,2024-09-18,Medium,Feature Request
4772,3396,2024-04-21,2024-04-26,Medium,Onboarding
4773,3396,2024-09-25,2024-09-26,High,Billing
4774,3399,2025-12-20,2025-12-22,Low,Onboarding
4775,3399,2024-02-15,2024-02-21,Low,Feature Request
4776,3399,2023-10-23,2023-10-24,Medium,Bug Report
4777,3400,2024-04-08,2024-04-10,High,Bug Report
4778,3401,2024-12-21,2024-12-23,Low,Billing
4779,3401,2023-08-28,2023-08-31,Medium,Billing
4780,3402,2025-04-28,2025-05-15,Medium,Feature Request
4781,3405,2025-05-10,2025-05-16,Low,Feature Request
4782,3407,2024-09-12,2024-09-25,Low,Login Issue
4783,3410,2024-04-11,2024-04-13,High,Feature Request
4784,3410,2025-05-21,2025-05-26,High,Login Issue
4785,3410,2024-06-16,2024-06-22,Medium,Login Issue
4786,3410,2023-06-14,2023-06-28,Medium,Login Issue
4787,3411,2023-11-17,2023-12-10,Medium,Bug Report
4788,3411,2023-01-28,,High,Login Issue
4789,3412,2024-01-22,2024-01-24,Low,Billing
4790,3413,2024-12-19,2024-12-25,Medium,Onboarding
4791,3413,2024-09-25,2024-09-27,Low,Billing
4792,3414,2024-10-21,2024-10-22,Low,Login Issue
4793,3414,2025-02-17,2025-02-21,Low,Onboarding
4794,3414,2025-01-25,2025-01-30,Medium,Bug Report
4795,3415,2023-01-10,2023-01-13,Low,Onboarding
4796,3415,2025-07-01,2025-07-28,Low,Login Issue
4797,3418,2023-07-05,2023-07-07,High,Bug Report
4798,3418,2023-12-15,2023-12-17,Low,Onboarding
4799,3419,2023-04-08,2023-04-14,High,Bug Report
4800,3419,2023-01-16,2023-01-17,Medium,Feature Request
4801,3419,2024-06-15,2024-06-18,Low,Feature Request
4802,3419,2025-09-27,,Low,Onboarding
4803,3420,2025-02-15,2025-02-16,Urgent,Login Issue
4804,3421,2024-07-12,2024-07-14,Medium,Login Issue
4805,3421,2025-10-02,2025-10-06,Low,Billing
4806,3425,2023-11-23,2023-11-27,Medium,Login Issue
4807,3425,2025-08-10,2025-08-29,Medium,Bug Report
4808,3425,2023-10-11,2023-10-12,Low,Onboarding
4809,3426,2024-03-29,2024-04-05,Low,Feature Request
4810,3426,2023-07-07,2023-07-16,Urgent,Feature Request
4811,3426,2024-07-30,2024-07-31,Low,Onboarding
4812,3428,2025-03-04,2025-03-05,Low,Billing
4813,3428,2023-02-03,2023-02-04,Low,Feature Request
4814,3429,2024-12-03,2024-12-04,Low,Feature Request
4815,3429,2025-06-19,2025-06-29,Low,Billing
4816,3430,2025-09-13,2025-09-14,Low,Onboarding
4817,3430,2024-06-12,2024-06-15,High,Billing
4818,3432,2024-05-16,2024-06-06,Medium,Feature Request
4819,3434,2023-05-22,2023-05-24,Low,Login Issue
4820,3434,2025-07-16,2025-07-18,Medium,Login Issue
4821,3434,2024-09-11,2024-09-21,High,Feature Request
4822,3435,2025-08-11,,Medium,Feature Request
4823,3437,2023-07-08,2023-07-14,High,Bug Report
4824,3439,2025-06-26,2025-06-29,Low,Onboarding
4825,3440,2023-12-20,2023-12-23,Medium,Onboarding
4826,3440,2024-05-26,2024-06-04,Urgent,Billing
4827,3441,2024-06-12,2024-06-22,Low,Bug Report
4828,3442,2023-02-26,2023-02-28,Medium,Billing
4829,3442,2023-10-08,2023-10-12,Medium,Onboarding
4830,3442,2025-03-20,2025-04-02,Medium,Feature Request
4831,3443,2025-12-26,2026-01-06,Low,Feature Request
4832,3443,2024-04-21,2024-04-30,High,Onboarding
4833,3443,2023-04-21,2023-04-30,Medium,Login Issue
4834,3445,2023-05-12,2023-05-24,Low,Feature Request
4835,3445,2023-09-06,2023-09-15,Low,Bug Report
4836,3448,2024-06-26,2024-06-30,Medium,Feature Request
4837,3448,2024-02-20,2024-03-01,High,Billing
4838,3448,2025-03-22,2025-03-25,Low,Login Issue
4839,3448,2024-12-26,2024-12-27,Low,Bug Report
4840,3448,2023-10-02,2023-10-04,Low,Login Issue
4841,3450,2023-11-03,2023-11-05,Medium,Feature Request
4842,3450,2023-08-07,2023-08-08,Low,Feature Request
4843,3450,2024-05-08,2024-05-13,Medium,Billing
4844,3453,2023-07-09,2023-07-10,Medium,Onboarding
4845,3453,2025-01-20,2025-01-21,High,Onboarding
4846,3453,2023-12-29,2023-12-31,Medium,Onboarding
4847,3453,2023-07-03,2023-07-05,Low,Bug Report
4848,3455,2023-12-19,2023-12-23,Medium,Billing
4849,3455,2025-07-26,2025-07-27,Medium,Onboarding
4850,3455,2023-04-26,2023-04-29,Low,Feature Request
4851,3455,2023-02-18,2023-02-23,Low,Feature Request
4852,3458,2025-01-02,2025-01-03,Medium,Login Issue
4853,3458,2023-06-07,2023-06-08,Low,Feature Request
4854,3460,2023-01-31,2023-02-10,Medium,Bug Report
4855,3460,2025-04-26,2025-05-03,Low,Bug Report
4856,3462,2023-09-22,2023-09-24,Medium,Feature Request
4857,3462,2023-10-22,2023-10-30,High,Login Issue
4858,3462,2023-03-14,2023-03-23,Low,Login Issue
4859,3463,2024-11-11,2024-11-12,Low,Login Issue
4860,3463,2025-02-23,2025-03-01,Low,Billing
4861,3463,2023-01-26,2023-01-29,Medium,Bug Report
4862,3465,2025-10-11,2025-10-17,Medium,Feature Request
4863,3466,2023-10-10,2023-10-15,Urgent,Onboarding
4864,3467,2025-11-04,2025-11-07,High,Billing
4865,3467,2024-04-04,2024-04-05,High,Bug Report
4866,3468,2025-05-19,2025-05-24,Low,Login Issue
4867,3468,2025-06-25,2025-06-29,Medium,Onboarding
4868,3468,2025-01-31,2025-02-03,Urgent,Bug Report
4869,3468,2024-12-25,2024-12-30,Medium,Feature Request
4870,3469,2023-12-13,2023-12-17,Low,Login Issue
4871,3470,2025-05-27,2025-05-29,Medium,Bug Report
4872,3470,2023-09-02,2023-09-09,Low,Login Issue
4873,3471,2024-11-26,2024-12-02,Medium,Feature Request
4874,3471,2023-03-29,2023-04-02,Medium,Onboarding
4875,3471,2025-08-28,2025-08-31,High,Billing
4876,3472,2023-08-19,2023-08-24,Low,Bug Report
4877,3472,2023-03-14,2023-03-18,Low,Bug Report
4878,3473,2025-10-15,2025-10-16,Low,Login Issue
4879,3473,2024-11-01,,Medium,Onboarding
4880,3473,2023-04-08,2023-04-10,Medium,Billing
4881,3474,2025-01-15,2025-01-17,Medium,Bug Report
4882,3474,2025-12-04,2025-12-12,Medium,Bug Report
4883,3475,2023-12-28,2023-12-29,Low,Onboarding
4884,3475,2023-04-17,2023-04-22,Urgent,Billing
4885,3476,2023-04-11,2023-04-12,Low,Billing
4886,3476,2025-03-10,2025-03-12,Low,Onboarding
4887,3480,2024-12-26,2024-12-29,High,Onboarding
4888,3480,2024-07-18,2024-07-24,High,Onboarding
4889,3480,2025-11-30,2025-12-09,Low,Onboarding
4890,3481,2024-01-21,2024-01-26,High,Billing
4891,3482,2024-12-04,2024-12-14,High,Login Issue
4892,3486,2023-05-16,2023-05-18,Medium,Login Issue
4893,3486,2025-07-27,2025-08-02,Low,Feature Request
4894,3487,2023-01-15,2023-01-19,Low,Bug Report
4895,3489,2024-11-24,2024-11-30,Medium,Login Issue
4896,3489,2023-08-15,2023-08-20,Urgent,Feature Request
4897,3489,2024-03-03,2024-03-05,Urgent,Billing
4898,3490,2024-02-18,2024-02-22,Medium,Billing
4899,3491,2023-12-07,2023-12-23,Medium,Login Issue
4900,3491,2025-03-14,2025-03-19,Low,Feature Request
4901,3492,2023-05-03,2023-05-08,Medium,Billing
4902,3493,2024-02-27,2024-02-29,Low,Feature Request
4903,3493,2025-04-22,2025-04-26,Low,Billing
4904,3494,2023-10-16,2023-10-18,Medium,Bug Report
4905,3495,2024-09-13,2024-09-19,Medium,Billing
4906,3495,2025-06-02,2025-06-08,Low,Onboarding
4907,3496,2024-07-17,2024-07-24,Low,Billing
4908,3497,2025-04-07,2025-04-08,Low,Onboarding
4909,3497,2023-08-02,,Medium,Login Issue
4910,3497,2024-04-22,2024-04-23,High,Billing
4911,3499,2025-08-08,2025-08-09,Medium,Login Issue
4912,3499,2023-10-12,2023-10-19,High,Login Issue
4913,3500,2025-08-05,2025-08-14,Medium,Login Issue
4914,3500,2025-06-19,2025-06-27,High,Feature Request
4915,3500,2024-08-18,2024-08-19,Low,Bug Report
4916,3502,2025-01-18,2025-01-19,Medium,Login Issue
4917,3503,2023-05-14,2023-05-20,High,Bug Report
4918,3503,2025-12-25,2026-01-03,Medium,Billing
4919,3504,2024-11-07,2024-11-08,Urgent,Login Issue
4920,3504,2024-07-10,2024-07-16,Medium,Bug Report
4921,3504,2023-01-01,2023-01-05,Low,Bug Report
4922,3506,2024-10-22,2024-10-25,Low,Bug Report
4923,3506,2023-06-27,2023-07-03,Low,Login Issue
4924,3506,2025-10-09,2025-10-17,Low,Billing
4925,3507,2023-11-09,2023-11-15,Low,Bug Report
4926,3508,2024-06-12,2024-06-16,Medium,Bug Report
4927,3508,2024-08-11,2024-08-12,Medium,Billing
4928,3508,2023-03-15,2023-03-16,Low,Bug Report
4929,3509,2023-07-07,2023-07-09,Urgent,Feature Request
4930,3509,2025-05-07,2025-05-09,Low,Onboarding
4931,3510,2024-05-13,2024-05-16,Urgent,Onboarding
4932,3510,2025-07-07,,High,Onboarding
4933,3510,2023-04-11,2023-04-14,Low,Login Issue
4934,3510,2025-01-13,2025-02-04,Medium,Onboarding
4935,3511,2024-07-09,2024-07-12,High,Billing
4936,3511,2024-01-07,2024-01-09,Low,Feature Request
4937,3512,2025-04-18,2025-04-21,Low,Onboarding
4938,3512,2023-09-02,2023-09-08,Medium,Onboarding
4939,3514,2023-01-20,2023-01-29,Medium,Billing
4940,3515,2023-01-30,2023-02-01,Urgent,Login Issue
4941,3515,2023-08-17,2023-08-23,Low,Onboarding
4942,3518,2025-10-04,2025-10-05,Low,Login Issue
4943,3518,2024-02-20,2024-02-24,High,Onboarding
4944,3518,2023-12-13,2023-12-21,Medium,Feature Request
4945,3521,2025-12-03,2025-12-04,Medium,Onboarding
4946,3522,2023-10-03,2023-10-07,Medium,Feature Request
4947,3522,2025-11-02,2025-11-15,High,Billing
4948,3523,2024-04-23,2024-04-24,High,Feature Request
4949,3523,2024-08-10,2024-08-19,Low,Login Issue
4950,3523,2024-10-27,2024-11-02,Low,Bug Report
4951,3524,2025-10-01,2025-10-03,High,Feature Request
4952,3526,2025-07-23,2025-07-30,Low,Login Issue
4953,3531,2023-08-05,,Low,Bug Report
4954,3531,2025-02-05,2025-02-11,Medium,Billing
4955,3532,2024-01-08,2024-01-16,Low,Login Issue
4956,3533,2024-04-25,2024-04-27,Low,Bug Report
4957,3533,2025-02-17,2025-02-27,High,Billing
4958,3533,2025-03-26,2025-03-27,Low,Onboarding
4959,3534,2024-03-16,2024-03-18,High,Feature Request
4960,3535,2023-01-12,2023-01-14,Medium,Bug Report
4961,3536,2024-10-23,2024-10-28,High,Login Issue
4962,3536,2025-04-30,2025-05-01,Medium,Bug Report
4963,3537,2025-04-23,2025-04-25,Low,Feature Request
4964,3537,2024-09-21,2024-09-24,Low,Bug Report
4965,3538,2023-11-16,2023-11-18,Medium,Onboarding
4966,3540,2024-07-28,2024-08-10,Medium,Billing
4967,3542,2025-10-13,,Low,Feature Request
4968,3542,2024-12-07,2024-12-08,Medium,Feature Request
4969,3543,2025-08-06,2025-08-09,Urgent,Bug Report
4970,3543,2023-03-13,2023-03-14,Medium,Billing
4971,3544,2025-10-31,2025-11-03,High,Feature Request
4972,3544,2024-03-23,2024-03-24,Low,Billing
4973,3549,2025-02-15,2025-02-26,Low,Billing
4974,3549,2023-04-15,2023-04-17,High,Onboarding
4975,3551,2024-04-18,2024-04-20,Low,Login Issue
4976,3551,2024-10-11,2024-10-14,High,Bug Report
4977,3551,2025-03-11,2025-03-13,High,Feature Request
4978,3551,2023-03-14,2023-03-16,Low,Login Issue
4979,3551,2024-08-30,2024-09-07,Low,Billing
4980,3552,2023-09-17,2023-09-26,Medium,Login Issue
4981,3552,2025-03-13,2025-03-14,Medium,Login Issue
4982,3552,2025-09-24,,High,Feature Request
4983,3553,2025-11-16,2025-11-19,Low,Login Issue
4984,3553,2024-08-13,2024-09-04,Medium,Login Issue
4985,3553,2024-12-17,2024-12-29,Low,Onboarding
4986,3555,2024-09-19,2024-09-25,Low,Login Issue
4987,3555,2025-01-07,,Low,Onboarding
4988,3555,2023-01-18,2023-01-27,Low,Feature Request
4989,3555,2023-03-19,2023-03-23,Low,Feature Request
4990,3555,2024-08-22,2024-08-23,High,Login Issue
4991,3559,2023-05-27,2023-05-29,Low,Bug Report
4992,3559,2025-03-03,2025-03-13,Medium,Login Issue
4993,3560,2023-03-18,2023-04-03,Medium,Onboarding
4994,3560,2024-09-18,2024-09-26,Low,Bug Report
4995,3561,2023-08-12,2023-08-14,Low,Billing
4996,3561,2025-06-05,2025-06-14,Low,Feature Request
4997,3562,2023-04-07,2023-04-08,Urgent,Billing
4998,3562,2024-02-05,2024-02-11,Medium,Bug Report
4999,3565,2024-02-07,2024-02-19,Medium,Billing
5000,3566,2025-07-13,2025-07-15,Low,Login Issue
5001,3566,2025-06-05,,Low,Onboarding
5002,3567,2023-10-31,2023-11-07,Low,Billing
5003,3567,2024-07-27,2024-07-29,High,Login Issue
5004,3567,2025-03-20,2025-03-21,Low,Login Issue
5005,3568,2025-02-05,2025-02-06,Urgent,Login Issue
5006,3568,2025-09-14,2025-09-15,Low,Bug Report
5007,3569,2024-07-07,2024-07-19,High,Bug Report
5008,3570,2024-04-24,2024-04-29,Low,Billing
5009,3570,2025-11-15,2025-11-18,Low,Feature Request
5010,3570,2025-12-04,2025-12-10,Urgent,Feature Request
5011,3570,2023-07-10,2023-07-15,Medium,Onboarding
5012,3572,2023-04-30,2023-05-07,Low,Feature Request
5013,3572,2024-04-16,2024-04-18,High,Onboarding
5014,3573,2025-03-19,,Low,Feature Request
5015,3573,2025-06-07,2025-06-08,Low,Login Issue
5016,3575,2025-01-20,2025-01-22,Medium,Bug Report
5017,3576,2023-11-01,2023-11-11,Low,Bug Report
5018,3576,2023-03-18,2023-03-20,Low,Login Issue
5019,3577,2024-06-23,2024-07-03,High,Billing
5020,3579,2023-07-20,2023-07-23,Low,Feature Request
5021,3579,2024-07-03,2024-07-05,Medium,Login Issue
5022,3579,2025-09-17,2025-09-20,Medium,Billing
5023,3579,2024-02-11,2024-02-12,Urgent,Feature Request
5024,3581,2023-11-08,2023-11-10,Urgent,Onboarding
5025,3582,2025-04-21,2025-04-22,Low,Login Issue
5026,3583,2023-08-12,2023-08-20,Medium,Login Issue
5027,3583,2025-07-19,2025-07-28,Low,Login Issue
5028,3583,2025-08-07,2025-08-14,Medium,Feature Request
5029,3584,2023-02-25,2023-02-26,Low,Bug Report
5030,3584,2023-08-07,2023-08-08,Low,Login Issue
5031,3585,2024-07-03,2024-07-06,Medium,Bug Report
5032,3585,2025-10-09,2025-10-12,Medium,Onboarding
5033,3586,2024-11-13,2024-11-27,Medium,Bug Report
5034,3586,2025-06-25,2025-07-01,Medium,Billing
5035,3586,2024-01-13,2024-01-17,Low,Billing
5036,3586,2023-10-16,2023-10-20,Low,Bug Report
5037,3588,2023-05-01,2023-05-06,High,Onboarding
5038,3589,2025-09-23,2025-09-28,Low,Bug Report
5039,3589,2024-04-30,2024-05-18,High,Login Issue
5040,3590,2023-03-10,2023-03-27,Low,Billing
5041,3590,2024-04-30,2024-05-09,Urgent,Bug Report
5042,3590,2024-06-07,2024-06-13,Low,Billing
5043,3590,2024-08-05,,Low,Feature Request
5044,3590,2024-01-28,2024-01-29,Low,Onboarding
5045,3591,2025-12-04,2025-12-25,Medium,Login Issue
5046,3591,2025-03-04,2025-03-11,Low,Login Issue
5047,3591,2024-11-04,2024-11-10,Medium,Onboarding
5048,3591,2024-08-18,2024-08-22,High,Feature Request
5049,3592,2024-03-08,2024-03-09,Low,Login Issue
5050,3592,2024-12-03,2024-12-04,Low,Bug Report
5051,3592,2023-09-25,2023-09-29,Medium,Onboarding
5052,3594,2023-02-10,2023-02-13,High,Onboarding
5053,3595,2023-03-20,2023-03-25,High,Billing
5054,3595,2023-04-02,2023-04-10,High,Bug Report
5055,3596,2023-04-10,2023-04-11,Medium,Billing
5056,3598,2025-12-06,2025-12-10,Medium,Onboarding
5057,3599,2025-11-11,2025-11-14,Medium,Onboarding
5058,3600,2025-07-13,2025-07-14,Low,Feature Request
5059,3600,2024-12-21,2024-12-23,Urgent,Login Issue
5060,3600,2024-07-10,2024-07-21,Medium,Bug Report
5061,3601,2025-02-01,2025-02-07,High,Onboarding
5062,3601,2025-08-25,2025-09-04,Medium,Bug Report
5063,3601,2024-03-29,2024-03-31,Urgent,Login Issue
5064,3602,2023-10-04,2023-10-06,Low,Bug Report
5065,3603,2023-03-22,2023-03-24,Medium,Login Issue
5066,3604,2023-03-16,2023-03-19,Medium,Login Issue
5067,3604,2024-03-20,2024-03-25,Low,Onboarding
5068,3605,2023-10-14,2023-10-20,High,Bug Report
5069,3606,2023-01-01,2023-01-02,Low,Onboarding
5070,3606,2025-06-29,2025-07-01,High,Login Issue
5071,3606,2023-07-31,2023-08-02,Low,Onboarding
5072,3606,2025-03-13,2025-03-14,Low,Billing
5073,3606,2025-08-15,2025-08-21,Medium,Feature Request
5074,3609,2023-06-12,2023-06-13,Medium,Login Issue
5075,3609,2024-03-08,2024-03-11,Medium,Bug Report
5076,3609,2025-07-22,2025-08-05,Low,Feature Request
5077,3609,2025-09-02,2025-09-07,Medium,Feature Request
5078,3609,2023-10-23,2023-10-27,Low,Onboarding
5079,3610,2025-07-19,2025-07-20,Medium,Bug Report
5080,3610,2025-10-12,2025-10-13,Medium,Feature Request
5081,3612,2023-04-19,2023-04-24,Medium,Onboarding
5082,3613,2025-05-19,2025-05-21,Low,Login Issue
5083,3613,2024-02-13,2024-02-15,Medium,Login Issue
5084,3613,2025-09-09,2025-09-11,Low,Billing
5085,3613,2024-08-20,2024-08-25,Low,Onboarding
5086,3615,2025-10-23,2025-10-24,Low,Login Issue
5087,3615,2025-03-25,,Low,Bug Report
5088,3615,2023-02-06,2023-02-19,Low,Login Issue
5089,3618,2024-10-14,2024-10-19,Medium,Login Issue
5090,3619,2023-11-13,2023-11-26,Low,Billing
5091,3619,2025-01-19,2025-01-21,High,Onboarding
5092,3619,2023-11-08,2023-11-09,Low,Onboarding
5093,3620,2025-11-27,2025-11-28,Medium,Billing
5094,3623,2025-07-06,2025-07-10,Medium,Billing
5095,3623,2024-03-09,2024-03-10,Medium,Login Issue
5096,3623,2024-10-03,2024-10-04,Medium,Onboarding
5097,3624,2023-03-03,2023-03-12,High,Feature Request
5098,3625,2024-09-11,2024-09-13,High,Billing
5099,3625,2024-01-02,2024-01-07,Low,Billing
5100,3625,2025-10-17,2025-10-28,Medium,Onboarding
5101,3625,2023-12-19,2023-12-21,Low,Login Issue
5102,3626,2024-04-06,2024-04-09,Medium,Bug Report
5103,3626,2025-05-07,2025-05-12,Medium,Bug Report
5104,3628,2023-01-19,2023-01-20,High,Feature Request
5105,3628,2025-09-05,2025-09-09,Medium,Billing
5106,3629,2024-12-07,2024-12-24,High,Billing
5107,3630,2024-05-01,2024-05-16,Medium,Billing
5108,3630,2025-07-18,2025-07-23,High,Login Issue
5109,3631,2025-03-03,2025-03-06,Low,Bug Report
5110,3631,2023-11-27,2023-11-29,Urgent,Billing
5111,3632,2023-03-26,2023-04-03,Low,Onboarding
5112,3632,2024-07-30,2024-08-04,Medium,Billing
5113,3632,2023-01-06,2023-01-13,Low,Bug Report
5114,3632,2024-07-23,2024-08-01,Low,Login Issue
5115,3633,2024-04-28,2024-05-12,Low,Billing
5116,3633,2023-03-09,2023-03-10,Medium,Onboarding
5117,3633,2023-02-18,2023-02-21,High,Login Issue
5118,3635,2023-04-12,2023-04-16,Medium,Onboarding
5119,3636,2025-10-26,2025-10-27,Medium,Login Issue
5120,3636,2025-11-26,2025-11-27,Urgent,Bug Report
5121,3636,2025-03-17,2025-03-18,Low,Feature Request
5122,3636,2023-05-29,2023-06-03,High,Billing
5123,3638,2023-11-24,2023-11-28,Low,Feature Request
5124,3639,2024-12-25,2024-12-28,Low,Login Issue
5125,3639,2024-12-17,2024-12-18,Low,Login Issue
5126,3639,2025-07-17,2025-07-19,Medium,Billing
5127,3642,2024-01-28,2024-02-02,Medium,Billing
5128,3643,2025-06-09,2025-06-12,Urgent,Onboarding
5129,3643,2024-04-19,2024-05-04,High,Billing
5130,3645,2023-07-23,2023-07-28,High,Login Issue
5131,3645,2024-11-14,2024-11-17,Low,Onboarding
5132,3645,2023-10-22,2023-10-23,High,Bug Report
5133,3646,2024-03-29,2024-04-03,Medium,Feature Request
5134,3649,2025-02-02,2025-02-06,Low,Feature Request
5135,3649,2024-10-22,,Low,Bug Report
5136,3649,2025-07-07,2025-07-09,High,Billing
5137,3649,2023-06-14,2023-06-17,Medium,Billing
5138,3649,2025-04-11,2025-04-22,Low,Bug Report
5139,3650,2023-12-27,2023-12-28,High,Login Issue
5140,3650,2023-01-23,2023-01-24,Medium,Bug Report
5141,3650,2023-09-14,2023-09-15,Medium,Bug Report
5142,3652,2024-05-16,2024-05-18,High,Feature Request
5143,3653,2023-12-27,2024-01-04,Medium,Bug Report
5144,3653,2025-02-17,2025-02-19,High,Login Issue
5145,3653,2023-08-01,,Medium,Billing
5146,3653,2024-02-06,2024-02-10,Medium,Login Issue
5147,3654,2024-12-27,2024-12-28,Medium,Billing
5148,3654,2023-02-22,2023-02-23,Low,Feature Request
5149,3654,2023-04-28,2023-05-03,Medium,Onboarding
5150,3656,2024-05-21,,Medium,Bug Report
5151,3656,2023-04-08,2023-04-19,Medium,Feature Request
5152,3658,2024-01-02,2024-01-09,Medium,Onboarding
5153,3658,2024-02-03,2024-02-10,Medium,Onboarding
5154,3660,2024-06-13,2024-06-14,Medium,Onboarding
5155,3662,2025-06-08,2025-06-10,Medium,Onboarding
5156,3663,2025-07-16,2025-07-19,Medium,Bug Report
5157,3664,2023-01-05,2023-01-07,Low,Login Issue
5158,3664,2023-03-22,2023-03-24,Low,Billing
5159,3667,2024-10-03,2024-10-04,High,Feature Request
5160,3668,2024-04-08,2024-04-09,Low,Login Issue
5161,3668,2023-01-29,2023-01-31,Medium,Bug Report
5162,3669,2023-12-18,2023-12-28,Medium,Billing
5163,3671,2025-02-24,2025-03-05,Low,Feature Request
5164,3671,2023-01-27,2023-01-31,Medium,Onboarding
5165,3672,2025-04-22,2025-04-27,Medium,Billing
5166,3672,2025-02-21,2025-02-23,Low,Billing
5167,3676,2025-11-27,2025-11-28,Low,Billing
5168,3678,2023-04-22,2023-04-23,High,Onboarding
5169,3679,2025-04-13,,Medium,Login Issue
5170,3681,2024-02-08,2024-02-11,Low,Billing
5171,3682,2023-12-25,2023-12-28,Low,Onboarding
5172,3682,2023-08-26,2023-08-30,High,Billing
5173,3684,2023-10-11,2023-10-14,Low,Feature Request
5174,3686,2024-04-20,2024-04-25,Low,Billing
5175,3687,2024-04-17,,Low,Billing
5176,3687,2025-05-09,2025-05-18,Low,Login Issue
5177,3687,2023-09-29,2023-10-01,Low,Login Issue
5178,3688,2024-05-09,2024-05-13,Medium,Onboarding
5179,3688,2024-09-27,,Medium,Login Issue
5180,3689,2023-11-15,2023-11-19,Medium,Feature Request
5181,3689,2025-03-08,2025-03-13,Low,Bug Report
5182,3689,2023-05-12,2023-05-19,Low,Onboarding
5183,3689,2023-03-13,2023-03-14,Low,Onboarding
5184,3691,2025-12-15,2025-12-16,High,Bug Report
5185,3692,2025-05-21,2025-05-31,Urgent,Billing
5186,3692,2024-07-31,2024-08-12,Medium,Billing
5187,3692,2023-07-22,2023-07-24,Urgent,Billing
5188,3694,2025-07-02,2025-07-03,Low,Login Issue
5189,3695,2023-12-03,2023-12-10,Medium,Billing
5190,3695,2025-07-05,,Medium,Bug Report
5191,3695,2023-07-30,2023-08-04,Urgent,Bug Report
5192,3697,2024-08-05,2024-08-06,Medium,Onboarding
5193,3698,2023-09-03,2023-09-05,Low,Billing
5194,3699,2023-11-17,2023-11-20,High,Onboarding
5195,3699,2025-05-21,2025-05-23,Low,Login Issue
5196,3699,2023-01-01,2023-01-05,Medium,Bug Report
5197,3699,2023-09-23,2023-10-01,Medium,Onboarding
5198,3701,2024-04-13,2024-04-17,Medium,Onboarding
5199,3702,2025-04-17,2025-04-21,Low,Billing
5200,3702,2023-03-07,2023-03-10,Medium,Login Issue
5201,3703,2023-03-03,2023-03-16,Low,Bug Report
5202,3703,2023-07-19,2023-07-20,High,Feature Request
5203,3704,2023-09-13,2023-09-14,Low,Login Issue
5204,3705,2025-02-20,2025-02-23,Low,Billing
5205,3705,2024-09-21,2024-09-29,Medium,Login Issue
5206,3706,2024-01-09,2024-01-20,Low,Login Issue
5207,3707,2024-02-19,2024-03-02,Low,Billing
5208,3707,2023-04-28,2023-04-30,Low,Billing
5209,3707,2023-10-02,2023-10-05,High,Billing
5210,3707,2025-12-12,2025-12-17,Medium,Bug Report
5211,3708,2025-05-29,2025-06-06,Low,Bug Report
5212,3708,2023-12-07,2023-12-12,Medium,Login Issue
5213,3709,2023-04-17,2023-04-27,Urgent,Feature Request
5214,3710,2024-08-01,2024-08-02,Low,Feature Request
5215,3710,2023-02-26,2023-03-02,High,Bug Report
5216,3710,2024-04-22,2024-04-25,Medium,Billing
5217,3710,2025-11-26,2025-12-04,Low,Onboarding
5218,3711,2023-05-30,2023-05-31,Medium,Login Issue
5219,3711,2025-07-27,2025-07-31,High,Bug Report
5220,3711,2024-11-26,2024-12-01,Low,Onboarding
5221,3711,2023-01-11,2023-01-12,Medium,Billing
5222,3712,2023-09-07,2023-09-13,Low,Billing
5223,3712,2024-03-26,2024-03-30,High,Onboarding
5224,3712,2023-03-12,2023-03-13,Medium,Onboarding
5225,3713,2024-04-07,2024-04-17,High,Feature Request
5226,3713,2024-10-28,2024-11-05,Low,Bug Report
5227,3714,2025-05-27,2025-05-28,Medium,Feature Request
5228,3714,2024-07-12,2024-07-13,Medium,Bug Report
5229,3714,2023-09-08,2023-09-10,Medium,Onboarding
5230,3717,2025-12-27,,Medium,Onboarding
5231,3717,2024-05-10,2024-05-14,Low,Login Issue
5232,3717,2025-07-31,2025-08-01,Low,Onboarding
5233,3718,2025-02-07,2025-02-08,Medium,Onboarding
5234,3718,2024-09-12,2024-09-23,Medium,Bug Report
5235,3718,2024-01-09,2024-01-15,High,Feature Request
5236,3718,2023-12-02,2023-12-03,Low,Login Issue
5237,3720,2024-07-10,2024-07-19,Medium,Bug Report
5238,3720,2024-07-30,2024-08-01,Low,Onboarding
5239,3720,2025-06-14,2025-06-16,Medium,Feature Request
5240,3720,2023-11-06,2023-11-11,Urgent,Login Issue
5241,3722,2023-07-06,2023-07-11,Low,Onboarding
5242,3723,2024-05-07,2024-05-10,Medium,Bug Report
5243,3723,2025-05-28,2025-05-29,High,Onboarding
5244,3724,2025-07-03,2025-07-05,Low,Bug Report
5245,3724,2024-11-29,2024-12-02,High,Feature Request
5246,3727,2024-05-30,2024-06-09,Low,Billing
5247,3728,2025-01-20,2025-01-22,Low,Onboarding
5248,3728,2023-05-08,2023-05-15,Medium,Bug Report
5249,3728,2023-12-08,2023-12-09,Medium,Onboarding
5250,3729,2023-08-30,2023-09-01,Medium,Login Issue
5251,3731,2025-11-22,2025-11-24,Medium,Onboarding
5252,3732,2023-01-03,2023-01-11,Low,Billing
5253,3732,2025-01-30,2025-01-31,Low,Feature Request
5254,3734,2024-01-19,2024-01-29,Urgent,Bug Report
5255,3737,2023-06-24,2023-06-27,Medium,Billing
5256,3737,2023-06-16,2023-06-23,Medium,Login Issue
5257,3737,2025-06-13,,Medium,Bug Report
5258,3737,2023-05-12,2023-05-14,Medium,Bug Report
5259,3738,2023-11-16,2023-11-17,Low,Bug Report
5260,3738,2025-10-24,2025-10-28,Medium,Login Issue
5261,3738,2025-09-30,2025-10-01,High,Billing
5262,3741,2025-06-20,2025-06-25,Low,Onboarding
5263,3741,2024-11-28,2024-11-29,Low,Feature Request
5264,3742,2025-06-21,2025-06-22,Medium,Onboarding
5265,3742,2024-12-26,2025-01-08,Medium,Onboarding
5266,3742,2024-12-16,2024-12-22,Medium,Billing
5267,3744,2025-05-27,2025-05-28,High,Bug Report
5268,3744,2025-02-09,2025-02-11,Low,Login Issue
5269,3744,2023-09-21,2023-09-22,High,Login Issue
5270,3746,2024-09-20,2024-09-23,Low,Feature Request
5271,3747,2024-02-18,2024-03-01,Low,Billing
5272,3747,2024-10-13,2024-10-15,Low,Login Issue
5273,3747,2025-08-27,2025-09-02,Low,Login Issue
5274,3747,2024-04-22,2024-04-23,High,Feature Request
5275,3748,2024-03-28,2024-03-30,Low,Bug Report
5276,3748,2023-07-15,2023-07-17,Medium,Billing
5277,3749,2025-03-01,2025-03-02,High,Login Issue
5278,3749,2024-08-01,2024-08-03,Medium,Billing
5279,3750,2023-09-14,2023-09-21,Low,Onboarding
5280,3750,2025-04-10,2025-04-14,Medium,Onboarding
5281,3750,2023-12-22,2023-12-28,Low,Billing
5282,3750,2025-06-24,2025-06-27,Low,Login Issue
5283,3751,2024-12-14,2024-12-16,Medium,Bug Report
5284,3751,2023-09-10,2023-09-17,Low,Bug Report
5285,3751,2025-04-04,2025-04-09,Low,Feature Request
5286,3751,2025-12-16,2025-12-19,Medium,Login Issue
5287,3752,2023-01-16,2023-01-23,High,Billing
5288,3754,2024-07-25,2024-07-26,Medium,Billing
5289,3754,2023-05-04,2023-05-05,Medium,Feature Request
5290,3754,2025-03-22,2025-03-27,Medium,Onboarding
5291,3754,2024-10-01,2024-10-04,Low,Login Issue
5292,3755,2023-07-24,2023-08-03,Low,Onboarding
5293,3757,2025-06-06,,Low,Feature Request
5294,3757,2024-07-27,2024-07-28,Low,Onboarding
5295,3757,2023-05-28,2023-06-04,Low,Bug Report
5296,3758,2024-12-10,2024-12-14,High,Onboarding
5297,3758,2023-12-02,2023-12-07,High,Onboarding
5298,3758,2023-12-02,2023-12-15,High,Onboarding
5299,3759,2025-10-02,2025-10-14,Medium,Login Issue
5300,3760,2023-06-04,2023-06-06,High,Login Issue
5301,3760,2023-05-10,2023-05-12,High,Billing
5302,3760,2025-09-19,2025-09-21,Low,Billing
5303,3760,2024-09-22,2024-09-26,High,Billing
5304,3761,2024-04-25,2024-04-28,High,Bug Report
5305,3761,2024-10-06,2024-10-12,Low,Login Issue
5306,3763,2024-11-05,2024-11-09,Medium,Bug Report
5307,3763,2025-10-03,,High,Login Issue
5308,3764,2024-10-30,2024-10-31,Medium,Bug Report
5309,3764,2024-05-08,2024-05-11,Low,Onboarding
5310,3766,2023-04-19,2023-04-22,High,Billing
5311,3766,2025-02-13,2025-02-15,Medium,Billing
5312,3768,2023-08-23,2023-08-30,Low,Billing
5313,3769,2024-06-21,2024-06-29,Low,Bug Report
5314,3769,2025-07-20,2025-07-23,High,Feature Request
5315,3769,2025-09-08,2025-09-13,Medium,Onboarding
5316,3769,2025-06-14,2025-06-15,High,Billing
5317,3769,2025-02-16,2025-02-20,Low,Onboarding
5318,3770,2024-04-13,,Urgent,Onboarding
5319,3770,2023-01-12,2023-01-16,Medium,Billing
5320,3773,2024-04-10,2024-04-11,High,Billing
5321,3773,2023-07-22,2023-07-25,Low,Feature Request
5322,3774,2024-01-03,2024-01-06,Urgent,Bug Report
5323,3774,2025-10-15,,Medium,Onboarding
5324,3774,2024-11-11,2024-11-27,Medium,Login Issue
5325,3774,2024-06-25,2024-06-28,Low,Login Issue
5326,3774,2025-04-28,2025-04-29,Medium,Login Issue
5327,3775,2025-02-11,2025-02-13,Medium,Login Issue
5328,3776,2025-09-26,2025-09-28,Urgent,Login Issue
5329,3777,2025-03-14,2025-03-16,Low,Onboarding
5330,3777,2024-10-28,2024-11-03,Low,Feature Request
5331,3779,2024-06-10,2024-06-11,Medium,Feature Request
5332,3781,2024-01-22,2024-01-25,Medium,Login Issue
5333,3781,2024-12-08,2024-12-19,Medium,Onboarding
5334,3781,2024-02-20,2024-02-26,Medium,Bug Report
5335,3782,2023-12-15,2023-12-17,High,Billing
5336,3783,2023-05-23,2023-05-24,Medium,Login Issue
5337,3783,2023-10-01,2023-10-07,High,Bug Report
5338,3784,2025-10-19,2025-10-20,Low,Bug Report
5339,3784,2025-11-03,2025-11-04,High,Onboarding
5340,3785,2023-08-06,2023-08-07,Medium,Login Issue
5341,3785,2024-10-10,,Medium,Login Issue
5342,3785,2023-12-28,2023-12-29,Low,Login Issue
5343,3785,2025-01-20,,Medium,Login Issue
5344,3786,2023-07-26,2023-07-27,Low,Onboarding
5345,3786,2025-07-24,2025-07-28,Low,Feature Request
5346,3786,2025-04-12,2025-04-13,Urgent,Login Issue
5347,3789,2024-04-07,2024-04-09,Low,Bug Report
5348,3789,2023-01-21,2023-01-24,Low,Bug Report
5349,3789,2024-07-27,2024-07-28,Medium,Feature Request
5350,3789,2025-10-06,2025-10-09,High,Onboarding
5351,3790,2025-01-14,2025-01-15,High,Bug Report
5352,3791,2024-07-01,2024-07-05,Urgent,Onboarding
5353,3791,2024-01-24,2024-01-26,High,Billing
5354,3791,2025-07-27,2025-08-03,Low,Bug Report
5355,3791,2024-08-29,2024-09-03,High,Login Issue
5356,3791,2023-09-19,2023-09-23,Medium,Login Issue
5357,3792,2024-12-21,2024-12-26,High,Feature Request
5358,3792,2023-01-02,2023-01-30,Low,Bug Report
5359,3793,2024-12-07,2024-12-10,Low,Login Issue
5360,3793,2025-10-30,2025-11-01,Medium,Onboarding
5361,3794,2023-08-19,,Low,Onboarding
5362,3795,2025-12-15,2025-12-16,Medium,Feature Request
5363,3798,2025-11-25,2025-11-26,High,Login Issue
5364,3798,2025-07-01,2025-07-05,High,Login Issue
5365,3799,2023-06-22,2023-06-28,High,Bug Report
5366,3799,2024-09-02,2024-09-08,Medium,Login Issue
5367,3799,2024-02-29,2024-03-05,Medium,Bug Report
5368,3799,2023-11-16,2023-11-22,Low,Bug Report
5369,3800,2023-10-22,2023-10-24,Low,Onboarding
5370,3800,2025-07-14,2025-07-20,Low,Onboarding
5371,3800,2024-09-19,2024-09-21,Medium,Onboarding
5372,3800,2023-09-14,2023-09-16,Medium,Billing
5373,3802,2025-10-08,2025-10-09,Medium,Feature Request
5374,3802,2024-01-21,2024-01-30,Low,Billing
5375,3803,2023-11-25,2023-11-30,Medium,Onboarding
5376,3804,2024-01-01,,Urgent,Billing
5377,3807,2023-09-02,,Low,Billing
5378,3807,2024-02-20,2024-02-29,High,Onboarding
5379,3807,2024-08-19,2024-08-23,Medium,Bug Report
5380,3809,2023-01-01,2023-01-08,High,Bug Report
5381,3809,2025-11-17,2025-11-20,Low,Onboarding
5382,3809,2025-06-04,2025-06-05,High,Login Issue
5383,3810,2025-12-27,2025-12-30,Low,Feature Request
5384,3810,2023-09-12,2023-09-18,Medium,Billing
5385,3810,2025-02-23,2025-03-09,Urgent,Billing
5386,3812,2025-06-04,2025-06-08,High,Billing
5387,3812,2023-04-24,2023-04-29,High,Bug Report
5388,3812,2024-03-21,2024-03-31,High,Feature Request
5389,3813,2023-07-31,2023-08-06,Low,Onboarding
5390,3815,2023-11-15,2023-11-23,Medium,Onboarding
5391,3815,2023-09-16,2023-09-22,Urgent,Billing
5392,3816,2024-02-18,2024-02-22,Low,Onboarding
5393,3817,2025-11-10,2025-11-15,Urgent,Feature Request
5394,3818,2023-06-22,2023-06-23,Medium,Bug Report
5395,3821,2024-01-26,2024-01-27,Medium,Feature Request
5396,3821,2023-06-07,2023-06-09,Medium,Feature Request
5397,3821,2023-11-29,2023-11-30,Medium,Onboarding
5398,3822,2024-01-26,2024-01-29,High,Bug Report
5399,3822,2023-07-17,2023-07-27,Medium,Onboarding
5400,3823,2025-11-27,2025-12-04,High,Bug Report
5401,3824,2024-10-12,2024-10-14,High,Login Issue
5402,3824,2024-01-03,2024-01-14,Low,Bug Report
5403,3824,2024-10-12,2024-10-13,Low,Bug Report
5404,3824,2025-09-01,2025-09-04,Low,Feature Request
5405,3825,2023-05-01,2023-05-02,Medium,Onboarding
5406,3826,2025-05-12,2025-05-14,Medium,Feature Request
5407,3829,2025-01-11,,High,Onboarding
5408,3829,2025-11-16,2025-11-19,Medium,Billing
5409,3829,2023-10-17,2023-10-22,High,Billing
5410,3829,2025-07-01,2025-07-06,Medium,Onboarding
5411,3830,2025-08-08,2025-08-12,Low,Onboarding
5412,3830,2023-12-21,,Low,Login Issue
5413,3831,2025-01-10,2025-01-12,Low,Feature Request
5414,3832,2025-06-02,2025-06-03,Low,Onboarding
5415,3832,2024-08-03,2024-08-04,Medium,Login Issue
5416,3832,2024-08-29,2024-08-31,Low,Bug Report
5417,3832,2025-10-03,2025-10-07,Urgent,Bug Report
5418,3833,2025-02-19,2025-02-22,Low,Login Issue
5419,3833,2023-05-29,2023-06-03,Urgent,Login Issue
5420,3834,2025-04-24,2025-04-26,Low,Login Issue
5421,3834,2023-07-31,2023-08-03,Medium,Billing
5422,3834,2025-02-16,2025-03-02,High,Bug Report
5423,3834,2023-12-06,2023-12-08,Medium,Onboarding
5424,3838,2025-04-15,2025-04-18,High,Onboarding
5425,3838,2024-01-15,2024-01-16,Medium,Onboarding
5426,3838,2025-04-04,2025-04-05,Medium,Billing
5427,3838,2024-01-13,2024-01-18,Low,Billing
5428,3838,2025-07-07,2025-07-20,Medium,Login Issue
5429,3840,2023-03-05,2023-03-16,Low,Login Issue
5430,3841,2023-10-16,2023-10-20,Medium,Login Issue
5431,3842,2025-12-31,2026-01-03,Medium,Billing
5432,3843,2025-02-28,2025-03-15,High,Bug Report
5433,3843,2023-08-31,2023-09-04,Urgent,Login Issue
5434,3843,2025-02-01,2025-02-12,Low,Login Issue
5435,3843,2025-11-14,2025-11-21,Low,Feature Request
5436,3844,2025-06-06,2025-06-09,High,Login Issue
5437,3844,2025-04-30,2025-05-02,High,Billing
5438,3844,2024-06-29,2024-07-02,High,Bug Report
5439,3844,2025-11-24,2025-11-30,Low,Billing
5440,3844,2024-02-03,2024-02-09,Medium,Onboarding
5441,3847,2025-03-21,2025-03-29,Medium,Onboarding
5442,3848,2023-08-30,2023-09-02,Low,Onboarding
5443,3848,2024-12-06,2024-12-09,Medium,Bug Report
5444,3849,2025-05-19,2025-05-20,Medium,Onboarding
5445,3849,2023-04-02,2023-04-05,Low,Onboarding
5446,3849,2023-03-25,2023-04-01,Medium,Bug Report
5447,3849,2023-03-26,2023-03-30,Low,Billing
5448,3849,2024-04-02,2024-04-03,Low,Billing
5449,3850,2024-06-03,2024-06-05,Low,Bug Report
5450,3850,2023-02-15,2023-02-20,Medium,Billing
5451,3850,2025-12-07,2025-12-12,Low,Billing
5452,3850,2023-06-30,,Medium,Bug Report
5453,3852,2025-01-15,2025-01-17,Low,Billing
5454,3856,2024-05-21,2024-05-25,Low,Bug Report
5455,3858,2023-05-07,2023-05-11,High,Login Issue
5456,3858,2024-05-17,2024-05-25,High,Billing
5457,3858,2024-04-11,2024-04-12,High,Feature Request
5458,3859,2024-03-28,2024-03-29,Urgent,Bug Report
5459,3861,2025-08-05,2025-08-15,Low,Onboarding
5460,3861,2023-08-20,2023-08-22,Low,Onboarding
5461,3866,2023-08-06,2023-08-13,Medium,Login Issue
5462,3866,2023-06-01,2023-06-11,High,Onboarding
5463,3867,2023-03-27,2023-03-30,Low,Feature Request
5464,3867,2023-04-17,2023-04-19,Medium,Login Issue
5465,3869,2025-12-14,2025-12-16,Low,Feature Request
5466,3870,2024-04-02,2024-04-05,Urgent,Login Issue
5467,3870,2024-12-15,2024-12-17,Medium,Bug Report
5468,3872,2023-03-28,2023-04-06,Low,Onboarding
5469,3874,2025-03-01,2025-03-04,Low,Login Issue
5470,3874,2024-03-18,2024-03-19,Low,Billing
5471,3875,2024-02-10,2024-02-12,Medium,Login Issue
5472,3875,2024-08-21,2024-08-23,Medium,Billing
5473,3876,2024-04-11,2024-04-17,Medium,Login Issue
5474,3876,2024-07-03,2024-07-10,High,Bug Report
5475,3881,2024-11-16,2024-11-24,Urgent,Bug Report
5476,3885,2023-03-28,2023-04-08,Medium,Login Issue
5477,3885,2025-08-31,2025-09-07,Low,Login Issue
5478,3887,2025-10-31,2025-11-02,Low,Bug Report
5479,3887,2024-01-26,2024-01-28,Low,Bug Report
5480,3888,2025-07-04,2025-07-08,Medium,Bug Report
5481,3888,2024-01-29,2024-01-30,Medium,Feature Request
5482,3888,2024-05-01,2024-05-07,High,Login Issue
5483,3888,2024-10-06,2024-10-09,Low,Billing
5484,3888,2023-03-04,2023-03-15,Low,Login Issue
5485,3889,2023-01-24,2023-01-29,Medium,Bug Report
5486,3889,2023-10-18,2023-10-23,Low,Onboarding
5487,3889,2024-02-02,2024-02-03,Low,Login Issue
5488,3889,2023-09-25,2023-10-08,Low,Feature Request
5489,3890,2025-04-18,2025-05-03,Low,Feature Request
5490,3890,2023-02-10,2023-02-14,Medium,Login Issue
5491,3890,2023-02-22,2023-02-23,Medium,Bug Report
5492,3891,2025-11-08,2025-11-09,Low,Login Issue
5493,3892,2023-05-20,2023-05-27,Urgent,Feature Request
5494,3892,2024-12-29,2025-01-02,Medium,Onboarding
5495,3892,2024-06-19,2024-06-20,Medium,Billing
5496,3892,2023-09-15,2023-09-22,Medium,Login Issue
5497,3892,2025-06-10,2025-06-11,Medium,Login Issue
5498,3893,2024-04-18,2024-04-19,Low,Onboarding
5499,3894,2024-12-23,2024-12-27,Medium,Login Issue
5500,3894,2024-10-21,2024-10-24,High,Bug Report
5501,3894,2023-08-29,2023-09-02,High,Bug Report
5502,3895,2023-10-20,2023-10-23,High,Bug Report
5503,3896,2023-03-20,2023-03-28,Medium,Bug Report
5504,3897,2023-06-02,2023-06-03,Medium,Onboarding
5505,3897,2025-10-23,2025-10-25,Medium,Login Issue
5506,3897,2025-09-10,2025-09-17,Low,Login Issue
5507,3900,2025-08-30,2025-09-03,Medium,Login Issue
5508,3900,2025-03-24,2025-04-11,Low,Onboarding
5509,3902,2024-04-09,2024-04-25,Urgent,Feature Request
5510,3902,2023-10-28,2023-11-10,Low,Login Issue
5511,3906,2023-11-16,2023-12-02,Urgent,Onboarding
5512,3907,2025-07-09,2025-07-13,Low,Bug Report
5513,3907,2023-10-20,2023-10-23,Medium,Login Issue
5514,3907,2024-11-06,2024-11-09,Medium,Billing
5515,3907,2024-09-21,2024-09-22,Low,Login Issue
5516,3907,2023-01-07,2023-01-08,Medium,Login Issue
5517,3912,2023-07-21,2023-07-22,Medium,Login Issue
5518,3912,2023-01-14,2023-01-15,Medium,Login Issue
5519,3912,2023-08-03,2023-08-05,Low,Bug Report
5520,3913,2025-02-25,2025-03-15,Low,Billing
5521,3913,2025-01-30,2025-01-31,Low,Billing
5522,3913,2023-11-13,2023-11-16,High,Login Issue
5523,3914,2025-01-29,,Medium,Onboarding
5524,3914,2025-06-27,,High,Login Issue
5525,3914,2025-03-22,2025-03-24,Medium,Onboarding
5526,3919,2023-08-25,2023-08-28,Medium,Onboarding
5527,3921,2025-07-12,2025-07-19,High,Login Issue
5528,3921,2025-02-02,2025-02-04,Low,Billing
5529,3921,2025-03-30,2025-04-08,Low,Bug Report
5530,3922,2024-05-29,2024-05-31,Low,Feature Request
5531,3922,2024-04-29,2024-05-01,Low,Feature Request
5532,3922,2023-10-18,2023-10-21,Medium,Login Issue
5533,3923,2023-07-11,2023-07-16,Medium,Feature Request
5534,3924,2023-04-12,2023-04-13,Urgent,Login Issue
5535,3926,2023-11-07,2023-11-09,Medium,Bug Report
5536,3926,2024-04-29,2024-04-30,High,Feature Request
5537,3928,2025-11-01,2025-11-02,High,Feature Request
5538,3929,2023-10-15,2023-10-18,High,Login Issue
5539,3930,2023-07-27,2023-07-31,Low,Login Issue
5540,3930,2023-01-30,2023-02-03,Low,Bug Report
5541,3931,2024-06-03,2024-06-09,Low,Feature Request
5542,3931,2025-08-15,2025-08-20,Low,Onboarding
5543,3932,2023-12-12,2023-12-19,High,Login Issue
5544,3933,2025-02-08,2025-02-17,Urgent,Billing
5545,3933,2023-10-20,2023-10-24,High,Feature Request
5546,3933,2025-09-18,2025-10-02,Low,Onboarding
5547,3934,2025-06-28,2025-06-30,Medium,Login Issue
5548,3934,2024-08-04,2024-08-10,Medium,Feature Request
5549,3934,2024-10-04,2024-10-09,High,Login Issue
5550,3939,2025-03-16,2025-03-20,Low,Billing
5551,3940,2023-08-26,2023-08-27,Medium,Bug Report
5552,3940,2023-02-18,2023-02-20,Medium,Billing
5553,3940,2025-09-14,2025-09-18,High,Login Issue
5554,3943,2024-07-29,2024-08-05,Low,Login Issue
5555,3943,2025-01-19,2025-01-20,High,Feature Request
5556,3943,2023-02-12,2023-02-13,High,Bug Report
5557,3943,2025-02-09,2025-02-19,Medium,Login Issue
5558,3944,2025-05-16,2025-05-17,Medium,Bug Report
5559,3944,2024-06-03,2024-06-04,Medium,Login Issue
5560,3944,2023-03-02,,Low,Bug Report
5561,3944,2024-07-23,2024-07-27,Medium,Login Issue
5562,3945,2024-06-25,2024-07-09,High,Feature Request
5563,3946,2025-03-05,2025-03-16,Low,Onboarding
5564,3946,2025-11-27,2025-12-02,Low,Bug Report
5565,3946,2025-02-08,2025-02-09,Low,Feature Request
5566,3946,2025-04-14,2025-04-16,Low,Login Issue
5567,3947,2024-12-22,2024-12-24,High,Billing
5568,3947,2025-05-31,2025-06-01,Medium,Billing
5569,3947,2024-06-03,2024-06-13,Medium,Onboarding
5570,3947,2024-04-21,2024-04-23,Medium,Onboarding
5571,3948,2025-05-30,2025-06-02,Medium,Bug Report
5572,3948,2024-05-25,2024-05-28,Low,Login Issue
5573,3948,2024-08-29,2024-09-14,Urgent,Onboarding
5574,3951,2023-12-15,2023-12-18,Medium,Feature Request
5575,3951,2025-12-17,2025-12-20,Low,Onboarding
5576,3952,2024-12-12,2024-12-13,Medium,Bug Report
5577,3952,2025-12-09,2025-12-10,Medium,Login Issue
5578,3953,2023-05-16,2023-05-22,Medium,Billing
5579,3953,2023-10-27,2023-10-29,Urgent,Onboarding
5580,3953,2023-03-30,2023-04-03,Low,Login Issue
5581,3953,2024-04-02,2024-04-03,Low,Bug Report
5582,3955,2023-08-04,2023-08-13,Low,Feature Request
5583,3955,2024-04-25,2024-04-27,Low,Bug Report
5584,3957,2025-04-18,2025-04-19,Medium,Onboarding
5585,3959,2025-11-06,2025-11-07,Medium,Bug Report
5586,3959,2025-12-27,2025-12-29,High,Bug Report
5587,3961,2023-10-28,2023-10-29,Low,Feature Request
5588,3961,2025-03-05,2025-03-11,Medium,Onboarding
5589,3962,2023-03-24,2023-03-27,Low,Bug Report
5590,3962,2023-08-04,2023-08-09,Urgent,Bug Report
5591,3963,2023-01-19,2023-01-20,High,Bug Report
5592,3965,2024-03-13,2024-03-15,Urgent,Bug Report
5593,3965,2024-04-17,2024-04-21,Low,Login Issue
5594,3966,2023-05-20,2023-05-21,Medium,Login Issue
5595,3966,2023-03-15,2023-03-19,Low,Onboarding
5596,3966,2025-01-06,2025-01-07,Low,Billing
5597,3967,2023-02-07,,High,Login Issue
5598,3967,2025-05-28,2025-06-02,Low,Feature Request
5599,3969,2023-11-29,2023-11-30,Urgent,Onboarding
5600,3970,2025-09-08,,Medium,Feature Request
5601,3970,2024-02-07,2024-02-15,Urgent,Billing
5602,3971,2024-01-26,2024-02-07,Low,Billing
5603,3972,2024-01-02,2024-01-27,Medium,Feature Request
5604,3972,2025-09-25,2025-10-01,Low,Feature Request
5605,3972,2024-05-04,2024-05-08,Low,Feature Request
5606,3973,2023-07-23,2023-07-25,High,Bug Report
5607,3976,2025-06-15,2025-06-19,High,Login Issue
5608,3977,2023-04-26,2023-04-28,Medium,Onboarding
5609,3978,2023-03-09,2023-03-13,High,Feature Request
5610,3978,2024-08-09,2024-08-10,Medium,Onboarding
5611,3978,2024-11-17,2024-11-19,Low,Bug Report
5612,3980,2025-08-15,2025-08-22,Medium,Login Issue
5613,3980,2024-05-02,2024-05-04,Medium,Billing
5614,3980,2024-06-08,2024-06-10,Medium,Bug Report
5615,3980,2025-12-14,2025-12-23,High,Onboarding
5616,3980,2025-08-28,2025-09-06,Low,Billing
5617,3981,2024-05-05,2024-05-07,Medium,Feature Request
5618,3982,2023-12-18,2023-12-19,Low,Onboarding
5619,3982,2025-01-17,2025-01-18,Medium,Onboarding
5620,3982,2024-03-02,2024-03-04,Urgent,Feature Request
5621,3982,2025-05-23,2025-05-26,High,Onboarding
5622,3982,2023-02-19,2023-02-22,Low,Login Issue
5623,3983,2025-01-27,2025-01-30,High,Feature Request
5624,3983,2025-05-08,2025-05-09,Low,Onboarding
5625,3984,2025-05-31,2025-06-05,High,Login Issue
5626,3985,2024-07-02,2024-07-03,Low,Billing
5627,3987,2025-07-17,2025-07-23,Medium,Onboarding
5628,3987,2024-01-20,2024-01-21,Low,Feature Request
5629,3988,2024-09-24,2024-09-28,Medium,Bug Report
5630,3989,2025-05-09,2025-05-17,Medium,Feature Request
5631,3989,2024-09-28,2024-09-29,Low,Onboarding
5632,3989,2025-06-14,2025-06-20,Low,Login Issue
5633,3989,2023-12-02,2023-12-04,Low,Onboarding
5634,3991,2024-08-27,2024-09-01,Low,Billing
5635,3992,2023-10-03,2023-10-14,Medium,Billing
5636,3993,2024-10-23,2024-10-25,Medium,Onboarding
5637,3993,2024-06-23,2024-06-30,Medium,Feature Request
5638,3994,2025-05-01,2025-05-02,Urgent,Onboarding
5639,3994,2023-08-24,2023-08-29,Urgent,Billing
5640,3996,2023-05-02,2023-05-04,Low,Onboarding
5641,3996,2023-04-09,2023-04-11,Low,Billing
5642,3996,2023-01-03,2023-01-05,Urgent,Billing
5643,3996,2025-04-14,2025-04-20,High,Billing
5644,3998,2023-08-31,2023-09-05,Low,Bug Report
5645,3998,2023-02-16,2023-02-17,Low,Billing
5646,3998,2025-01-28,2025-02-05,Low,Onboarding
5647,3998,2024-10-31,2024-11-02,Medium,Feature Request
5648,3998,2023-02-27,2023-03-01,Low,Login Issue
5649,4000,2023-02-01,2023-02-02,Low,Login Issue
5650,4000,2023-05-26,2023-05-27,Medium,Bug Report
5651,4000,2024-08-30,2024-09-02,Low,Billing
5652,4001,2025-06-01,2025-06-03,Medium,Onboarding
5653,4002,2024-10-19,2024-10-22,High,Login Issue
5654,4002,2024-12-03,2024-12-05,Low,Billing
5655,4005,2023-02-28,2023-03-05,Low,Bug Report
5656,4006,2023-07-23,2023-07-24,Low,Onboarding
5657,4006,2025-04-11,2025-04-13,Medium,Feature Request
5658,4006,2025-06-30,2025-07-13,Medium,Onboarding
5659,4006,2024-12-08,,Low,Billing
5660,4006,2025-04-12,2025-04-13,Low,Feature Request
5661,4007,2023-02-09,2023-02-12,High,Billing
5662,4007,2025-05-27,,Urgent,Bug Report
5663,4009,2024-06-06,2024-06-08,High,Feature Request
5664,4009,2024-02-11,2024-02-15,Low,Feature Request
5665,4009,2024-04-04,2024-04-14,Urgent,Bug Report
5666,4010,2025-02-03,2025-02-07,Medium,Login Issue
5667,4014,2025-01-15,2025-01-20,Medium,Billing
5668,4014,2025-01-19,2025-01-20,Low,Billing
5669,4016,2023-09-06,2023-09-13,Low,Bug Report
5670,4017,2025-05-04,2025-05-12,Low,Feature Request
5671,4017,2025-09-25,2025-09-29,High,Login Issue
5672,4018,2023-05-04,2023-05-05,Low,Billing
5673,4019,2025-02-11,2025-02-26,Medium,Login Issue
5674,4021,2023-09-11,2023-09-16,Low,Bug Report
5675,4021,2025-06-02,2025-06-05,High,Login Issue
5676,4021,2024-01-17,2024-01-26,Medium,Bug Report
5677,4022,2024-08-04,2024-08-07,Medium,Onboarding
5678,4022,2023-10-21,2023-10-26,Low,Bug Report
5679,4022,2023-03-28,2023-03-30,Low,Billing
5680,4022,2023-11-17,2023-11-26,Low,Onboarding
5681,4024,2024-08-24,2024-08-28,Medium,Billing
5682,4024,2023-07-04,2023-07-06,Low,Feature Request
5683,4026,2024-03-15,2024-03-16,Low,Billing
5684,4026,2025-06-17,2025-06-27,Medium,Login Issue
5685,4026,2025-04-04,2025-04-05,Medium,Feature Request
5686,4027,2024-03-29,2024-04-17,Medium,Onboarding
5687,4027,2024-09-19,2024-09-20,Low,Onboarding
5688,4029,2024-04-03,2024-04-06,High,Billing
5689,4029,2025-06-25,2025-06-29,Low,Bug Report
5690,4029,2024-11-12,2024-11-14,Low,Bug Report
5691,4030,2025-09-13,2025-10-04,Medium,Login Issue
5692,4031,2023-02-21,2023-02-25,Medium,Login Issue
5693,4031,2025-05-13,2025-05-17,Medium,Onboarding
5694,4032,2025-03-08,2025-03-17,Medium,Feature Request
5695,4033,2025-05-23,2025-05-27,Low,Bug Report
5696,4033,2025-10-10,2025-10-13,Urgent,Login Issue
5697,4033,2023-05-13,2023-05-16,Low,Billing
5698,4034,2025-03-27,2025-04-02,High,Bug Report
5699,4035,2025-06-08,2025-06-10,Low,Login Issue
5700,4035,2023-01-21,2023-01-24,Low,Billing
5701,4036,2024-03-23,2024-03-25,Medium,Billing
5702,4036,2025-08-08,2025-08-17,Medium,Onboarding
5703,4036,2024-08-19,2024-08-20,Urgent,Onboarding
5704,4037,2023-02-01,2023-02-05,Low,Login Issue
5705,4039,2025-03-27,2025-03-29,High,Billing
5706,4040,2025-08-05,2025-08-09,Medium,Login Issue
5707,4040,2025-06-12,2025-06-15,Medium,Bug Report
5708,4041,2024-02-14,2024-02-17,Medium,Bug Report
5709,4043,2025-01-14,,Low,Billing
5710,4043,2024-06-26,2024-06-29,Medium,Billing
5711,4043,2024-10-09,2024-10-12,Low,Billing
5712,4043,2024-06-12,2024-06-13,High,Billing
5713,4043,2025-03-17,2025-03-28,Low,Login Issue
5714,4044,2024-03-28,2024-04-13,Medium,Feature Request
5715,4047,2023-03-10,2023-03-13,Low,Bug Report
5716,4047,2023-04-14,2023-04-17,Medium,Feature Request
5717,4049,2025-02-02,2025-02-05,High,Billing
5718,4049,2024-10-11,2024-10-12,Low,Login Issue
5719,4051,2025-12-10,2025-12-11,Low,Bug Report
5720,4051,2024-06-26,2024-06-27,Medium,Bug Report
5721,4052,2025-11-08,2025-11-12,Medium,Onboarding
5722,4054,2024-10-18,2024-10-23,Medium,Onboarding
5723,4055,2023-08-02,2023-08-03,Low,Login Issue
5724,4055,2023-10-28,2023-10-31,Low,Onboarding
5725,4055,2024-07-05,2024-07-06,Low,Onboarding
5726,4057,2025-07-30,,Low,Bug Report
5727,4057,2025-06-03,2025-06-09,Low,Billing
5728,4057,2024-12-09,2024-12-20,Low,Billing
5729,4058,2025-06-12,2025-06-22,Urgent,Onboarding
5730,4068,2024-04-24,2024-04-26,Medium,Feature Request
5731,4068,2025-06-17,2025-06-19,Low,Onboarding
5732,4069,2023-11-11,,Low,Onboarding
5733,4069,2024-12-18,2025-01-01,Medium,Billing
5734,4070,2025-01-31,2025-02-01,Low,Login Issue
5735,4071,2024-02-16,2024-02-27,Urgent,Onboarding
5736,4072,2024-09-19,2024-09-20,Low,Login Issue
5737,4074,2024-07-19,2024-07-21,Medium,Feature Request
5738,4074,2023-05-22,2023-05-24,High,Login Issue
5739,4075,2025-03-31,2025-04-05,Low,Login Issue
5740,4075,2025-11-30,,High,Feature Request
5741,4076,2025-11-19,2025-11-25,High,Billing
5742,4076,2024-11-15,2024-11-16,High,Billing
5743,4077,2025-01-03,2025-01-04,Low,Billing
5744,4078,2024-05-06,2024-05-16,Medium,Onboarding
