customer_id,company_name,country,company_size_band,signup_date,acquisition_channel,signup_date_ambiguous
1,"Rodriguez, Figueroa and Sanchez",India,1-10,2024-07-17,Google Ads,False
2,Doyle Ltd,United Kingdom,1-10,2023-03-03,Google Ads,True
3,"Mcclain, Miller and Henderson",United States,51-200,2023-01-14,Google Ads,False
4,Davis and Sons,Canada,1-10,2023-07-29,Google Ads,False
5,"Guzman, Hoffman and Baldwin",India,1000+,2023-09-13,Meta Ads,False
6,"Gardner, Robinson and Lawrence",United Kingdom,51-200,2023-04-04,Referral,False
7,Blake and Sons,United States,1-10,2025-01-17,Meta Ads,False
8,"Henderson, Ramirez and Lewis",India,51-200,2025-12-29,Google Ads,False
9,Garcia-James,India,51-200,2024-04-14,,False
10,Abbott-Munoz,United States,201-1000,2025-03-21,Organic Search,False
11,Blair PLC,India,11-50,2025-03-28,Direct,False
12,Dudley Group,Australia,51-200,2023-11-24,LinkedIn Ads,False
13,Arnold Ltd,United Kingdom,51-200,2023-08-23,LinkedIn Ads,False
14,"Mcclure, Ward and Lee",United States,1-10,2025-07-18,Organic Search,False
15,Williams and Sons,United Kingdom,51-200,2024-09-03,LinkedIn Ads,True
16,Galloway-Wyatt,United Kingdom,11-50,2024-10-25,Google Ads,False
17,James Group,United States,1-10,2023-06-11,LinkedIn Ads,True
18,"Flowers, Martin and Kelly",United States,1-10,2023-12-05,Referral,True
19,"Adams, Zuniga and Wong",India,11-50,2025-02-03,LinkedIn Ads,False
20,"Reid, Ferguson and Sanchez",United States,,2024-03-27,,False
21,Gray-Mayo,Australia,1-10,2025-11-18,Organic Search,False
22,"Watts, Robinson and Nguyen",United States,1-10,2025-04-13,Google Ads,False
23,Perez Inc,Australia,1-10,2023-07-21,Organic Search,False
24,Morales-Jones,United States,11-50,2023-10-15,Meta Ads,False
25,"Walter, Edwards and Rios",Australia,1-10,2023-07-20,Direct,False
26,Wilkerson-Day,United States,,2025-12-09,LinkedIn Ads,True
27,Baker and Sons,United States,11-50,2024-07-08,Direct,True
28,"Hoffman, Baker and Richards",United States,1000+,2024-03-21,Organic Search,False
29,"Ross, Robinson and Bright",United States,,2025-10-26,LinkedIn Ads,False
30,"Snyder, Campos and Callahan",United States,11-50,2024-04-26,Direct,False
31,Burton Ltd,India,1-10,2025-12-06,Meta Ads,False
32,Carlson-Cruz,United States,1-10,2025-07-25,Referral,False
33,"Ferrell, Rice and Maddox",United States,1-10,2025-11-02,Direct,False
34,Frazier Inc,United States,11-50,2024-09-11,,False
35,"Dyer, Potter and Mack",Canada,1-10,2023-10-03,Referral,False
36,Rodriguez-Graham,India,1-10,2024-12-03,Organic Search,False
37,Smith-Bowen,United States,1-10,2024-07-20,Meta Ads,False
38,"Baker, Mason and White",India,11-50,2025-05-25,Google Ads,False
39,Harrell LLC,United Kingdom,11-50,2023-10-31,Google Ads,False
40,"Romero, Gonzalez and Brooks",Australia,51-200,2024-05-26,Meta Ads,False
41,Ryan PLC,Canada,1000+,2023-11-29,,False
42,George Group,India,1-10,2024-05-23,Referral,False
43,Rodriguez LLC,United States,1-10,2024-12-17,,False
44,Allen-Allen,United States,1000+,2023-05-23,Meta Ads,False
45,"Arroyo, Miller and Tucker",Canada,1-10,2024-06-18,Direct,False
46,Spence PLC,United States,11-50,2025-06-12,LinkedIn Ads,False
47,Anderson Group,United States,11-50,2023-01-04,Referral,True
48,"Martin, Rose and Obrien",United States,11-50,2024-11-07,Organic Search,False
49,Hickman Ltd,India,51-200,2025-04-04,Organic Search,True
50,"Harris, Collins and Carney",India,11-50,2024-09-08,Referral,False
51,"Brooks, Lam and Hayes",United Kingdom,11-50,2024-03-13,Referral,False
52,Walker LLC,United States,51-200,2023-07-11,Referral,True
53,Chapman and Sons,United States,1000+,2024-05-16,Organic Search,False
54,"Robinson, Jones and Welch",India,11-50,2025-10-09,Google Ads,False
55,Jones Inc,India,51-200,2023-12-27,Organic Search,False
56,Jones-Young,United Kingdom,1000+,2025-12-23,Organic Search,False
57,"Washington, Ryan and Cummings",Australia,201-1000,2025-07-02,Organic Search,True
58,"Johnston, Sanchez and Kennedy",Australia,11-50,2025-12-03,Google Ads,True
59,Lee-Davis,United States,1-10,2023-06-15,Google Ads,False
60,Gomez-Jenkins,United Kingdom,11-50,2025-08-12,Google Ads,False
61,"Brown, Valdez and Lucas",Australia,11-50,2025-02-18,Direct,False
62,Powell LLC,United Kingdom,,2025-09-26,LinkedIn Ads,False
63,Wright and Sons,India,1000+,2023-09-19,LinkedIn Ads,False
64,"West, Henderson and Ramirez",United States,201-1000,2023-05-10,Google Ads,True
65,Baxter Inc,United States,51-200,2024-07-23,Referral,False
66,Morton-Chase,India,1-10,2024-12-17,,False
67,Williams PLC,Canada,11-50,2023-02-11,Google Ads,True
68,Novak and Sons,United Kingdom,1-10,2025-01-25,Organic Search,False
69,Russell Group,Canada,201-1000,2023-02-22,Organic Search,False
70,Hancock Inc,United States,51-200,2023-07-28,Meta Ads,False
71,Gray Group,United States,,2025-01-28,Organic Search,False
72,House-Glover,United States,51-200,2025-07-30,LinkedIn Ads,False
73,Henderson-Bernard,India,11-50,2025-09-17,Referral,False
74,"Stanley, Tucker and Lee",Australia,201-1000,2024-07-25,Google Ads,False
75,Novak PLC,United States,1-10,2024-10-27,Google Ads,False
76,"Daniels, Adkins and Brown",United Kingdom,1-10,2023-06-25,LinkedIn Ads,False
77,"Woods, Calhoun and Schmidt",India,51-200,2025-07-06,Google Ads,False
78,Yu Inc,India,11-50,2025-08-27,Meta Ads,False
79,"Hensley, Powell and David",India,1-10,2024-09-19,Google Ads,False
80,"Sanchez, Wheeler and Harvey",United States,51-200,2024-07-20,Direct,False
81,Sandoval-Cunningham,Australia,11-50,2024-04-10,Meta Ads,False
82,Donovan-Harris,Canada,11-50,2023-09-16,,False
83,"Edwards, Baker and Anderson",United Kingdom,1-10,2024-11-28,Google Ads,False
84,"Evans, Stewart and Walton",United Kingdom,1-10,2023-04-20,Referral,False
85,Smith PLC,United States,51-200,2024-07-04,Meta Ads,True
86,"Ferrell, Jones and Lewis",United States,201-1000,2023-07-23,Google Ads,False
87,Anderson-Bailey,United States,1-10,2023-11-17,LinkedIn Ads,False
88,Suarez LLC,United States,1-10,2025-07-18,Google Ads,False
89,Moore-Bass,United Kingdom,201-1000,2023-11-02,Referral,False
90,"Turner, Riggs and Roman",United Kingdom,1-10,2025-06-18,Organic Search,False
91,"Smith, Montoya and Evans",United Kingdom,,2025-06-03,Organic Search,False
92,"Garcia, Humphrey and Baker",Canada,51-200,2023-03-24,Google Ads,False
93,Newton and Sons,United States,1000+,2025-10-04,LinkedIn Ads,False
94,Campbell-Clark,Australia,51-200,2025-04-23,Meta Ads,False
95,Harris-Walters,United Kingdom,1-10,2024-05-31,Direct,False
96,Wagner-King,India,11-50,2025-04-08,Google Ads,True
97,Davis Group,India,11-50,2024-06-30,Direct,False
98,Williams-Cook,United States,1-10,2023-11-21,Google Ads,False
99,Walsh LLC,United Kingdom,11-50,2023-12-11,Organic Search,True
100,Figueroa PLC,Canada,11-50,2025-07-24,Meta Ads,False
101,"Patterson, Smith and Jones",Australia,1-10,2025-04-29,,False
102,"Mckee, Gardner and Davenport",Australia,201-1000,2025-09-29,LinkedIn Ads,False
103,"Tran, Jordan and Williams",United Kingdom,1000+,2024-01-22,Google Ads,False
104,Nolan-Flynn,United States,11-50,2025-02-19,Organic Search,False
105,Nolan and Sons,Canada,1000+,2025-10-25,Meta Ads,False
106,"Wright, Garcia and Deleon",United Kingdom,51-200,2023-01-02,LinkedIn Ads,True
107,Dickson-Brady,India,11-50,2024-11-24,Meta Ads,False
108,Hancock and Sons,Canada,11-50,2023-03-15,Google Ads,False
109,Johnson-Doyle,India,51-200,2023-07-21,Organic Search,False
110,Patton-Jenkins,Canada,51-200,2024-10-26,Meta Ads,False
111,"Shields, Cochran and Adams",United Kingdom,1-10,2023-12-15,Organic Search,False
112,"Rodriguez, Brennan and Garrison",Canada,11-50,2024-04-20,,False
113,Gonzalez Group,Canada,11-50,2023-01-06,Meta Ads,True
114,Torres-Pope,India,1-10,2024-09-10,Meta Ads,False
115,Walker Ltd,United Kingdom,1000+,2023-02-14,Organic Search,False
116,Ross LLC,Canada,51-200,2024-08-09,Google Ads,True
117,Rasmussen LLC,India,11-50,2023-08-10,Direct,True
118,May-Ross,United States,1-10,2023-09-27,Meta Ads,False
119,"Rivera, Johnson and Wiley",India,11-50,2025-12-23,Meta Ads,False
120,White-Estes,Canada,51-200,2024-11-24,LinkedIn Ads,False
121,Johnson-Carlson,Australia,1000+,2025-03-24,Referral,False
122,Chandler-Edwards,United States,11-50,2025-07-20,Organic Search,False
123,"Joyce, Wilson and Lam",United States,1-10,2025-08-23,Referral,False
124,Scott Ltd,India,201-1000,2025-08-08,Meta Ads,False
125,Smith-Frost,United States,1-10,2023-08-26,Referral,False
126,"Mcdaniel, Bentley and Mclaughlin",United Kingdom,51-200,2025-04-29,Referral,False
127,Diaz Inc,United States,11-50,2024-03-20,Direct,False
128,"Mccall, Hanson and Alvarado",United Kingdom,11-50,2023-05-05,Google Ads,True
129,Cortez LLC,United States,1-10,2023-02-13,Meta Ads,False
130,"Parker, Ortiz and Powell",United States,51-200,2024-03-18,Google Ads,False
131,Spencer-Lee,United States,11-50,2023-09-24,Referral,False
132,"Bentley, Byrd and Orr",United States,1-10,2024-10-25,Meta Ads,False
133,"Carroll, Sullivan and Bass",India,51-200,2025-07-07,LinkedIn Ads,False
134,Mitchell-Jordan,India,,2025-03-12,Organic Search,True
135,"Lawson, Morris and Ramos",United Kingdom,51-200,2025-10-01,LinkedIn Ads,True
136,"Lewis, Kennedy and Santana",United States,11-50,2024-10-27,Organic Search,False
137,"Jackson, Miller and Robertson",United States,11-50,2024-03-16,Referral,False
138,"Harvey, Davis and Crane",United Kingdom,11-50,2024-02-10,Organic Search,True
139,Chambers and Sons,United States,11-50,2023-07-10,Organic Search,False
140,Hernandez Inc,United Kingdom,11-50,2023-09-08,Referral,False
141,Riggs PLC,Canada,1-10,2024-12-21,LinkedIn Ads,False
142,Gibson Ltd,United States,51-200,2023-08-24,Organic Search,False
143,"Lee, Horton and Snyder",India,1-10,2024-07-01,Meta Ads,False
144,Hernandez Ltd,United States,1-10,2025-03-31,Organic Search,False
145,Stafford Inc,United States,1-10,2024-11-29,Meta Ads,False
146,Robinson-Brock,Australia,51-200,2023-11-19,Google Ads,False
147,"Holmes, Williams and Wright",United Kingdom,1-10,2025-04-28,Referral,False
148,Bryant Group,India,11-50,2025-09-23,Meta Ads,False
149,"Schmidt, Hansen and Stewart",United States,51-200,2024-08-03,Referral,True
150,Salazar-Ball,India,11-50,2023-09-22,Organic Search,False
151,"Simmons, Meadows and Griffin",United States,1-10,2025-12-06,Direct,True
152,Manning Group,India,1-10,2024-08-15,Google Ads,False
153,Green-Wright,Australia,11-50,2023-06-30,Google Ads,False
154,"Ramirez, Strickland and Washington",United States,1-10,2024-11-26,Referral,False
155,Hill Inc,Canada,51-200,2024-12-20,Referral,False
156,"Mitchell, Nelson and Flores",United States,51-200,2023-10-11,Organic Search,True
157,"Miller, Hernandez and Reyes",United Kingdom,201-1000,2024-10-23,,False
158,Mccarthy Inc,India,11-50,2023-04-26,,False
159,Russell-Daniels,Australia,11-50,2023-07-04,LinkedIn Ads,False
160,Brown-Wall,United Kingdom,11-50,2024-10-20,LinkedIn Ads,False
161,Stein-Silva,Canada,11-50,2025-10-30,Google Ads,False
162,"Smith, Gilmore and Johnston",United States,11-50,2025-03-04,Meta Ads,False
163,Smith-Bell,United States,1-10,2025-03-02,Organic Search,True
164,Castaneda-Ashley,United States,1-10,2024-12-17,Organic Search,False
165,Medina-Navarro,United States,51-200,2024-11-03,Organic Search,False
166,"Hurst, Freeman and Nelson",India,11-50,2025-07-11,Meta Ads,True
167,Johnson-Rogers,United States,1-10,2023-11-14,Referral,False
168,"Yates, Ramsey and Pittman",India,11-50,2023-09-26,Google Ads,False
169,Hooper PLC,India,11-50,2025-04-21,Organic Search,False
170,Meadows PLC,United States,1000+,2024-09-25,Referral,False
171,"Alvarado, Miller and Patterson",United Kingdom,11-50,2025-02-21,LinkedIn Ads,False
172,White-Green,Australia,201-1000,2025-09-11,Organic Search,False
173,Lewis-Murphy,United States,11-50,2024-07-12,LinkedIn Ads,True
174,Ramirez-Bean,Australia,11-50,2023-02-24,Meta Ads,False
175,King-Miller,United States,201-1000,2024-10-14,Referral,False
176,Curry Inc,United States,51-200,2023-10-12,LinkedIn Ads,False
177,Walker-Jones,United States,11-50,2025-12-16,Referral,False
178,"Williams, Johnson and Wright",United Kingdom,1-10,2023-05-09,,True
179,Howell and Sons,India,1-10,2025-05-29,Meta Ads,False
180,Wells Inc,United Kingdom,1000+,2023-05-19,LinkedIn Ads,False
181,"Gould, Marshall and Scott",United States,11-50,2023-03-31,,False
182,Jackson-Lawson,United States,1-10,2024-11-11,Meta Ads,True
183,"Higgins, Strickland and Martin",Canada,51-200,2024-01-09,Google Ads,False
184,Rodriguez-Johnson,United States,1-10,2023-03-27,Meta Ads,False
185,Johnston-Odonnell,United States,11-50,2024-08-08,Referral,False
186,Sanders-Espinoza,India,51-200,2025-03-30,Referral,False
187,Vargas Ltd,India,1-10,2025-11-29,Google Ads,False
188,Garcia LLC,United Kingdom,1-10,2023-07-30,Organic Search,False
189,"Burke, Martinez and Riggs",United States,11-50,2024-12-20,Organic Search,False
190,Reed Group,United States,51-200,2023-06-03,LinkedIn Ads,True
191,"Wood, Hunter and Peterson",Canada,1-10,2025-06-16,Google Ads,False
192,Short-Garcia,Canada,51-200,2023-11-11,Direct,True
193,Reid-Poole,United Kingdom,11-50,2024-05-10,Google Ads,True
194,"Hernandez, Thompson and Boyd",United Kingdom,51-200,2024-06-20,Organic Search,False
195,"Nelson, Morton and Medina",United States,11-50,2023-06-01,Referral,False
196,Marshall-Petersen,India,11-50,2023-05-13,Meta Ads,False
197,"Adams, Christian and Rivas",India,1-10,2024-04-04,Google Ads,False
198,Ramirez Group,United States,51-200,2025-08-15,Organic Search,False
199,Christensen PLC,United States,11-50,2025-12-12,LinkedIn Ads,False
200,"Barnett, Rogers and Snyder",India,51-200,2025-08-12,Meta Ads,True
201,White-Lewis,India,11-50,2025-06-05,Referral,False
202,Peterson-Beard,United States,1-10,2024-04-06,Direct,False
203,"Beard, Peters and Black",United States,11-50,2023-09-14,Organic Search,False
204,Miller Ltd,United States,,2023-03-26,Google Ads,False
205,Freeman-Chang,India,11-50,2025-05-03,Google Ads,False
206,"Alvarez, Joseph and West",United Kingdom,11-50,2024-01-09,Organic Search,True
207,Holt-Torres,United States,201-1000,2024-02-10,Meta Ads,True
208,"Wood, Tran and Cooper",United States,11-50,2025-11-20,Meta Ads,False
209,"Pierce, Bell and Chavez",United States,201-1000,2024-08-17,Referral,False
210,King-Martinez,Australia,1-10,2024-10-02,Google Ads,False
211,Stewart Ltd,United Kingdom,11-50,2025-03-16,Direct,False
212,"Tapia, Vaughn and Lee",United States,11-50,2024-08-08,Referral,False
213,"Washington, Hardy and Bray",India,11-50,2023-04-03,Organic Search,False
214,"Carlson, Hooper and Wall",United States,51-200,2024-07-26,Organic Search,False
215,Perez-White,United States,51-200,2025-01-18,Google Ads,False
216,Erickson and Sons,United States,11-50,2025-08-28,Google Ads,False
217,Williams-Brown,United States,11-50,2024-11-19,LinkedIn Ads,False
218,Terry-Martinez,Australia,51-200,2024-11-09,Direct,False
219,Garcia-Smith,United Kingdom,51-200,2024-11-04,Organic Search,True
220,Harrison-Alexander,United States,11-50,2023-06-03,Organic Search,True
221,Sheppard LLC,United States,11-50,2025-04-20,Organic Search,False
222,Wilson-Jones,India,11-50,2024-02-29,Direct,False
223,Jones-Soto,United Kingdom,51-200,2024-12-26,Referral,False
224,Hernandez PLC,India,1-10,2024-05-19,Meta Ads,False
225,Miller-Wright,India,1-10,2025-09-28,Meta Ads,False
226,"Duran, Obrien and Gibbs",United States,51-200,2025-03-19,Direct,False
227,Rowe Group,Canada,201-1000,2024-12-10,Organic Search,False
228,Kerr-Evans,Canada,1-10,2023-10-09,,True
229,"Branch, Torres and Oliver",India,11-50,2023-07-25,Organic Search,False
230,"Choi, Garcia and Farmer",Canada,51-200,2025-04-13,Referral,False
231,"Clark, Guerrero and Moore",United States,51-200,2023-07-03,Google Ads,False
232,Arnold and Sons,Canada,201-1000,2025-05-05,Google Ads,True
233,Ortiz Ltd,India,201-1000,2024-08-15,Google Ads,False
234,"Harrison, Johnson and Roberts",United States,201-1000,2023-10-02,LinkedIn Ads,True
235,Warner-Gibson,India,51-200,2024-06-10,Google Ads,True
236,"Hall, Baker and Moody",United States,11-50,2025-05-25,Google Ads,False
237,"Guerrero, Peck and Coleman",United Kingdom,1-10,2023-01-14,Google Ads,False
238,"Walker, Hernandez and Baker",United Kingdom,51-200,2024-06-19,Organic Search,False
239,Jones and Sons,United States,11-50,2023-08-29,Direct,False
240,Larson-Holloway,United Kingdom,11-50,2025-02-04,LinkedIn Ads,True
241,Gonzales-Harrison,India,11-50,2023-06-17,LinkedIn Ads,False
242,Lyons-Bender,United States,1-10,2023-03-11,Referral,True
243,"Fernandez, Kim and George",United States,11-50,2023-04-24,,False
244,Navarro-Munoz,India,11-50,2023-02-14,Referral,False
245,Davis Ltd,United Kingdom,201-1000,2023-04-05,,True
246,"Matthews, Smith and Hubbard",United States,11-50,2025-10-05,Referral,True
247,Johnston-Hines,United States,1-10,2024-12-13,Direct,False
248,Ruiz Ltd,Australia,11-50,2024-09-03,Organic Search,True
249,Moon-White,United States,1-10,2023-11-14,Direct,False
250,"Graham, Olsen and Costa",India,,2024-05-07,Google Ads,False
251,Bailey-Cook,United States,11-50,2025-04-03,LinkedIn Ads,True
252,"Garcia, Martin and Jenkins",United Kingdom,51-200,2024-04-24,Organic Search,False
253,Roberts-Landry,United States,1-10,2025-12-03,Meta Ads,True
254,"Johnson, Miller and King",India,1-10,2025-10-12,Meta Ads,False
255,Cordova Group,India,1-10,2023-11-02,Google Ads,True
256,"Bryan, Smith and Booth",United States,201-1000,2025-08-06,Organic Search,True
257,Gutierrez-Lopez,United States,1-10,2024-02-21,Google Ads,False
258,Dean-Jimenez,United States,201-1000,2023-03-22,Google Ads,False
259,Wolf-Harris,United Kingdom,1000+,2024-09-12,Google Ads,False
260,"Anderson, Roberts and Gilmore",India,51-200,2024-05-11,Organic Search,False
261,Martinez-Dudley,India,11-50,2025-12-08,Meta Ads,True
262,"Lloyd, Mckinney and Collins",United Kingdom,201-1000,2024-10-17,Meta Ads,False
263,Tran Inc,India,11-50,2024-06-18,Organic Search,False
264,Gay Inc,United States,11-50,2024-05-18,Organic Search,False
265,Valentine-Holland,Canada,1-10,2025-01-08,Referral,True
266,Jimenez Ltd,United States,1-10,2025-12-09,Referral,False
267,Hicks-Hill,United Kingdom,51-200,2023-05-20,Google Ads,False
268,Baird-Sanchez,India,,2023-01-14,LinkedIn Ads,False
269,"Thomas, Lee and Greene",United States,1-10,2024-01-03,Google Ads,False
270,"Suarez, Shields and Hill",Australia,1-10,2025-03-23,Direct,False
271,Morgan-French,United States,1-10,2023-03-06,,False
272,Hoover-Campbell,India,51-200,2025-10-20,Organic Search,False
273,Monroe-Carpenter,Australia,1-10,2024-04-15,Referral,False
274,"Burns, Hernandez and Ryan",Canada,,2023-03-09,Referral,True
275,Cook-Hines,India,201-1000,2025-03-26,Meta Ads,False
276,Gibson-Morris,India,11-50,2024-11-10,Organic Search,False
277,Pollard and Sons,United Kingdom,1-10,2023-04-20,Google Ads,False
278,"Reyes, Chase and Jenkins",Canada,11-50,2023-02-03,Referral,True
279,Garner-Thornton,United Kingdom,51-200,2023-06-25,,False
280,Hughes-Alvarado,United States,,2025-03-08,Google Ads,False
281,"Pollard, Simpson and Johnson",India,1-10,2023-09-29,LinkedIn Ads,False
282,"Sanford, Rivera and Garcia",United States,11-50,2023-10-07,,True
283,Garcia-Lozano,United States,11-50,2024-05-12,Google Ads,False
284,Bowen Group,United States,1-10,2023-05-10,Meta Ads,False
285,"Booker, Jones and Harrington",United States,11-50,2025-12-10,Google Ads,True
286,Morgan-Schwartz,United States,11-50,2024-11-05,LinkedIn Ads,True
287,"Miller, Murphy and Craig",United States,1-10,2025-08-09,Direct,True
288,"James, Stewart and Higgins",Canada,11-50,2024-10-29,Referral,False
289,Brennan-Johnson,United Kingdom,1000+,2023-02-25,LinkedIn Ads,False
290,Young Ltd,Australia,51-200,2025-04-17,Google Ads,False
291,Bright-Francis,India,11-50,2023-01-06,Organic Search,True
292,Good-Hodges,United Kingdom,1-10,2023-06-24,Google Ads,False
293,"Brennan, Wallace and Benson",United Kingdom,,2024-11-10,LinkedIn Ads,True
294,Williams Inc,United Kingdom,51-200,2025-08-06,Organic Search,False
295,Howard-Jordan,United Kingdom,201-1000,2025-05-01,Google Ads,False
296,Schmidt PLC,United States,11-50,2024-02-28,Meta Ads,False
297,"Sparks, Jackson and Miller",United States,51-200,2023-04-02,Google Ads,True
298,Harvey-Allen,Canada,1-10,2025-11-22,Google Ads,False
299,"Thomas, Murray and King",India,1-10,2024-01-13,Organic Search,False
300,Estrada-Nolan,United Kingdom,1-10,2025-03-07,Google Ads,False
301,Santana-Byrd,United Kingdom,1-10,2025-01-19,LinkedIn Ads,False
302,Jones LLC,United Kingdom,1-10,2023-08-22,Referral,False
303,"Evans, Hayden and Vaughn",Canada,1-10,2023-10-02,Google Ads,True
304,Bruce-Gonzalez,United Kingdom,11-50,2023-10-10,LinkedIn Ads,True
305,Castaneda-Rodriguez,United Kingdom,1-10,2024-08-14,,False
306,Armstrong-Andrews,Canada,1-10,2023-07-10,Meta Ads,True
307,"Phillips, Spence and Barrett",India,,2025-06-28,Google Ads,False
308,Smith-Grimes,United States,1-10,2024-08-14,LinkedIn Ads,False
309,"Beltran, Lozano and Mcgee",United Kingdom,11-50,2025-01-21,Referral,False
310,Parsons-Hall,Canada,1-10,2024-05-21,Direct,False
311,Robinson-Lee,United Kingdom,1-10,2024-04-30,Organic Search,False
312,Byrd-Le,United States,51-200,2024-02-28,Referral,False
313,"Becker, Taylor and Davis",United States,11-50,2024-08-15,Direct,False
314,"Lucas, Parker and Alexander",United States,1000+,2023-05-02,Referral,True
315,"Diaz, Anderson and Browning",United States,51-200,2024-05-21,Organic Search,False
316,Burgess-Thompson,India,1-10,2025-07-14,Referral,False
317,Buchanan LLC,India,,2025-07-20,Meta Ads,False
318,"Shaw, Nelson and Martin",India,201-1000,2025-01-03,Referral,True
319,Coffey-Phillips,United Kingdom,1-10,2024-08-03,Organic Search,False
320,Brock-Mcdonald,Australia,1-10,2023-04-05,Referral,True
321,Taylor and Sons,United Kingdom,1-10,2025-05-26,Organic Search,False
322,"Ramsey, Whitney and Coffey",Australia,51-200,2023-07-11,Meta Ads,True
323,"Diaz, Gibbs and Smith",United States,11-50,2024-04-24,Google Ads,False
324,"Martinez, Richardson and Curry",United States,51-200,2025-11-29,Google Ads,False
325,Richards-Carson,India,1-10,2023-05-26,Google Ads,False
326,Rodriguez-Hall,Australia,51-200,2025-02-22,Referral,False
327,Harvey PLC,United States,11-50,2023-03-12,Organic Search,True
328,Herman-Walker,India,1-10,2024-03-20,Google Ads,False
329,Reid Group,United States,51-200,2024-10-06,Google Ads,False
330,"Turner, Ortiz and Taylor",India,51-200,2023-02-24,Organic Search,False
331,Torres Group,India,51-200,2023-04-22,Referral,False
332,Davis PLC,United Kingdom,201-1000,2025-12-17,Google Ads,False
333,Price LLC,Australia,11-50,2025-05-11,Organic Search,False
334,"Avery, Horton and Fernandez",United States,1-10,2023-01-29,Google Ads,False
335,"Newton, Moore and Perry",India,11-50,2025-04-30,LinkedIn Ads,False
336,Bass PLC,United States,11-50,2023-11-06,Google Ads,True
337,Crosby-Ramirez,United Kingdom,51-200,2024-09-27,,False
338,"Wood, Ramos and Sampson",Canada,11-50,2025-07-17,Google Ads,False
339,Garcia-Jennings,United States,1-10,2023-01-24,Direct,False
340,"Winters, Newman and Brown",United States,51-200,2024-04-07,Google Ads,True
341,Lopez-Martinez,United States,51-200,2024-06-22,Organic Search,False
342,Davis-Lewis,United States,1-10,2025-01-23,Referral,False
343,"Harper, Smith and Buchanan",United States,,2023-04-01,Google Ads,True
344,Zhang PLC,United States,1-10,2025-05-08,Google Ads,False
345,Jones PLC,United Kingdom,51-200,2025-10-25,Google Ads,False
346,Willis and Sons,Canada,201-1000,2025-10-08,Referral,True
347,Schroeder-Kramer,United States,11-50,2024-08-20,Meta Ads,False
348,"Smith, Garrison and Thomas",Canada,,2024-05-17,Direct,False
349,Fernandez and Sons,Canada,51-200,2025-02-09,Organic Search,True
350,Guerrero Inc,United Kingdom,51-200,2023-10-19,Google Ads,False
351,Smith and Sons,India,1000+,2025-07-27,Google Ads,False
352,"Morris, Thompson and Williams",United States,51-200,2025-09-06,Google Ads,True
353,"Fisher, Wilson and Brown",India,1-10,2024-10-30,Meta Ads,False
354,Strickland-Palmer,United States,11-50,2025-07-09,LinkedIn Ads,True
355,Hayes and Sons,United Kingdom,201-1000,2024-06-26,Google Ads,False
356,"Williams, Logan and Camacho",United States,1-10,2023-10-31,Google Ads,False
357,"Turner, Schneider and Johnson",United States,1000+,2023-03-05,Referral,False
358,Boone-Simmons,United Kingdom,1-10,2023-06-09,Referral,True
359,Henry Group,United States,201-1000,2024-06-14,Google Ads,False
360,Lam LLC,Australia,,2024-10-11,Direct,True
361,"Hernandez, Martinez and Weber",Australia,1-10,2025-10-13,Organic Search,False
362,"Kelley, Nguyen and Vang",United States,1-10,2023-01-11,Organic Search,True
363,"Phillips, Wagner and Jordan",Australia,1-10,2023-05-05,Meta Ads,True
364,"Wilson, Pena and Rich",India,1000+,2023-09-02,Referral,True
365,"Le, Lewis and Hayes",United States,1-10,2025-03-06,,False
366,Gutierrez Group,United States,11-50,2025-12-20,Organic Search,False
367,Perry-Davis,India,,2025-12-28,Direct,False
368,Edwards-Scott,United Kingdom,201-1000,2024-12-27,Direct,False
369,Mcdaniel Group,Australia,201-1000,2025-01-04,Google Ads,True
370,Davis Inc,United Kingdom,,2025-10-05,,True
371,Reynolds Ltd,United States,1-10,2023-01-02,Organic Search,True
372,"Watson, Anderson and Brown",Canada,1-10,2023-05-02,Organic Search,False
373,"Hoffman, Santiago and Jenkins",Canada,11-50,2025-03-21,Meta Ads,False
374,"Pugh, Henderson and Moon",India,1-10,2024-10-11,Direct,False
375,Schmitt PLC,United States,1-10,2025-02-13,Organic Search,False
376,Bell-Lane,Australia,1-10,2023-03-08,Meta Ads,False
377,Moore Group,Canada,51-200,2024-11-09,Google Ads,False
378,Boone LLC,Australia,11-50,2024-11-18,,False
379,"Richardson, Farmer and Andrews",India,1-10,2023-03-01,LinkedIn Ads,True
380,Bruce-Villegas,United Kingdom,11-50,2024-12-20,Google Ads,False
381,"Austin, Day and Johnson",United States,1-10,2023-03-10,,True
382,"Gallegos, Adams and White",Australia,11-50,2023-03-06,Referral,True
383,"Farmer, Dorsey and Bell",India,,2023-12-04,LinkedIn Ads,True
384,Kane PLC,United Kingdom,1-10,2024-07-30,Google Ads,False
385,"Morales, Thomas and Schultz",United States,11-50,2023-01-08,Meta Ads,True
386,Bennett Group,United States,11-50,2023-12-16,Direct,False
387,Moore-Collins,United Kingdom,11-50,2023-07-06,Meta Ads,True
388,Frank-Bradley,United Kingdom,11-50,2025-06-19,,False
389,Ware and Sons,United States,1000+,2025-04-27,Organic Search,False
390,Webster Inc,Canada,11-50,2024-04-27,Google Ads,False
391,"Miller, Ramos and Coleman",United States,201-1000,2023-12-21,Google Ads,False
392,"Ramos, Nelson and Fischer",United Kingdom,1000+,2024-02-18,Organic Search,False
393,Reed Inc,United States,201-1000,2024-10-29,,False
394,Gregory-Watkins,United States,11-50,2023-10-31,Organic Search,False
395,"Estrada, Williams and Foster",United Kingdom,201-1000,2024-08-08,Referral,True
396,"Brown, Harris and Dougherty",United Kingdom,1-10,2023-03-18,LinkedIn Ads,False
397,Duran LLC,United States,1-10,2024-05-01,LinkedIn Ads,False
398,Wilson-Jimenez,Australia,1-10,2024-09-28,LinkedIn Ads,False
399,Thompson-James,United States,1-10,2024-10-19,LinkedIn Ads,False
400,"Hall, Hansen and Barnett",Canada,51-200,2025-09-19,Referral,False
401,Jones-Hensley,United States,51-200,2023-10-05,LinkedIn Ads,True
402,Graham Group,Australia,11-50,2023-09-03,Direct,True
403,Atkins PLC,United Kingdom,1-10,2023-04-03,LinkedIn Ads,True
404,Berry-Mckinney,United Kingdom,1-10,2024-12-06,Referral,False
405,Roberts-Sullivan,United States,201-1000,2023-11-30,Referral,False
406,Jackson-Meza,India,11-50,2025-04-18,Referral,False
407,Collier-Gillespie,Canada,1-10,2023-01-18,Organic Search,False
408,Kim Inc,United Kingdom,11-50,2024-12-15,Google Ads,False
409,"Miller, Harrell and Reese",United Kingdom,1000+,2025-11-13,Direct,False
410,Cook and Sons,United States,1-10,2025-09-13,Direct,False
411,Dixon Inc,India,1-10,2024-03-09,,True
412,"Hicks, Bullock and Bailey",India,51-200,2023-10-14,Organic Search,False
413,"Mullen, Brewer and Hernandez",United Kingdom,1-10,2024-01-24,Organic Search,False
414,Thomas and Sons,Canada,1-10,2025-11-04,Google Ads,False
415,Morrison Ltd,United States,51-200,2024-06-13,Organic Search,False
416,Thompson Ltd,India,1-10,2024-12-28,Referral,False
417,Marshall-Elliott,United States,201-1000,2025-08-07,LinkedIn Ads,False
418,"Cole, Glass and Cunningham",United Kingdom,1-10,2025-10-21,Organic Search,False
419,"Downs, Morris and Maddox",United States,11-50,2024-12-02,Organic Search,False
420,Hernandez-Jones,Australia,11-50,2023-06-15,Organic Search,False
421,Welch-Hogan,United Kingdom,11-50,2023-12-12,Google Ads,True
422,"Brown, Romero and Collins",India,11-50,2025-05-29,,False
423,Johnson-Wood,India,,2024-10-21,,False
424,Jones-Lin,United States,1-10,2024-10-01,Meta Ads,False
425,Gilbert PLC,United States,51-200,2025-07-22,Organic Search,False
426,Ford-Spencer,United States,51-200,2025-01-05,Google Ads,False
427,"Huang, Cole and Pacheco",United States,51-200,2024-03-08,Organic Search,False
428,"Lopez, Jacobs and Mason",United States,,2025-12-31,Organic Search,False
429,Hayes LLC,United States,11-50,2025-05-03,Google Ads,True
430,"Miller, Lucas and Williams",India,1-10,2023-01-20,Organic Search,False
431,"Kim, Gonzales and Mills",United Kingdom,51-200,2025-11-13,Google Ads,False
432,Cox LLC,India,1000+,2025-07-12,Meta Ads,True
433,Ortiz-Morgan,Canada,1-10,2024-08-11,Google Ads,True
434,"Williams, Mccoy and Cook",United States,1-10,2025-11-13,Organic Search,False
435,Davis-Gregory,Canada,11-50,2024-06-24,,False
436,King-York,United States,51-200,2025-05-22,,False
437,"Marks, Cook and Aguilar",India,11-50,2024-11-04,LinkedIn Ads,False
438,Rangel LLC,United States,1-10,2024-10-01,LinkedIn Ads,True
439,"Hale, Myers and Larson",India,,2023-12-08,Organic Search,True
440,Collins Group,United States,1-10,2025-06-16,,False
441,"Conner, Li and Santiago",United Kingdom,201-1000,2023-08-20,LinkedIn Ads,False
442,"Osborn, Gaines and Davis",India,51-200,2025-12-10,Organic Search,False
443,"Henderson, Cox and Cox",United Kingdom,51-200,2025-05-06,Google Ads,True
444,Bean LLC,United States,11-50,2023-01-24,Google Ads,False
445,Lee-Cooke,United States,,2024-10-18,Direct,False
446,"Wise, Conley and Stephenson",United Kingdom,11-50,2023-11-06,Referral,True
447,Stanley PLC,United States,1-10,2023-02-06,,False
448,Harper and Sons,India,201-1000,2024-09-15,Organic Search,False
449,White Ltd,United States,51-200,2024-04-01,Meta Ads,False
450,"Lamb, Martin and Kim",India,51-200,2023-07-19,Google Ads,False
451,Diaz-Ball,United Kingdom,1-10,2023-06-08,Google Ads,True
452,Bishop-Goodwin,United States,1-10,2024-01-20,Referral,False
453,Young-Allen,India,1-10,2025-04-28,Organic Search,False
454,Mckee-Lee,United Kingdom,1-10,2025-10-18,Organic Search,False
455,"Valentine, Joyce and Murray",Canada,51-200,2023-12-22,Google Ads,False
456,Strickland-Shaw,United Kingdom,1000+,2025-05-07,Direct,False
457,Burch-Montoya,Canada,1-10,2023-10-01,Organic Search,False
458,"Taylor, Wright and Davidson",India,1-10,2024-03-21,Organic Search,False
459,Spencer-Garcia,Canada,11-50,2025-10-28,Organic Search,False
460,"Rosales, Mitchell and Hines",United Kingdom,1-10,2025-12-29,Referral,False
461,Cole-Palmer,United States,1-10,2023-04-26,Referral,False
462,Davis-Lozano,United States,1-10,2024-08-27,LinkedIn Ads,False
463,Wilkerson-Arias,India,1-10,2025-03-07,Referral,False
464,Brown-Shaw,Canada,1000+,2025-05-03,Direct,False
465,Hughes Inc,India,51-200,2025-06-26,Direct,False
466,Walker-Flores,India,11-50,2024-08-25,Direct,False
467,Combs Ltd,United States,11-50,2024-07-25,Google Ads,False
468,Moody-Taylor,United Kingdom,,2023-03-23,Meta Ads,False
469,Lowery-Kennedy,United Kingdom,51-200,2023-05-30,Meta Ads,False
470,Blake Group,India,11-50,2025-05-01,LinkedIn Ads,False
471,Gilbert-Bullock,United States,1000+,2024-03-23,Organic Search,False
472,Scott and Sons,United States,1-10,2025-07-01,Organic Search,False
473,"Bentley, Lynch and Henderson",India,201-1000,2025-02-20,Direct,False
474,Young-Martinez,United States,,2025-11-19,LinkedIn Ads,False
475,Barnes PLC,United States,1-10,2023-07-16,,False
476,Brown-Copeland,United States,51-200,2025-05-18,Google Ads,False
477,Carlson-Smith,India,,2023-11-11,,True
478,"Andrews, Higgins and Carter",India,11-50,2023-05-25,Google Ads,False
479,Mendez and Sons,United Kingdom,51-200,2025-03-08,LinkedIn Ads,False
480,"Butler, Beck and Miller",India,201-1000,2025-01-02,Google Ads,False
481,Jones-Fox,United States,11-50,2025-02-20,Organic Search,False
482,"Hartman, Romero and Smith",India,1000+,2024-08-27,Google Ads,False
483,Williams-Hughes,Canada,1-10,2023-10-17,Google Ads,False
484,King-Smith,United States,11-50,2024-03-09,Organic Search,True
485,Cooper Ltd,India,1-10,2024-02-02,,True
486,"Fuller, Ingram and Moss",India,51-200,2024-08-18,Meta Ads,False
487,Anderson-Bell,United States,1-10,2023-07-24,Google Ads,False
488,Li-Thompson,India,11-50,2023-11-09,Meta Ads,False
489,"Marshall, Dominguez and Welch",United States,1-10,2025-12-06,Meta Ads,True
490,Brown Group,United Kingdom,11-50,2024-09-17,Google Ads,False
491,Carter Inc,Australia,1-10,2024-02-07,,False
492,Blackwell LLC,Australia,51-200,2023-03-05,Organic Search,False
493,Robertson-Hays,United Kingdom,11-50,2023-11-01,Google Ads,False
494,"Kennedy, Johnson and Lucas",United States,11-50,2025-03-23,Google Ads,False
495,Kelly-Norman,India,1-10,2025-07-02,Organic Search,True
496,"Rivera, Martinez and Richardson",India,1-10,2025-01-04,Referral,True
497,Paul-Kline,United States,201-1000,2025-11-26,Meta Ads,False
498,Morgan-Lopez,United States,51-200,2023-07-31,LinkedIn Ads,False
499,"Jimenez, Glass and Stone",United Kingdom,51-200,2025-02-10,Meta Ads,False
500,Acosta Inc,United States,11-50,2025-11-23,Referral,False
501,Morrison-Short,United Kingdom,1-10,2025-06-19,Google Ads,False
502,"Carter, Garcia and Murphy",United States,11-50,2024-04-16,Meta Ads,False
503,Parker-Morrison,United States,1-10,2025-04-21,Google Ads,False
504,Jackson-Wallace,Australia,1-10,2023-04-25,Direct,False
505,Williams-Berg,Australia,201-1000,2024-03-08,Google Ads,True
506,Mendez-Graham,United States,51-200,2023-10-20,Referral,False
507,"Whitney, Gould and Jones",United States,11-50,2025-07-17,Google Ads,False
508,"Sullivan, Palmer and Brady",United States,11-50,2023-11-03,Google Ads,False
509,Cisneros and Sons,United States,201-1000,2023-01-03,Referral,False
510,"Gregory, Kim and Martinez",Australia,11-50,2025-12-21,Direct,False
511,Osborne LLC,United Kingdom,1-10,2025-05-21,LinkedIn Ads,False
512,Reyes-Bradley,United Kingdom,1-10,2024-06-11,Organic Search,False
513,"Hernandez, Cole and Watson",United Kingdom,51-200,2024-02-25,Meta Ads,False
514,Hines-Berry,United States,11-50,2025-01-18,Direct,False
515,"Richardson, Edwards and Ramirez",United States,1000+,2024-06-03,Organic Search,True
516,Johnson and Sons,Australia,51-200,2023-09-01,LinkedIn Ads,True
517,Holmes-Mcintyre,United Kingdom,,2023-04-17,Direct,False
518,Green LLC,United Kingdom,1-10,2023-06-30,,False
519,"Griffin, Davies and Mitchell",Canada,,2025-12-03,Direct,True
520,Gonzalez-Taylor,India,1-10,2023-01-22,Organic Search,False
521,Hayes Ltd,India,51-200,2025-11-22,Organic Search,False
522,Osborn-Cochran,Canada,51-200,2024-07-19,Meta Ads,False
523,Contreras-Mckinney,India,11-50,2023-07-04,Organic Search,False
524,"Daniels, Vance and York",Canada,11-50,2024-04-08,Google Ads,False
525,"Mckinney, Graves and Thompson",United States,11-50,2023-05-29,Meta Ads,False
526,Hicks-Martinez,Australia,51-200,2024-05-27,Direct,False
527,Conner and Sons,Canada,201-1000,2025-01-08,Referral,True
528,Johnson-Spencer,India,51-200,2024-04-15,LinkedIn Ads,False
529,Mcdonald-Bird,United States,51-200,2025-03-28,Referral,False
530,Salazar Inc,United States,1-10,2024-07-05,Organic Search,True
531,Parker Ltd,United States,1-10,2024-06-27,Google Ads,False
532,"Mendoza, Jenkins and Ortiz",India,51-200,2023-06-10,Organic Search,False
533,"Jones, Compton and Day",Australia,11-50,2024-07-10,Direct,True
534,Owens-Holmes,United States,,2025-03-25,Organic Search,False
535,Humphrey PLC,Canada,1-10,2025-10-26,Referral,False
536,"Matthews, Saunders and Anderson",India,51-200,2024-10-08,Google Ads,False
537,"Bartlett, Brown and Martinez",United States,11-50,2024-01-19,Google Ads,False
538,Torres and Sons,United States,11-50,2024-07-03,Referral,True
539,Donovan-Perez,United States,51-200,2024-04-13,Organic Search,False
540,"Jacobson, Singleton and King",United States,51-200,2025-08-26,Google Ads,False
541,"Huber, Hill and Weber",India,11-50,2024-05-28,Organic Search,False
542,"Ferguson, Shaw and Jackson",United States,51-200,2025-09-02,Google Ads,False
543,"Moore, Hopkins and Le",United Kingdom,1-10,2024-12-05,Google Ads,True
544,"Morgan, Bradshaw and Williams",United Kingdom,11-50,2024-08-05,Organic Search,False
545,"Baker, Clark and Armstrong",United States,11-50,2025-08-07,Google Ads,False
546,"Fowler, Jimenez and Burton",United Kingdom,1-10,2023-05-27,Meta Ads,False
547,May-Turner,India,201-1000,2024-09-07,Referral,True
548,Ballard Ltd,United Kingdom,1-10,2023-02-17,Google Ads,False
549,Evans-Jones,United States,1-10,2023-07-30,,False
550,Marshall-Peterson,United Kingdom,1-10,2023-08-01,Google Ads,False
551,Edwards Ltd,United States,11-50,2025-06-26,,False
552,Gross-Valencia,Australia,11-50,2025-09-02,Referral,True
553,Anderson-Wood,Canada,11-50,2025-07-24,Organic Search,False
554,"Rodriguez, Allen and Martinez",Canada,51-200,2024-04-10,LinkedIn Ads,False
555,Wright-Davis,United States,1-10,2024-05-12,LinkedIn Ads,True
556,Dougherty-Lin,United States,11-50,2024-08-22,Referral,False
557,Wright-Grimes,United States,51-200,2025-03-09,Google Ads,False
558,Li PLC,United States,1-10,2025-04-25,Google Ads,False
559,"Edwards, Hines and Jimenez",India,,2025-10-04,Google Ads,True
560,"Owens, Koch and Jimenez",Canada,,2024-07-05,LinkedIn Ads,False
561,Landry PLC,United Kingdom,1-10,2025-05-10,Referral,False
562,Levy-Lewis,United States,1-10,2023-04-25,Meta Ads,False
563,Williams-Campbell,Australia,1000+,2023-09-07,Organic Search,True
564,"Khan, Pena and Ruiz",India,11-50,2024-12-02,Referral,True
565,"Smith, Rodriguez and Anderson",United States,1-10,2024-10-23,Organic Search,False
566,Luna-Gallagher,United States,11-50,2024-02-11,Google Ads,True
567,Williams-Williams,India,1-10,2023-01-31,Meta Ads,False
568,"Lee, Tran and Jones",Canada,11-50,2023-11-14,Google Ads,False
569,"Cole, Pierce and Bryan",Canada,11-50,2023-03-05,Google Ads,True
570,"Becker, Wilson and Hester",United States,51-200,2025-06-17,Google Ads,False
571,Brooks-Hatfield,Australia,11-50,2025-06-15,LinkedIn Ads,False
572,"Mcmillan, Fischer and Gonzalez",United States,201-1000,2024-07-17,Organic Search,False
573,"Morales, Williams and Williams",United Kingdom,11-50,2025-01-21,Referral,False
574,"Cook, Wells and Bryant",India,1-10,2024-05-04,Google Ads,True
575,"Barry, Taylor and Velazquez",United Kingdom,11-50,2023-11-12,Meta Ads,False
576,Martin-Ewing,United States,201-1000,2024-01-01,Google Ads,True
577,"Kirby, Wheeler and Romero",India,1-10,2024-06-08,,True
578,"Patel, Erickson and Evans",India,51-200,2025-08-16,Google Ads,False
579,Richardson Ltd,Australia,,2023-04-30,,False
580,Whitney PLC,United States,1-10,2025-11-29,Organic Search,False
581,Robles-Swanson,United Kingdom,51-200,2025-04-30,Referral,False
582,"Soto, Carlson and Baker",Australia,11-50,2024-05-01,LinkedIn Ads,True
583,"Patton, Parsons and Lane",Canada,51-200,2024-10-26,LinkedIn Ads,False
584,"Williams, Castillo and Warren",India,11-50,2024-03-14,Organic Search,False
585,"Harvey, Randall and Hernandez",United Kingdom,51-200,2023-01-01,Direct,False
586,"Allen, Armstrong and Graves",United States,201-1000,2024-03-15,Google Ads,False
587,Smith LLC,Canada,1-10,2023-07-13,Meta Ads,False
588,Hernandez-Vaughn,United States,11-50,2023-07-08,,False
589,Shaw-Carr,India,51-200,2025-09-26,Organic Search,False
590,Salas-Fitzgerald,United States,51-200,2023-10-06,Direct,True
591,Thornton PLC,United Kingdom,51-200,2024-09-04,Referral,True
592,Hoffman Ltd,United States,11-50,2024-10-15,Google Ads,False
593,Fox-Edwards,India,51-200,2025-01-07,Organic Search,True
594,Stevens PLC,United States,11-50,2023-06-19,Organic Search,False
595,Payne-Lowe,United Kingdom,11-50,2023-10-04,Google Ads,True
596,"Becker, Lara and Baker",United States,1-10,2025-05-30,Direct,False
597,Lee-Wright,United States,1-10,2024-10-18,Organic Search,False
598,"Evans, David and Hendrix",India,11-50,2023-10-26,Direct,False
599,Bush-Vaughn,India,51-200,2023-08-19,Google Ads,False
600,Stewart-Bailey,United States,11-50,2024-09-16,Google Ads,False
601,"Hill, Martinez and Rhodes",United Kingdom,11-50,2025-09-16,Direct,False
602,Huang-Foster,United Kingdom,1-10,2024-06-07,Meta Ads,False
603,Blevins-Ballard,United Kingdom,11-50,2023-05-17,Meta Ads,False
604,Williams-Moses,United States,1000+,2024-04-18,LinkedIn Ads,False
605,"Scott, Mendoza and Harris",Australia,1-10,2023-06-30,LinkedIn Ads,False
606,"Nelson, Hoffman and Nelson",United States,,2024-11-14,Organic Search,False
607,Sanchez Ltd,India,1-10,2025-10-23,Google Ads,False
608,"Perez, Hall and Garcia",Canada,1-10,2024-06-04,Referral,True
609,Love-Garcia,United Kingdom,1-10,2025-05-04,Google Ads,False
610,Santos-Avila,United Kingdom,51-200,2024-02-28,Organic Search,False
611,Morris-Brewer,United States,1000+,2025-05-30,Direct,False
612,Pearson and Sons,United States,1-10,2024-01-13,Referral,False
613,"Rodgers, Jefferson and Johnson",Canada,51-200,2025-06-26,Referral,False
614,Butler and Sons,India,1-10,2023-09-27,Referral,False
615,Osborn Group,United Kingdom,11-50,2023-02-23,Organic Search,False
616,Lopez-Curry,India,201-1000,2024-01-12,LinkedIn Ads,False
617,Mcdowell-Smith,United Kingdom,1000+,2024-07-06,Google Ads,True
618,"Morrison, Hebert and Rogers",United States,51-200,2025-09-30,Referral,False
619,Hays-Daniels,India,11-50,2024-10-02,Direct,False
620,Small-Anderson,United Kingdom,51-200,2025-07-24,Google Ads,False
621,"Mcdonald, Lee and Rodriguez",Canada,,2025-04-03,Organic Search,True
622,Simon Ltd,Australia,1-10,2025-08-02,Meta Ads,True
623,Higgins-Smith,United Kingdom,51-200,2023-07-05,Google Ads,True
624,Gibbs-Bradley,United States,1-10,2025-12-07,LinkedIn Ads,True
625,Wilcox-Robertson,United States,51-200,2023-12-02,Google Ads,False
626,Morales Inc,United States,11-50,2025-11-13,,False
627,Holden Group,Canada,201-1000,2023-11-29,Google Ads,False
628,Boyle-Smith,India,11-50,2024-08-14,Google Ads,False
629,Young-Molina,United States,11-50,2025-10-18,Google Ads,False
630,Turner-Sharp,United Kingdom,11-50,2023-06-12,Google Ads,True
631,"Young, Contreras and Marshall",United States,51-200,2023-04-23,Google Ads,False
632,Sullivan PLC,United States,1-10,2023-04-11,Direct,True
633,"Carrillo, Vaughn and Fowler",Canada,1-10,2023-03-15,Meta Ads,False
634,Richardson-Walker,India,1-10,2023-05-13,Google Ads,False
635,Mendoza Group,United Kingdom,1-10,2023-04-30,Organic Search,False
636,"Zhang, Brooks and Miles",India,11-50,2024-08-11,Referral,False
637,Todd-Pham,Canada,51-200,2025-11-30,LinkedIn Ads,False
638,Gill Ltd,India,1-10,2023-01-04,LinkedIn Ads,True
639,"Marks, Miller and Griffin",India,1-10,2025-04-27,Meta Ads,False
640,"Cox, Stark and Rodriguez",India,1-10,2023-05-19,,False
641,"Leach, Harris and Herrera",United States,1-10,2023-12-26,Referral,False
642,Murphy PLC,India,11-50,2023-10-06,Organic Search,False
643,Wilson-Harris,United Kingdom,51-200,2023-04-25,Meta Ads,False
644,"Burns, Nolan and Griffin",United States,1-10,2024-12-25,Google Ads,False
645,Chavez PLC,India,1-10,2025-03-08,Google Ads,False
646,Bryant-Brown,India,1-10,2025-04-27,Referral,False
647,Chambers-Parker,United States,1-10,2023-12-25,Referral,False
648,Foster Inc,United Kingdom,1-10,2025-10-21,Meta Ads,False
649,"Robinson, Jones and Henderson",India,51-200,2023-07-21,Direct,False
650,"Brown, Mcknight and Michael",United Kingdom,1-10,2023-01-09,Google Ads,False
651,Andersen Group,United Kingdom,11-50,2023-07-31,Organic Search,False
652,Mitchell and Sons,India,1-10,2024-10-19,Meta Ads,False
653,Cannon Ltd,United States,1-10,2024-07-14,Direct,False
654,"Stuart, Brooks and Vance",United Kingdom,201-1000,2023-10-17,Referral,False
655,Kane-Knox,India,1-10,2025-06-27,,False
656,Miller-Brandt,United States,1-10,2025-03-13,Organic Search,False
657,"Anderson, Dalton and Wilson",India,51-200,2024-11-11,Organic Search,True
658,"Long, Anderson and Irwin",United Kingdom,1-10,2025-08-17,Meta Ads,False
659,Avila LLC,United States,201-1000,2023-10-22,Organic Search,False
660,Nunez-Stephens,India,11-50,2025-07-17,Google Ads,False
661,"Gray, Hall and Murray",United States,11-50,2023-09-18,LinkedIn Ads,False
662,Hill Ltd,India,11-50,2025-02-08,LinkedIn Ads,True
663,Johnson Ltd,United States,51-200,2024-03-02,Organic Search,False
664,Mendez-Mayer,United Kingdom,51-200,2023-12-21,Google Ads,False
665,Allen Inc,United States,11-50,2024-10-28,Referral,False
666,Wheeler Group,United Kingdom,11-50,2024-11-01,Organic Search,False
667,"Powers, Brennan and Sanchez",India,11-50,2023-11-02,Meta Ads,True
668,Morales and Sons,India,11-50,2024-05-09,Direct,True
669,"Robinson, Shields and Brown",India,11-50,2023-07-02,Organic Search,False
670,"Holder, Young and Hendricks",United States,51-200,2023-01-02,Referral,False
671,"Flores, Harper and Chambers",United States,51-200,2024-10-13,LinkedIn Ads,False
672,Young-Walter,United Kingdom,51-200,2025-02-26,Meta Ads,False
673,"Boyd, Gutierrez and Hill",United States,1-10,2023-02-02,Referral,True
674,"Fry, Hobbs and Buck",United States,201-1000,2025-07-22,Organic Search,False
675,"Shelton, Peters and Williams",United Kingdom,11-50,2025-02-26,Google Ads,False
676,David-Powers,India,,2025-04-21,,False
677,"Flores, Butler and Hernandez",India,1000+,2025-09-13,Google Ads,False
678,White-Medina,United Kingdom,201-1000,2025-12-07,Google Ads,False
679,Atkinson LLC,India,11-50,2024-01-10,,True
680,"Thomas, Ford and Brown",United Kingdom,11-50,2024-11-09,Direct,False
681,Faulkner-Grant,India,51-200,2024-09-14,Organic Search,False
682,Rivera Inc,United Kingdom,1-10,2023-02-25,Google Ads,False
683,Boone-Davis,United States,201-1000,2024-07-17,Google Ads,False
684,"Calderon, Williams and Bennett",India,1-10,2023-12-26,Organic Search,False
685,"Morrison, Russo and Lopez",United States,11-50,2023-10-25,Referral,False
686,"Ramsey, Hansen and Mendoza",India,51-200,2025-06-20,Google Ads,False
687,Turner-Stout,India,1-10,2023-04-18,Meta Ads,False
688,Giles Ltd,United States,1-10,2025-08-29,LinkedIn Ads,False
689,Burgess Group,United States,51-200,2025-12-21,Google Ads,False
690,Dominguez Ltd,India,1-10,2024-12-07,Meta Ads,True
691,Sanders and Sons,United Kingdom,11-50,2024-02-04,Organic Search,False
692,"Morris, Campbell and Owens",India,11-50,2023-01-25,LinkedIn Ads,False
693,"Howard, Green and Hunt",United States,11-50,2023-02-18,Google Ads,False
694,Owens-Lang,Canada,1-10,2023-09-03,Organic Search,True
695,"Harrison, Franco and Rocha",Australia,1-10,2024-01-13,LinkedIn Ads,False
696,Edwards-Williams,India,1-10,2024-10-24,,False
697,Figueroa Inc,United States,1000+,2024-06-12,Meta Ads,True
698,Tran-Silva,India,1-10,2025-10-04,LinkedIn Ads,False
699,"Butler, Hernandez and Rivera",Canada,1-10,2023-07-31,Google Ads,False
700,Hudson-Sanchez,Australia,201-1000,2023-02-01,Organic Search,True
701,"Pena, Cohen and Scott",United Kingdom,11-50,2025-09-06,Referral,True
702,Levy-May,United States,11-50,2023-06-09,Direct,True
703,Murray-Oconnor,United States,11-50,2025-01-18,Direct,False
704,Jackson-Cortez,India,1000+,2023-03-22,Organic Search,False
705,White-Preston,India,1-10,2025-09-23,Organic Search,False
706,"Bernard, Warren and Combs",United States,11-50,2025-09-28,Referral,False
707,Landry Ltd,Canada,1-10,2023-03-17,Meta Ads,False
708,Duran Group,Australia,11-50,2025-12-07,Organic Search,True
709,Kirby and Sons,Canada,11-50,2023-10-17,Google Ads,False
710,Mann Inc,India,1-10,2023-01-30,Google Ads,False
711,Wagner LLC,India,51-200,2023-05-11,Google Ads,True
712,Williamson Ltd,United States,1-10,2025-05-22,Referral,False
713,"Durham, Hopkins and Smith",Canada,51-200,2024-10-20,Referral,False
714,"Arnold, Smith and Moreno",United States,51-200,2023-10-17,Google Ads,False
715,Nichols-Mitchell,Canada,1-10,2023-10-01,Referral,False
716,"Li, Craig and Drake",Australia,1-10,2023-01-14,Direct,False
717,Rodriguez Inc,United Kingdom,1-10,2023-09-17,Organic Search,False
718,"Hernandez, Lee and Fox",India,51-200,2024-01-04,Organic Search,False
719,Adams-Sanders,United States,1-10,2024-04-27,Direct,False
720,Chung-Stevens,United Kingdom,1-10,2024-07-20,Google Ads,False
721,Branch and Sons,United Kingdom,1-10,2023-03-30,Meta Ads,False
722,Sutton-Abbott,United States,1-10,2023-12-27,,False
723,"Frey, Santos and Johnson",India,11-50,2024-10-29,Organic Search,False
724,Gray-Tran,United States,51-200,2024-04-30,Referral,False
725,Walsh Ltd,United Kingdom,1-10,2025-06-11,Direct,True
726,Miller Group,United Kingdom,1000+,2025-01-04,Google Ads,False
727,"Mueller, Knight and Hodge",United States,11-50,2025-08-11,Google Ads,True
728,Jacobson Inc,India,11-50,2023-12-15,Organic Search,False
729,Lewis Ltd,Australia,51-200,2025-08-27,Meta Ads,False
730,"Alvarez, Williams and Jones",United States,201-1000,2024-03-31,Organic Search,False
731,Lam-Elliott,United Kingdom,1000+,2023-03-24,Organic Search,False
732,White LLC,United Kingdom,11-50,2025-07-15,Google Ads,False
733,Ali PLC,Canada,1-10,2025-01-04,Organic Search,False
734,Goodwin Ltd,United States,1000+,2023-02-19,LinkedIn Ads,False
735,Hickman-Evans,India,51-200,2025-08-08,Google Ads,False
736,"Allen, Davenport and Price",United Kingdom,51-200,2025-05-22,Organic Search,False
737,"Rivera, Campos and Taylor",India,51-200,2024-11-18,Google Ads,False
738,"Ramsey, Mason and Mccann",United States,11-50,2025-08-11,Meta Ads,False
739,Peterson PLC,United Kingdom,1000+,2023-10-11,Google Ads,True
740,"Sanders, Ayala and Johnson",India,11-50,2024-10-18,Meta Ads,False
741,Bowers-Hayes,United States,11-50,2025-09-22,Referral,False
742,Kelly Group,United Kingdom,1-10,2023-05-15,Referral,False
743,Lopez-Willis,United States,1-10,2023-08-12,Google Ads,True
744,Miller-Montgomery,United Kingdom,11-50,2024-08-23,Organic Search,False
745,Marquez Inc,United Kingdom,1-10,2024-08-20,Google Ads,False
746,Moore-Dawson,United Kingdom,11-50,2024-10-30,Organic Search,False
747,"Moore, Price and Ward",United States,1-10,2024-09-19,Meta Ads,False
748,Ward-Nelson,United States,1000+,2025-07-22,Organic Search,False
749,Hawkins-Hunt,Canada,1-10,2023-11-27,Google Ads,False
750,Johnson LLC,United States,51-200,2023-03-13,Direct,False
751,"Davis, George and Nguyen",United Kingdom,11-50,2023-02-21,LinkedIn Ads,False
752,Smith-Gutierrez,United States,11-50,2024-08-28,Meta Ads,False
753,Hardy PLC,India,1-10,2025-06-24,,False
754,Armstrong and Sons,United States,,2024-03-27,Google Ads,False
755,"James, Taylor and Turner",India,1-10,2024-02-05,LinkedIn Ads,False
756,Thomas-Jackson,Canada,11-50,2024-02-03,,False
757,Fisher-Washington,United States,11-50,2025-01-27,Google Ads,False
758,Ward and Sons,Australia,51-200,2024-03-17,LinkedIn Ads,False
759,"Weber, Wheeler and Gonzalez",United States,1-10,2025-04-28,Organic Search,False
760,Taylor Inc,Canada,201-1000,2023-05-16,,False
761,Cook-Oliver,United Kingdom,1-10,2023-10-08,Referral,False
762,Alexander-Jordan,Australia,,2025-10-08,,False
763,"Mccann, Taylor and Flores",United States,51-200,2023-09-12,Referral,True
764,"Harris, Edwards and Oconnell",United States,1000+,2025-06-10,Google Ads,True
765,Carter-Neal,Australia,1000+,2025-09-01,Referral,False
766,Faulkner-Casey,Australia,1-10,2023-04-30,LinkedIn Ads,False
767,Bennett-Velasquez,United States,1-10,2024-12-30,,False
768,Diaz-Frederick,India,11-50,2023-07-13,Google Ads,False
769,Vargas PLC,United States,11-50,2023-07-16,Meta Ads,False
770,Maldonado PLC,United States,1-10,2025-04-23,Direct,False
771,Benton Group,Australia,51-200,2025-12-12,Organic Search,True
772,"Clark, Salinas and Guerra",United Kingdom,51-200,2023-08-27,Direct,False
773,Fuentes Group,United States,51-200,2025-12-07,,False
774,"Porter, Schultz and Allen",United States,1-10,2024-04-09,Google Ads,False
775,"Moore, Henderson and Bennett",United States,1-10,2025-06-02,Google Ads,False
776,Ewing-Mendoza,United Kingdom,1-10,2023-03-30,Organic Search,False
777,Ferguson-Mclean,United Kingdom,51-200,2024-01-14,Google Ads,False
778,"Barnes, Johnson and Schmitt",Canada,1-10,2024-12-22,LinkedIn Ads,False
779,"Woodard, Herrera and Little",United States,1-10,2025-12-19,Google Ads,False
780,Rodriguez and Sons,Canada,201-1000,2024-03-14,Referral,False
781,"Ortega, Jackson and Salazar",United Kingdom,51-200,2024-06-01,Direct,True
782,"Terrell, Byrd and Ross",United States,11-50,2023-09-11,LinkedIn Ads,False
783,Sheppard-Jordan,United Kingdom,1-10,2023-06-18,Google Ads,False
784,Garcia and Sons,India,11-50,2024-04-07,Meta Ads,False
785,"Burgess, Grant and Watts",Australia,1-10,2025-01-22,Direct,False
786,Griffin Group,United Kingdom,1-10,2023-09-02,LinkedIn Ads,True
787,Barton-Chapman,United States,1-10,2024-11-24,Referral,False
788,"Hernandez, Cuevas and Webb",India,51-200,2024-07-13,Referral,False
789,Perry-Nixon,Canada,51-200,2023-10-29,Google Ads,False
790,Guerra Ltd,United States,11-50,2023-05-20,Google Ads,False
791,Bailey LLC,United States,51-200,2023-06-06,LinkedIn Ads,False
792,Mueller-Boyd,India,1-10,2025-10-30,Meta Ads,False
793,Alvarez-Kim,Canada,11-50,2025-02-24,,False
794,"Chavez, Jones and Williams",United Kingdom,11-50,2023-12-03,Google Ads,False
795,"Wilson, Sweeney and Wong",United Kingdom,11-50,2025-08-20,Referral,False
796,"Marsh, Spears and Yang",United Kingdom,51-200,2024-12-23,Meta Ads,False
797,"Thompson, Moore and Castro",Australia,51-200,2023-02-25,Organic Search,False
798,Hall-Sullivan,United Kingdom,1-10,2024-05-15,Organic Search,False
799,Lopez Ltd,Australia,,2024-11-22,LinkedIn Ads,False
800,Foster-Mclaughlin,United Kingdom,,2024-06-30,LinkedIn Ads,False
801,Cole Group,United States,1-10,2025-09-27,Organic Search,False
802,Smith-Lewis,United States,1000+,2025-01-14,Google Ads,False
803,Goodwin-Stokes,Australia,1-10,2024-03-14,Google Ads,False
804,Ray PLC,India,11-50,2023-07-14,Meta Ads,False
805,Diaz and Sons,United States,11-50,2024-10-09,Meta Ads,True
806,Wilson-Lambert,United Kingdom,201-1000,2024-05-01,Organic Search,True
807,Rose-Fowler,United States,201-1000,2024-02-07,LinkedIn Ads,True
808,"Price, Long and Wilson",Canada,1-10,2025-12-05,LinkedIn Ads,False
809,Bruce-Williamson,Australia,201-1000,2024-10-14,Direct,False
810,"Mccarthy, Evans and Mendez",Australia,1-10,2023-11-25,Organic Search,False
811,Powers LLC,United States,11-50,2025-08-08,Direct,True
812,Brooks and Sons,United States,1-10,2023-03-01,Referral,False
813,"Price, Carlson and Andrews",Canada,1-10,2023-02-10,Referral,False
814,Lopez-Reid,Canada,51-200,2025-01-14,Referral,False
815,"Ellison, Arias and Thompson",United States,51-200,2025-04-12,Organic Search,True
816,Burns and Sons,Australia,51-200,2023-09-08,Meta Ads,True
817,Edwards Group,Canada,1-10,2023-10-23,Google Ads,False
818,"Brown, Howard and Smith",United Kingdom,1-10,2023-08-20,LinkedIn Ads,False
819,Lee Group,United States,1-10,2024-09-23,Direct,False
820,"Wagner, Simpson and Cohen",India,1-10,2024-05-05,Meta Ads,False
821,Mckinney-Wallace,United Kingdom,11-50,2025-06-25,Direct,False
822,Miller Inc,United States,1-10,2024-01-09,Referral,True
823,Carter LLC,India,51-200,2023-06-14,Direct,False
824,Medina and Sons,India,51-200,2023-11-25,LinkedIn Ads,False
825,Cunningham-Barton,United Kingdom,11-50,2023-04-17,Google Ads,False
826,Dunn-Wilson,United Kingdom,11-50,2024-10-04,Google Ads,True
827,Adams PLC,Australia,51-200,2025-04-20,Meta Ads,False
828,Weaver-Sherman,United States,1-10,2024-07-31,LinkedIn Ads,False
829,"Alexander, Robinson and Coleman",United States,201-1000,2024-04-13,Direct,False
830,"Greer, Potter and Evans",United States,1-10,2024-06-16,Direct,False
831,Cole LLC,India,51-200,2025-07-18,LinkedIn Ads,False
832,Gonzales Inc,United States,1-10,2025-02-21,Referral,False
833,Clark Ltd,India,,2025-05-06,Referral,True
834,"Norris, Callahan and Bishop",India,11-50,2025-01-27,Organic Search,False
835,Martin-Taylor,Canada,51-200,2024-03-10,Organic Search,False
836,Li Inc,United Kingdom,201-1000,2024-11-12,LinkedIn Ads,False
837,"Bell, Campbell and Ryan",United States,1000+,2024-09-11,Organic Search,False
838,Werner-Carter,United Kingdom,11-50,2023-12-14,Direct,False
839,"Adams, Hodge and Duke",India,1-10,2023-10-18,Meta Ads,False
840,"Ochoa, Taylor and Brady",India,201-1000,2024-08-02,Meta Ads,False
841,Sellers-Riddle,United Kingdom,51-200,2024-08-10,LinkedIn Ads,True
842,"Martinez, Cline and Wright",United States,1-10,2023-04-22,Google Ads,False
843,"Morris, Wright and Bridges",United States,11-50,2023-03-25,Direct,False
844,Burns-Ray,Australia,1-10,2023-09-11,Google Ads,False
845,Burton-Brooks,United Kingdom,11-50,2023-09-01,,True
846,Schultz Inc,India,1-10,2023-02-23,Direct,False
847,Robertson-Ramirez,Australia,1-10,2023-03-01,Referral,False
848,Gibson-Freeman,United Kingdom,1000+,2024-11-05,Organic Search,True
849,"Smith, Schroeder and Oconnor",United States,1-10,2024-02-08,Google Ads,True
850,"Stanton, Reid and Terry",United States,1-10,2023-12-31,,False
851,Flynn Group,United States,11-50,2024-06-08,Direct,True
852,Donaldson and Sons,India,11-50,2023-09-26,Google Ads,False
853,Adams-Clayton,Australia,11-50,2024-07-03,LinkedIn Ads,True
854,Kelley-Anderson,United Kingdom,1-10,2023-07-10,Meta Ads,True
855,Kramer-Shannon,Canada,11-50,2024-08-18,Google Ads,False
856,Williams Ltd,India,,2024-05-24,,False
857,Smith-Noble,United Kingdom,1-10,2025-04-25,Organic Search,False
858,Alexander Inc,United Kingdom,51-200,2023-08-22,LinkedIn Ads,False
859,Harris-Barker,United States,11-50,2024-10-04,LinkedIn Ads,False
860,Khan LLC,United States,1-10,2024-03-08,Organic Search,False
861,Baxter LLC,United Kingdom,11-50,2023-12-01,Google Ads,True
862,Pena LLC,Australia,1-10,2025-09-23,Referral,False
863,Watson Ltd,Australia,1-10,2023-09-14,Google Ads,False
864,Barber-Fischer,Australia,11-50,2025-09-12,Organic Search,True
865,Rios-Padilla,United States,11-50,2023-10-31,Google Ads,False
866,Lewis Inc,Canada,201-1000,2023-10-02,Organic Search,True
867,Wheeler PLC,United States,11-50,2023-07-30,Organic Search,False
868,"Wallace, Smith and Cooper",United States,11-50,2025-09-22,Organic Search,False
869,Mcneil Group,United States,1-10,2025-12-17,Organic Search,False
870,"Anderson, Jones and Reyes",Australia,11-50,2025-10-10,Organic Search,True
871,"Shaffer, Garcia and Richardson",United States,1-10,2025-08-19,Google Ads,False
872,Taylor-Ayala,Canada,201-1000,2023-09-26,Organic Search,False
873,May Ltd,India,1-10,2024-02-29,Organic Search,False
874,Bishop and Sons,United States,51-200,2023-07-26,Direct,False
875,Bell-Lewis,Canada,11-50,2024-06-18,Google Ads,False
876,"Hernandez, Jenkins and Parks",Australia,1-10,2025-05-31,Google Ads,False
877,Goodwin PLC,India,201-1000,2024-07-01,Referral,False
878,"Cruz, Richmond and Edwards",India,1000+,2025-07-25,Referral,False
879,Wright Ltd,Australia,1-10,2025-11-04,Organic Search,True
880,Wright PLC,India,51-200,2025-06-23,LinkedIn Ads,False
881,"Griffith, Mitchell and Pugh",United States,51-200,2023-09-09,LinkedIn Ads,True
882,Abbott Ltd,Australia,1-10,2024-11-30,Google Ads,False
883,Harris-Lawson,United States,51-200,2023-07-11,LinkedIn Ads,True
884,Adkins LLC,United Kingdom,1000+,2025-07-28,LinkedIn Ads,False
885,"Brown, Hurst and Blevins",United States,201-1000,2025-11-25,Google Ads,False
886,Cruz-Allen,United Kingdom,51-200,2023-03-17,,False
887,"Wheeler, Rice and Levine",United Kingdom,201-1000,2024-10-04,Google Ads,True
888,Peck-Anderson,India,201-1000,2024-02-25,Organic Search,False
889,"Fisher, Payne and Thompson",Australia,51-200,2025-08-04,Referral,True
890,Best-Townsend,India,11-50,2023-09-16,LinkedIn Ads,False
891,Matthews Inc,United Kingdom,1-10,2023-02-17,Referral,False
892,Lewis-Livingston,India,51-200,2023-08-15,Referral,False
893,Hunter-Fuller,United States,1-10,2025-07-08,Organic Search,True
894,"Wang, Henderson and Morales",United States,51-200,2023-10-14,LinkedIn Ads,False
895,"Herrera, Jensen and Ramirez",Australia,1-10,2025-07-19,Organic Search,False
896,Miller-Mccall,United Kingdom,1-10,2025-02-09,Google Ads,True
897,Herrera Group,Australia,11-50,2025-10-18,Direct,False
898,"Walters, Davenport and Becker",Australia,1-10,2025-11-01,Organic Search,False
899,"Ashley, Allen and Sanchez",India,1-10,2025-08-27,Google Ads,False
900,Wilson-Salazar,India,,2023-08-14,Organic Search,False
901,"Yang, Wilson and Zimmerman",United States,1-10,2024-09-13,Google Ads,False
902,"Smith, Crawford and Reed",United States,1-10,2024-08-03,Referral,False
903,"Logan, Le and Jackson",United States,11-50,2025-05-05,Meta Ads,True
904,Brady LLC,United Kingdom,11-50,2023-10-11,LinkedIn Ads,False
905,"Tanner, Wise and Johnson",United States,1-10,2025-04-03,Meta Ads,True
906,Nelson-Brown,India,201-1000,2023-07-01,Organic Search,False
907,"Proctor, Burton and Crawford",United Kingdom,1-10,2023-06-24,,False
908,"Ward, Porter and Bradley",India,1-10,2023-02-08,,True
909,Moore-Ayala,United States,51-200,2023-06-23,,False
910,"Craig, Wilson and Yang",United States,1-10,2025-04-29,LinkedIn Ads,False
911,Williams LLC,United Kingdom,1-10,2023-10-22,Referral,False
912,Mora-White,United States,1-10,2024-07-01,Google Ads,True
913,Tran Ltd,Australia,,2025-02-08,Referral,True
914,"Rios, Walker and Wright",United Kingdom,1-10,2023-08-24,,False
915,"Flores, Mckenzie and Duncan",United Kingdom,1-10,2023-02-08,Direct,True
916,Shaw Inc,United States,1-10,2025-07-02,Organic Search,False
917,Walker PLC,United Kingdom,11-50,2024-05-17,LinkedIn Ads,False
918,Finley Inc,Australia,51-200,2024-08-15,Google Ads,False
919,Cline-Ayala,United Kingdom,51-200,2024-12-20,Google Ads,False
920,Murphy-Tran,India,1-10,2023-05-24,Meta Ads,False
921,Wood LLC,Australia,1000+,2025-10-30,Meta Ads,False
922,"Mueller, Stevenson and Sanchez",Canada,1-10,2024-07-13,Direct,False
923,Vargas-Snyder,United States,,2023-05-01,Google Ads,True
924,Oconnor PLC,India,51-200,2023-06-16,,False
925,Hernandez Group,India,51-200,2025-02-09,Meta Ads,False
926,Hall LLC,United States,,2024-01-31,Google Ads,False
927,"Franco, Wiley and Tapia",United States,1-10,2024-03-28,LinkedIn Ads,False
928,"Acosta, Garcia and Moreno",United States,201-1000,2023-08-16,Organic Search,False
929,Barnes Inc,United States,1-10,2023-05-14,Direct,False
930,Dawson Inc,United States,11-50,2025-12-27,,False
931,Morse PLC,India,201-1000,2023-04-17,Meta Ads,False
932,Haynes-Watson,India,11-50,2025-10-11,Referral,False
933,"Miller, Davis and Anderson",Canada,1-10,2024-10-09,Google Ads,False
934,Jones-Bradley,Canada,1000+,2025-05-17,Direct,False
935,Bates-Anderson,India,11-50,2023-02-27,Referral,False
936,Green-Edwards,Australia,11-50,2023-08-09,Direct,True
937,Haynes-Moss,Canada,11-50,2023-07-15,,False
938,Chavez-Hall,United States,,2023-09-19,Referral,False
939,Taylor PLC,United States,1-10,2023-04-17,Meta Ads,False
940,Moore and Sons,Australia,11-50,2023-01-22,LinkedIn Ads,False
941,Owens-Russell,United States,11-50,2025-07-18,,False
942,"Howard, Townsend and Hayes",United Kingdom,11-50,2023-09-16,Meta Ads,False
943,Baker-Wilson,United States,1-10,2023-04-01,Meta Ads,False
944,Aguirre LLC,United States,11-50,2023-10-29,Organic Search,False
945,"Terry, Williams and Huff",United States,1-10,2025-05-14,Direct,False
946,Hernandez-Dawson,United States,11-50,2025-08-15,Meta Ads,False
947,Foster-Williams,United Kingdom,,2023-08-03,Referral,False
948,Green-Ewing,India,11-50,2024-04-16,Google Ads,False
949,Crane Group,Australia,,2024-02-25,,False
950,"Adkins, Wright and Murray",United States,1-10,2023-10-19,Google Ads,False
951,Martinez Inc,Canada,1-10,2024-02-10,Google Ads,True
952,Parks-Pace,United States,,2023-12-27,Direct,False
953,Aguilar LLC,India,201-1000,2024-11-24,Meta Ads,False
954,Johnson Inc,Canada,1-10,2023-05-14,Referral,False
955,Orr Group,India,,2025-05-29,Google Ads,False
956,Davis LLC,Australia,1-10,2023-01-11,Google Ads,True
957,Williams Group,United States,51-200,2025-08-21,Organic Search,False
958,Jackson PLC,United Kingdom,1-10,2024-02-01,Meta Ads,True
959,Underwood-Foster,United Kingdom,1-10,2023-03-16,Referral,False
960,Reyes Group,United States,201-1000,2023-11-18,Meta Ads,False
961,Gomez and Sons,United States,11-50,2024-04-16,LinkedIn Ads,False
962,Ramirez-Stephenson,United Kingdom,1-10,2025-10-15,Meta Ads,False
963,Mendez PLC,United States,51-200,2024-08-26,LinkedIn Ads,False
964,Holland Group,United States,1-10,2025-01-07,Google Ads,False
965,Andrade-Mendoza,India,1-10,2024-07-16,Organic Search,False
966,Ramirez and Sons,United States,51-200,2024-07-31,Referral,False
967,Gonzalez-Wilkerson,United Kingdom,1-10,2025-03-25,Organic Search,False
968,"Wright, Mcknight and Stephens",India,51-200,2024-11-28,Meta Ads,False
969,Mayo Ltd,United States,11-50,2023-03-03,Organic Search,False
970,Castillo-Harrington,United Kingdom,1-10,2024-11-26,LinkedIn Ads,False
971,Durham-Shaw,United States,201-1000,2023-07-03,Google Ads,True
972,Nelson-Johnson,Canada,1-10,2025-11-03,Meta Ads,True
973,"Robinson, Huang and Osborne",India,1-10,2023-10-07,Organic Search,True
974,Stokes Group,United States,201-1000,2023-05-23,Meta Ads,False
975,"Howard, Silva and Hall",United Kingdom,1-10,2025-11-27,Meta Ads,False
976,Garcia Ltd,United States,51-200,2025-09-06,Meta Ads,True
977,Adams Ltd,United States,11-50,2023-11-22,Direct,False
978,Gallagher and Sons,United States,11-50,2023-10-20,Referral,False
979,"Bradford, Salinas and Kelly",Canada,11-50,2025-07-31,Google Ads,False
980,Thompson PLC,United States,11-50,2025-11-03,Referral,True
981,Drake-Wolfe,United Kingdom,11-50,2023-07-15,Direct,False
982,"Johnson, Haynes and Meza",Australia,51-200,2024-08-20,Google Ads,False
983,"Thomas, Vaughan and Copeland",United Kingdom,1-10,2025-01-25,Google Ads,False
984,Weaver-Thompson,United States,1-10,2025-02-11,Google Ads,True
985,"Robinson, Fox and Smith",United States,11-50,2024-02-03,Google Ads,False
986,"Harris, Anderson and Love",India,11-50,2025-09-19,Google Ads,False
987,Brown-Hernandez,United States,1-10,2023-11-27,Google Ads,False
988,"Stark, Schroeder and Mathis",United States,1-10,2024-07-13,,False
989,Yu-Brooks,United Kingdom,11-50,2025-12-06,Organic Search,False
990,"Foster, Garcia and Turner",United Kingdom,51-200,2023-04-10,Referral,True
991,Daugherty Ltd,United States,1-10,2025-05-13,Google Ads,False
992,Conner-Yu,United States,51-200,2023-12-10,Google Ads,False
993,"Stewart, Mann and Hoffman",United Kingdom,201-1000,2024-02-29,Meta Ads,False
994,"Buchanan, Walker and Chapman",United States,11-50,2023-01-31,Meta Ads,False
995,Gray Ltd,India,1-10,2025-01-25,Referral,False
996,"Phillips, Thompson and Smith",Canada,1-10,2023-12-18,Google Ads,False
997,"Fry, Myers and Gamble",India,1-10,2023-09-30,Organic Search,False
998,"Johnson, Guzman and Mccall",United States,11-50,2025-07-08,Organic Search,False
999,"Walker, Cunningham and Zuniga",United States,1-10,2024-09-24,,False
1000,Reed LLC,United States,,2024-02-18,Google Ads,False
1001,Fields Inc,India,1-10,2023-02-10,Organic Search,True
1002,"Santiago, Daniel and Rogers",India,1-10,2023-02-18,Organic Search,False
1003,"Jones, Scott and Rodriguez",Canada,11-50,2024-03-31,Meta Ads,False
1004,"Barnes, Jackson and Gutierrez",United States,1000+,2023-05-24,Google Ads,False
1005,Bell-Bennett,United States,11-50,2024-04-28,LinkedIn Ads,False
1006,Kramer-Lane,United States,1-10,2024-05-24,Organic Search,False
1007,"Perez, Hayes and Lloyd",United States,11-50,2025-03-26,LinkedIn Ads,False
1008,Phillips LLC,India,51-200,2023-02-10,LinkedIn Ads,False
1009,Lynn-Jones,United Kingdom,1-10,2023-12-26,LinkedIn Ads,False
1010,Barron and Sons,United States,,2025-08-19,Direct,False
1011,"Jones, Mcmahon and Spence",United Kingdom,1000+,2025-03-19,Meta Ads,False
1012,Wheeler-Austin,United Kingdom,11-50,2023-09-12,Organic Search,False
1013,Bush-Reynolds,India,11-50,2024-12-14,LinkedIn Ads,False
1014,"Martin, Preston and Moore",Canada,11-50,2024-05-11,Direct,False
1015,Rivera and Sons,India,1-10,2023-10-30,LinkedIn Ads,False
1016,Terry-Bowen,United States,11-50,2025-02-26,Organic Search,False
1017,"Fernandez, Guerrero and Evans",Australia,1-10,2025-05-24,Meta Ads,False
1018,"Larsen, Hernandez and Ward",United Kingdom,1-10,2023-07-02,Organic Search,False
1019,Miller-Colon,India,51-200,2025-03-26,Google Ads,False
1020,"Greene, Gonzalez and Johnson",United States,11-50,2025-12-11,Meta Ads,True
1021,Little Inc,India,1-10,2025-09-23,Direct,False
1022,Anthony-Parker,United States,1-10,2024-01-28,Direct,False
1023,Ruiz-Jacobson,Australia,1-10,2023-06-13,Meta Ads,False
1024,Davis-Stephens,United Kingdom,,2023-01-20,Referral,False
1025,Watson Group,United States,11-50,2025-08-02,Direct,True
1026,Lopez-Williams,India,1-10,2025-05-29,Organic Search,False
1027,Marshall-Perez,Canada,11-50,2025-02-14,Direct,False
1028,Elliott-Hernandez,United Kingdom,1-10,2023-10-12,Google Ads,True
1029,"Contreras, Miller and Cooper",United States,11-50,2025-11-20,Google Ads,False
1030,"Gutierrez, Avila and Perez",United States,1000+,2023-04-04,Organic Search,True
1031,Randall PLC,United Kingdom,11-50,2024-12-14,Direct,False
1032,Sheppard-Mcdaniel,India,51-200,2024-02-04,Referral,False
1033,Armstrong-Young,United States,51-200,2024-09-09,Direct,True
1034,Miller-Orr,Canada,1-10,2024-05-08,Google Ads,False
1035,"Johnson, Duncan and Black",United Kingdom,201-1000,2023-11-25,Meta Ads,False
1036,"Byrd, Oliver and Martinez",India,51-200,2023-09-10,Direct,False
1037,Thompson-Joyce,Australia,11-50,2023-05-13,Meta Ads,False
1038,Stokes and Sons,India,51-200,2025-06-13,Google Ads,False
1039,Henderson Ltd,United States,11-50,2023-08-26,Google Ads,False
1040,Harris-Carson,United States,1000+,2025-03-05,Meta Ads,True
1041,Flowers LLC,United Kingdom,11-50,2023-08-07,LinkedIn Ads,False
1042,Bartlett-Sloan,Australia,1-10,2025-07-22,Meta Ads,False
1043,Miller PLC,United Kingdom,1000+,2025-10-25,Google Ads,False
1044,Arnold-Gates,India,,2025-10-10,Direct,True
1045,"Ellis, Marks and Buchanan",Australia,51-200,2024-05-04,Google Ads,True
1046,"Matthews, Harrington and Rodriguez",India,1000+,2023-11-23,LinkedIn Ads,False
1047,"Chang, Ayers and Buckley",India,11-50,2023-05-28,Meta Ads,False
1048,"Chan, Floyd and Dillon",United States,51-200,2023-04-21,Organic Search,False
1049,Humphrey-Baker,United Kingdom,201-1000,2024-08-19,Google Ads,False
1050,"Washington, Lynch and Johnson",United States,11-50,2023-10-30,Direct,False
1051,Powell-Montgomery,United States,201-1000,2024-03-01,Google Ads,True
1052,"Steele, Williams and Preston",Canada,1-10,2024-05-16,Google Ads,False
1053,Vaughn-Williams,India,51-200,2023-03-07,Referral,True
1054,Mccall-Prince,United States,1-10,2023-08-27,LinkedIn Ads,False
1055,Morgan LLC,United Kingdom,51-200,2024-07-14,Google Ads,False
1056,Ramirez-Vasquez,United States,1-10,2023-07-23,Organic Search,False
1057,"Cohen, Compton and Perez",Australia,11-50,2025-03-17,LinkedIn Ads,False
1058,Mccann-Ramos,India,1-10,2023-08-29,Organic Search,False
1059,Adams-Butler,United States,51-200,2024-02-27,Google Ads,False
1060,"Davis, Alexander and Mcintyre",Canada,1000+,2025-01-14,Google Ads,False
1061,Figueroa-Malone,United States,11-50,2025-12-29,Organic Search,False
1062,Nicholson-Robertson,India,,2024-03-05,,True
1063,Jones Ltd,United States,11-50,2023-02-10,Google Ads,True
1064,"Powell, Deleon and Warren",United States,11-50,2024-06-17,Direct,False
1065,"Johnson, Lee and Whitaker",India,11-50,2023-10-21,Google Ads,False
1066,Wright Group,India,11-50,2025-11-13,LinkedIn Ads,False
1067,Hull Ltd,United States,1-10,2023-06-08,LinkedIn Ads,False
1068,Hill Group,India,51-200,2024-11-14,Google Ads,False
1069,"Sanders, Leblanc and Maldonado",United States,1000+,2025-02-14,Referral,False
1070,Watson PLC,United Kingdom,11-50,2023-07-15,Organic Search,False
1071,Thompson-Harrell,Australia,201-1000,2024-10-13,Meta Ads,False
1072,"Arnold, Cooper and Monroe",United Kingdom,1-10,2024-06-14,LinkedIn Ads,False
1073,Curry-Barker,United Kingdom,201-1000,2023-04-19,Organic Search,False
1074,Johnson-Williams,India,1000+,2025-06-17,Referral,False
1075,"Chan, Lewis and Walker",United Kingdom,11-50,2024-09-17,Google Ads,False
1076,Byrd LLC,India,,2024-06-05,Google Ads,True
1077,"Ortiz, Smith and Deleon",Australia,51-200,2025-05-18,Direct,False
1078,"Smith, Buck and Holland",United Kingdom,51-200,2023-01-15,Organic Search,False
1079,"Owen, Walker and Franklin",India,201-1000,2025-12-08,Google Ads,False
1080,Marquez-Fletcher,Canada,11-50,2025-10-11,Meta Ads,True
1081,Coleman-Bennett,Australia,1-10,2024-08-17,Meta Ads,False
1082,Stevens-Robinson,United States,51-200,2025-11-21,Google Ads,False
1083,Byrd-Holloway,United States,,2025-07-31,Meta Ads,False
1084,Silva-Smith,United Kingdom,11-50,2023-07-27,Google Ads,False
1085,"Levy, Franco and Hoffman",United States,1-10,2023-01-15,Organic Search,False
1086,"Lynch, Evans and Rodriguez",United States,1-10,2024-07-05,LinkedIn Ads,False
1087,Rogers LLC,India,201-1000,2025-01-05,Organic Search,True
1088,"Nguyen, Hill and Douglas",United States,1-10,2023-03-06,Google Ads,False
1089,"Evans, Hernandez and Cannon",United States,51-200,2025-11-10,Organic Search,True
1090,Trujillo PLC,United Kingdom,,2023-09-27,Google Ads,False
1091,Guerrero-Becker,India,51-200,2023-04-17,Meta Ads,False
1092,"Johnson, Jimenez and Phillips",United Kingdom,1-10,2025-09-22,LinkedIn Ads,False
1093,Sullivan-Doyle,United States,1000+,2024-06-23,Google Ads,False
1094,"Erickson, Armstrong and Lee",India,1-10,2024-01-07,Referral,False
1095,"Reeves, Parks and Little",United States,1000+,2024-07-14,Direct,False
1096,Knox-Powers,Australia,11-50,2025-04-14,Organic Search,False
1097,"Evans, Jackson and Sandoval",United Kingdom,1-10,2023-04-16,Meta Ads,False
1098,"White, Davis and Anderson",United States,1-10,2024-08-01,Google Ads,True
1099,Hardy-Hansen,United States,1-10,2025-06-01,Direct,False
1100,Arroyo LLC,India,1-10,2023-09-24,Organic Search,False
1101,"Davis, Kelly and Garner",United States,11-50,2024-03-06,Google Ads,False
1102,Fisher-Eaton,United States,51-200,2024-01-31,Direct,False
1103,Green-Carter,United States,11-50,2024-02-18,Google Ads,False
1104,"Carpenter, Oliver and Kennedy",Australia,201-1000,2024-12-12,LinkedIn Ads,False
1105,Mason Ltd,United Kingdom,11-50,2023-12-08,,False
1106,Moreno-Gutierrez,India,51-200,2024-01-25,Meta Ads,False
1107,Ortiz-Hudson,United States,11-50,2025-03-10,Meta Ads,True
1108,Thomas-Huffman,United Kingdom,11-50,2025-11-16,Organic Search,False
1109,Maxwell Group,United States,1-10,2023-09-01,,True
1110,Welch-Thompson,Canada,1-10,2023-09-30,Referral,False
1111,"Brown, Hayes and Clark",United Kingdom,11-50,2024-12-12,Direct,False
1112,Johnston and Sons,India,1-10,2024-08-26,Google Ads,False
1113,Glover-Chan,India,1-10,2023-12-28,Google Ads,False
1114,Mendez Ltd,India,201-1000,2025-02-21,Meta Ads,False
1115,Powell-Sanford,Australia,1-10,2024-10-26,Organic Search,False
1116,Smith-Ferguson,United Kingdom,1-10,2025-01-24,LinkedIn Ads,False
1117,"Watson, Smith and Morris",United States,11-50,2024-05-01,Google Ads,True
1118,"Lee, Rhodes and Sims",India,1-10,2023-05-23,LinkedIn Ads,False
1119,Perez LLC,United States,,2023-01-25,Meta Ads,False
1120,Anderson-Reyes,United States,,2024-07-02,Organic Search,False
1121,"Torres, Brown and Williams",United Kingdom,1-10,2023-06-24,LinkedIn Ads,False
1122,Bryant-Meyer,United States,1-10,2023-11-13,LinkedIn Ads,False
1123,"Morgan, Barron and Cowan",Australia,1-10,2024-08-30,,False
1124,Ferrell-Henry,United States,1-10,2025-02-28,Organic Search,False
1125,Martin Group,India,11-50,2023-08-19,Direct,False
1126,Perez Ltd,United States,11-50,2023-08-31,,False
1127,Clark Inc,United States,51-200,2024-01-07,Google Ads,False
1128,"Wagner, Martinez and Dawson",United States,201-1000,2024-07-09,Organic Search,False
1129,Brooks Ltd,India,1-10,2023-10-28,Meta Ads,False
1130,Wise-Dean,Australia,1000+,2025-05-25,Meta Ads,False
1131,"Vang, Stanley and Valdez",India,11-50,2024-10-15,LinkedIn Ads,False
1132,Wallace-Martinez,United States,11-50,2025-02-23,LinkedIn Ads,False
1133,Wells-Hernandez,United States,11-50,2025-12-15,Organic Search,False
1134,"Jennings, Smith and Fisher",United States,11-50,2023-02-05,LinkedIn Ads,False
1135,Bates LLC,United States,11-50,2024-08-26,Referral,False
1136,"Obrien, Taylor and Rivas",United States,51-200,2023-04-25,Google Ads,False
1137,Hunt PLC,India,1-10,2025-01-31,Google Ads,False
1138,Campbell Inc,United States,1-10,2023-10-17,Google Ads,False
1139,Gonzalez-Gonzalez,India,51-200,2023-10-14,Organic Search,False
1140,Decker-Dudley,United Kingdom,1-10,2024-08-10,Google Ads,True
1141,Warner-Phillips,United Kingdom,51-200,2025-03-22,Organic Search,False
1142,Kelley and Sons,Canada,11-50,2024-04-10,Google Ads,True
1143,"Fitzpatrick, Rivera and Smith",India,1-10,2023-04-25,Google Ads,False
1144,"Davis, Rodriguez and Andrews",Australia,1-10,2025-09-04,Organic Search,False
1145,Hernandez-Davis,India,1-10,2024-07-06,Google Ads,False
1146,"Jones, Cummings and Conway",United States,1-10,2023-08-07,Organic Search,True
1147,"Hall, Hinton and Phillips",India,1-10,2024-07-05,Direct,True
1148,Williams-Li,United States,201-1000,2023-10-07,Google Ads,True
1149,Phelps LLC,United Kingdom,51-200,2025-11-03,Direct,True
1150,"Edwards, Rodgers and Davis",Australia,,2023-07-26,Referral,False
1151,"Holland, Murphy and Kline",United Kingdom,1-10,2024-08-17,Organic Search,False
1152,"Adams, Quinn and Watson",Australia,51-200,2023-10-16,Google Ads,False
1153,White-Morales,United Kingdom,1-10,2024-11-25,,False
1154,Nelson-Cruz,United States,11-50,2023-11-09,,False
1155,Marsh-Banks,United Kingdom,1-10,2025-10-18,Meta Ads,False
1156,Wilson Ltd,United Kingdom,1-10,2023-07-02,Organic Search,False
1157,"Brown, Dunlap and Moore",India,201-1000,2023-10-15,Direct,False
1158,Pruitt-Webb,United Kingdom,11-50,2025-06-21,Referral,False
1159,"Gregory, White and James",United Kingdom,11-50,2023-03-29,Organic Search,False
1160,Carr-Huffman,United States,11-50,2024-08-18,Organic Search,False
1161,"Mcpherson, Anderson and Knapp",India,11-50,2025-08-12,LinkedIn Ads,True
1162,Clay Group,India,1-10,2025-06-06,Meta Ads,True
1163,Brown Ltd,United States,1-10,2023-08-23,Google Ads,False
1164,Smith-Oneill,United States,1-10,2025-02-17,Referral,False
1165,"Saunders, Ray and Cunningham",United States,1-10,2025-05-16,,False
1166,"Marks, Stone and Watts",United States,11-50,2025-05-09,Organic Search,False
1167,"Davis, Stanley and Wright",Australia,1000+,2024-01-12,Meta Ads,True
1168,Alvarado-Davidson,United Kingdom,11-50,2025-06-13,,False
1169,Combs PLC,United States,51-200,2024-10-25,Referral,False
1170,"Brown, Schneider and Moore",United States,11-50,2023-10-30,Meta Ads,False
1171,Christian-Booth,United Kingdom,201-1000,2025-07-11,Referral,False
1172,Walton LLC,United States,51-200,2025-05-10,Referral,True
1173,Rivera LLC,Canada,51-200,2025-01-28,Google Ads,False
1174,Hunter PLC,India,11-50,2025-07-22,Meta Ads,False
1175,"Gray, Montoya and Miller",United States,11-50,2025-07-28,Google Ads,False
1176,Solis-West,United States,51-200,2024-08-03,Direct,False
1177,West-Wilson,Australia,11-50,2023-07-03,Organic Search,False
1178,Mcgee-Smith,India,51-200,2023-08-03,Referral,True
1179,Gutierrez-Hawkins,United States,11-50,2023-12-09,Referral,True
1180,Petersen PLC,United States,11-50,2024-03-04,Meta Ads,True
1181,"Walsh, Wu and Hart",India,1-10,2025-04-29,Google Ads,False
1182,"Powers, Clements and Cox",United States,11-50,2024-05-10,Meta Ads,False
1183,Velasquez Group,Australia,1-10,2025-05-28,Organic Search,False
1184,Castro-Harvey,United Kingdom,1-10,2024-04-18,Referral,False
1185,Moran-Cox,Australia,51-200,2024-06-16,Google Ads,False
1186,Wilson-Malone,United Kingdom,11-50,2023-02-26,LinkedIn Ads,False
1187,"Brandt, Carter and Boyd",India,11-50,2025-07-18,Referral,False
1188,"Rodriguez, Prince and Vasquez",United States,51-200,2025-02-13,Organic Search,False
1189,"Newton, Ortiz and King",India,1-10,2023-07-31,Direct,False
1190,Lopez Group,Australia,11-50,2023-08-06,Meta Ads,True
1191,Bryant and Sons,India,11-50,2023-05-31,Organic Search,False
1192,"Morgan, Sherman and Williams",India,1-10,2023-11-26,Google Ads,False
1193,"Monroe, Chapman and Barton",United States,11-50,2024-12-11,Organic Search,False
1194,Ellis-Lawrence,Canada,11-50,2023-03-02,LinkedIn Ads,False
1195,"Taylor, Porter and Moreno",United States,1-10,2023-03-02,Google Ads,False
1196,Tran Group,United States,1-10,2023-08-07,Organic Search,True
1197,"Webb, Romero and Morse",United Kingdom,1-10,2024-01-31,Google Ads,False
1198,Holt and Sons,United States,51-200,2023-06-12,Direct,True
1199,"Ochoa, Garcia and Sandoval",United Kingdom,11-50,2024-10-14,Organic Search,False
1200,"Andrade, Gordon and Cruz",Australia,1-10,2025-07-09,Google Ads,False
1201,"Moon, Farmer and Hill",India,11-50,2025-12-22,Google Ads,False
1202,Waller-Chavez,United States,51-200,2024-03-16,Meta Ads,False
1203,"Tanner, Hunt and Cameron",India,1-10,2024-11-04,Organic Search,False
1204,"Valencia, Joseph and Walls",United States,1-10,2025-12-15,Organic Search,False
1205,"Robinson, Clark and Klein",United Kingdom,1-10,2025-10-06,Meta Ads,True
1206,"Reed, Chambers and Zavala",United States,1-10,2025-05-12,LinkedIn Ads,True
1207,"Hester, Thompson and Daniels",United Kingdom,11-50,2023-02-06,Referral,False
1208,"Morris, Wilson and Bell",United States,,2023-03-17,Direct,False
1209,Aguilar-Bender,United Kingdom,1-10,2024-09-08,Referral,False
1210,"Butler, Adkins and Skinner",United Kingdom,1-10,2025-03-16,Direct,False
1211,Rich-Henderson,Australia,,2023-07-30,Google Ads,False
1212,Mills Inc,Australia,1-10,2025-06-11,Google Ads,False
1213,Thomas-Santiago,Canada,,2024-06-15,Google Ads,False
1214,Adams and Sons,United States,51-200,2024-07-06,Direct,False
1215,Vega-Thomas,Australia,11-50,2025-04-26,Organic Search,False
1216,Vaughn LLC,India,51-200,2024-10-21,LinkedIn Ads,False
1217,Molina Inc,United States,51-200,2024-02-26,Google Ads,False
1218,Cervantes-Garcia,United Kingdom,11-50,2024-01-20,Meta Ads,False
1219,"Stevenson, Hancock and Newton",India,51-200,2025-07-18,Referral,False
1220,"Price, Dixon and Robles",United States,1-10,2025-11-17,LinkedIn Ads,False
1221,"Roberts, Beck and House",Canada,11-50,2023-10-29,,False
1222,Butler-French,United States,51-200,2025-09-02,LinkedIn Ads,False
1223,"Edwards, Arnold and Smith",United States,11-50,2023-11-05,LinkedIn Ads,False
1224,Harris-Melton,United States,1-10,2025-05-15,Google Ads,False
1225,Greer-Pruitt,United Kingdom,11-50,2023-04-13,,False
1226,"Mckinney, Richardson and Chapman",United Kingdom,11-50,2023-05-15,Meta Ads,False
1227,"Morrison, Parsons and Brandt",United States,51-200,2024-03-26,Referral,False
1228,Cole-Lucero,United States,51-200,2024-12-08,Google Ads,True
1229,Lopez and Sons,India,1-10,2024-03-05,Organic Search,True
1230,"Palmer, Bennett and Patterson",United States,11-50,2025-08-29,Google Ads,False
1231,"Baker, Martin and Singleton",India,1000+,2024-12-22,Organic Search,False
1232,Rivera Ltd,United States,51-200,2024-08-18,LinkedIn Ads,False
1233,"Williams, Randolph and Gilbert",United States,11-50,2025-07-15,Meta Ads,False
1234,"Turner, Tyler and Pierce",United States,1-10,2024-12-23,Meta Ads,False
1235,Bowers LLC,United States,1000+,2023-10-30,Referral,False
1236,"Robinson, White and Jones",United States,1-10,2025-01-06,Google Ads,False
1237,"Moore, Daniels and Powell",Canada,1-10,2025-12-15,Direct,False
1238,Walker-Lewis,Canada,1-10,2024-09-25,Organic Search,False
1239,Rivera-Carter,United Kingdom,1-10,2024-11-12,Direct,True
1240,"Moreno, Barajas and Colon",India,11-50,2024-08-16,Organic Search,False
1241,"Smith, Caldwell and Griffin",United States,,2024-03-21,Organic Search,False
1242,"Austin, Oliver and Haley",United States,1-10,2023-04-13,Meta Ads,False
1243,"Blackwell, James and Hogan",Canada,1000+,2023-10-20,Google Ads,False
1244,Cruz PLC,United States,51-200,2024-05-24,Organic Search,False
1245,"Campbell, Pruitt and Short",Australia,1-10,2024-09-28,LinkedIn Ads,False
1246,Robertson-Hicks,India,1-10,2024-05-27,Organic Search,False
1247,Williams-Villanueva,United Kingdom,1-10,2025-06-13,LinkedIn Ads,False
1248,Flores Inc,United Kingdom,,2025-08-13,LinkedIn Ads,False
1249,"Smith, Jones and Santiago",United States,51-200,2024-09-11,Organic Search,False
1250,Hancock Group,United States,11-50,2023-09-15,Google Ads,False
1251,Harris Ltd,Australia,1-10,2023-04-23,Direct,False
1252,"Rowe, Lucas and Case",United Kingdom,1-10,2023-05-05,Organic Search,True
1253,"Parks, Johnson and Love",United Kingdom,1-10,2023-10-07,Organic Search,False
1254,Bauer PLC,India,11-50,2025-09-20,Google Ads,False
1255,Andrews and Sons,United Kingdom,1-10,2024-02-23,Google Ads,False
1256,Russell-Hayes,United States,51-200,2024-12-01,Referral,True
1257,Hamilton-Smith,Australia,11-50,2023-09-10,Organic Search,True
1258,"Wilson, Smith and Cortez",United States,11-50,2025-09-02,Meta Ads,False
1259,Avila PLC,India,51-200,2025-03-01,Google Ads,False
1260,Haynes Inc,United States,1-10,2025-08-03,Meta Ads,True
1261,Reilly-Rodriguez,United States,11-50,2023-10-13,Organic Search,False
1262,"Turner, Miller and Hubbard",United Kingdom,201-1000,2024-12-15,LinkedIn Ads,False
1263,James-Short,United States,51-200,2025-07-30,Referral,False
1264,Wells PLC,Canada,11-50,2025-09-17,LinkedIn Ads,False
1265,Taylor Group,United States,11-50,2024-12-13,,False
1266,"Phillips, Walters and Evans",United States,201-1000,2025-10-19,LinkedIn Ads,False
1267,"Wong, Bernard and Smith",United States,51-200,2025-02-25,LinkedIn Ads,False
1268,"Thomas, Williams and Armstrong",United States,51-200,2025-06-23,Organic Search,False
1269,Medina-Arroyo,United States,1-10,2025-12-02,Organic Search,True
1270,Clark-Figueroa,United Kingdom,1-10,2024-04-06,Google Ads,True
1271,"Cooper, Gutierrez and Brewer",United States,1-10,2023-07-17,Referral,False
1272,"Thomas, White and Jensen",United Kingdom,1-10,2024-11-28,Organic Search,False
1273,Lee-White,United States,11-50,2025-08-28,Meta Ads,False
1274,"Phelps, York and Randolph",United Kingdom,11-50,2023-05-26,Google Ads,False
1275,"Murray, Dunn and Roberts",United States,1-10,2023-02-16,Direct,False
1276,King and Sons,United States,1-10,2024-08-12,Organic Search,False
1277,"Carpenter, Lynn and Howard",United States,11-50,2023-08-16,Direct,False
1278,"Rios, Garcia and Harvey",United States,1-10,2024-02-15,Referral,False
1279,Stewart Group,Canada,11-50,2024-04-27,Referral,False
1280,Jensen-Torres,United States,11-50,2025-05-02,Organic Search,True
1281,"Hernandez, Knight and Aguirre",United States,1-10,2023-08-02,LinkedIn Ads,False
1282,Jackson-Edwards,India,201-1000,2023-02-13,Google Ads,False
1283,Joseph Ltd,India,11-50,2023-07-02,Google Ads,True
1284,Hill-Ward,India,1-10,2023-10-10,Google Ads,False
1285,"Quinn, Humphrey and Ford",United States,,2023-04-29,Google Ads,False
1286,Hampton-Tucker,Canada,51-200,2024-05-26,Google Ads,False
1287,Wilkinson and Sons,United States,1-10,2024-08-21,Meta Ads,False
1288,"Gonzalez, Gross and Sims",United States,51-200,2025-10-10,Referral,True
1289,"Jones, Smith and Hunter",India,201-1000,2024-08-22,Google Ads,False
1290,Hess PLC,United States,1-10,2025-09-22,Google Ads,False
1291,Hammond-Lewis,United States,11-50,2023-09-09,Referral,True
1292,Arnold PLC,India,1-10,2023-08-22,Referral,False
1293,"Kennedy, Rowe and Diaz",Australia,1-10,2023-03-05,Organic Search,True
1294,Vance PLC,United Kingdom,11-50,2024-02-26,Organic Search,False
1295,"Vincent, Anderson and Mason",United Kingdom,201-1000,2023-02-23,Referral,False
1296,Sanders PLC,Australia,51-200,2024-03-19,Meta Ads,False
1297,Bates PLC,India,51-200,2023-04-27,Organic Search,False
1298,"Martin, Palmer and Griffin",Australia,11-50,2025-07-08,Organic Search,True
1299,Knight PLC,United Kingdom,201-1000,2023-09-28,Meta Ads,False
1300,"Brennan, Thomas and Dennis",India,11-50,2024-11-22,Google Ads,False
1301,Williams-Juarez,India,1-10,2023-01-26,Organic Search,False
1302,Brown LLC,United Kingdom,1-10,2025-06-19,Google Ads,False
1303,"Velez, Ward and Harrison",United Kingdom,201-1000,2024-07-20,Organic Search,False
1304,Keith-Williams,India,201-1000,2024-06-15,Google Ads,False
1305,"Nguyen, Padilla and Boyd",United States,51-200,2024-01-13,,False
1306,Davenport-Baker,United States,1-10,2024-06-11,Referral,False
1307,"Hudson, Bennett and Gray",India,1-10,2023-08-12,LinkedIn Ads,False
1308,"Valdez, Houston and Black",United Kingdom,11-50,2023-05-27,Referral,False
1309,Kaufman-Walker,United States,11-50,2025-02-06,Direct,False
1310,Gomez-Parrish,United States,1-10,2023-02-22,Google Ads,False
1311,Sparks-Eaton,Canada,51-200,2023-03-08,Google Ads,False
1312,Shaw and Sons,Canada,1000+,2025-10-28,Organic Search,False
1313,Martin-Jones,Australia,11-50,2023-04-16,Organic Search,False
1314,"Campbell, Hernandez and Moore",Australia,1-10,2024-05-14,Referral,False
1315,"Love, Wilson and Hall",India,11-50,2024-05-08,,False
1316,Cortez-Olson,Canada,11-50,2024-04-16,LinkedIn Ads,False
1317,Mendoza-Garza,Canada,51-200,2025-04-14,Organic Search,False
1318,"Whitaker, Johnson and Williams",United States,11-50,2025-04-16,Direct,False
1319,"Vargas, Taylor and Hunt",Australia,1-10,2023-01-02,LinkedIn Ads,True
1320,"Thomas, Jackson and Nielsen",India,51-200,2023-11-03,,True
1321,"Mullen, Greene and Elliott",Canada,11-50,2023-09-19,Organic Search,False
1322,Johns Ltd,United Kingdom,1-10,2023-03-04,Direct,True
1323,"Nicholson, Valentine and Robinson",India,51-200,2024-08-15,Organic Search,False
1324,"Haney, Dillon and Jackson",United States,51-200,2025-01-27,LinkedIn Ads,False
1325,Burke-Norton,Canada,1-10,2024-04-20,Meta Ads,False
1326,Hanson PLC,United States,,2024-10-14,Direct,False
1327,Jackson-Jennings,United Kingdom,1-10,2024-05-10,Meta Ads,True
1328,Carlson-Jones,United States,201-1000,2024-08-13,Meta Ads,False
1329,Cruz-Rodriguez,India,1-10,2023-07-16,,False
1330,Mills PLC,Canada,11-50,2023-01-14,Referral,False
1331,"Barnes, Hernandez and Davis",India,51-200,2023-09-16,Meta Ads,False
1332,Valenzuela-Greene,United Kingdom,1-10,2025-10-07,Referral,False
1333,"Gordon, Wilson and Olson",Canada,51-200,2024-03-31,Meta Ads,False
1334,Winters PLC,India,11-50,2023-03-20,Direct,False
1335,Prince Ltd,Canada,1-10,2024-05-18,Meta Ads,False
1336,"Reynolds, Fisher and Golden",United Kingdom,51-200,2024-01-19,Meta Ads,False
1337,"Moreno, Perez and Lang",United States,11-50,2025-10-01,Google Ads,False
1338,Bell-Ballard,India,11-50,2024-04-25,LinkedIn Ads,False
1339,"Johnston, Coleman and Scott",Australia,11-50,2025-09-20,Organic Search,False
1340,Kent Inc,United States,11-50,2024-08-11,LinkedIn Ads,True
1341,George-Stephens,United Kingdom,1-10,2023-08-21,Meta Ads,False
1342,Lopez-Fletcher,India,1-10,2024-04-25,Meta Ads,False
1343,Lane Inc,United States,51-200,2024-06-19,LinkedIn Ads,False
1344,"Smith, Pena and Watts",Canada,51-200,2025-09-21,Meta Ads,False
1345,Ortiz-Rodriguez,United States,51-200,2024-02-27,Google Ads,False
1346,Pearson-King,India,51-200,2023-02-13,Google Ads,False
1347,"Henderson, Diaz and Hill",India,11-50,2024-03-07,Google Ads,True
1348,"Sanders, Harris and Arnold",United States,1-10,2025-02-04,Google Ads,False
1349,"Olson, Wood and Peters",Australia,,2023-07-29,Referral,False
1350,Hinton-Lane,United States,1-10,2023-03-11,Google Ads,True
1351,"Sanders, Taylor and Shields",Australia,1-10,2023-06-23,LinkedIn Ads,False
1352,Adkins Group,United States,51-200,2023-07-15,Referral,False
1353,"Avery, Garcia and Romero",India,51-200,2025-11-15,Meta Ads,False
1354,Owen-Mendez,United States,1-10,2023-07-10,LinkedIn Ads,True
1355,"Mann, Martin and Oconnell",United States,1000+,2025-03-17,Referral,False
1356,Brock and Sons,United States,11-50,2025-07-04,Organic Search,False
1357,Frost-Graham,United States,201-1000,2024-01-03,LinkedIn Ads,True
1358,Baker LLC,United Kingdom,51-200,2023-05-01,Meta Ads,True
1359,Lynch Ltd,United States,1-10,2023-12-01,Google Ads,True
1360,Arias-Morales,United States,11-50,2024-10-21,LinkedIn Ads,False
1361,"Meyer, Dawson and Harper",Canada,11-50,2023-06-08,Referral,True
1362,Bowman Group,United States,201-1000,2023-03-21,LinkedIn Ads,False
1363,"Mitchell, Johnson and Greene",India,11-50,2025-05-06,Meta Ads,False
1364,"Hale, Gilbert and Craig",United Kingdom,1-10,2023-12-06,LinkedIn Ads,False
1365,Allen-Smith,United Kingdom,11-50,2025-08-24,Direct,False
1366,Miller LLC,United States,1-10,2023-01-21,Google Ads,False
1367,Gomez-Foster,United States,51-200,2024-02-13,,False
1368,"Gonzalez, Smith and Padilla",United Kingdom,11-50,2024-12-18,,False
1369,Dunn Ltd,United States,11-50,2024-09-18,Referral,False
1370,"Herman, Bailey and Richmond",United States,51-200,2023-07-30,Meta Ads,False
1371,Perez-Mccarty,United States,1-10,2025-08-27,Google Ads,False
1372,Spears-Andrews,United States,,2023-01-01,Referral,True
1373,Thompson-Hunter,United Kingdom,1-10,2024-10-31,Referral,False
1374,"Jones, Phillips and Arroyo",India,51-200,2024-09-30,Meta Ads,False
1375,"Frye, Walter and Li",Canada,51-200,2023-10-20,Organic Search,False
1376,"Wright, Ramos and Bennett",United Kingdom,1-10,2024-12-14,Referral,False
1377,Carrillo-Todd,India,11-50,2024-01-27,,False
1378,Maldonado-Mosley,United States,11-50,2023-01-12,Meta Ads,False
1379,Olson LLC,India,11-50,2024-07-17,Meta Ads,False
1380,Reyes and Sons,India,201-1000,2023-04-03,Direct,True
1381,"Haynes, Mcbride and Gutierrez",United States,11-50,2023-03-20,Organic Search,False
1382,Black-Smith,Australia,,2023-06-19,Referral,False
1383,"Goodman, Peterson and Spencer",United States,51-200,2024-02-02,Organic Search,False
1384,Woods LLC,Australia,11-50,2025-01-20,Direct,False
1385,Shannon LLC,United States,1-10,2024-06-30,LinkedIn Ads,False
1386,Valentine Ltd,United States,1-10,2024-09-29,Meta Ads,False
1387,Porter and Sons,United Kingdom,1-10,2023-06-30,Google Ads,False
1388,Moss LLC,India,11-50,2024-03-21,LinkedIn Ads,False
1389,Perez and Sons,Australia,51-200,2024-01-27,Organic Search,False
1390,"Kelly, Maxwell and Wilson",United States,11-50,2024-10-08,Referral,False
1391,Lowe Ltd,United States,1-10,2024-06-25,Meta Ads,False
1392,Austin-Duran,Australia,1-10,2023-12-16,Referral,False
1393,"Rubio, Charles and Watson",Canada,11-50,2024-12-11,Organic Search,False
1394,Vasquez-Galloway,United States,1-10,2024-06-12,Meta Ads,True
1395,"Melton, Henry and Joyce",United Kingdom,11-50,2024-10-23,,False
1396,"Ramirez, Walker and Ray",India,11-50,2023-11-22,Meta Ads,False
1397,Fox Group,United States,51-200,2024-01-17,LinkedIn Ads,False
1398,Ayers-Johnson,India,1-10,2024-05-13,Meta Ads,False
1399,Long-Parks,United States,1-10,2025-11-04,LinkedIn Ads,False
1400,Bryant Inc,United States,201-1000,2024-09-07,Direct,True
1401,"Holmes, Stewart and Smith",United States,1000+,2023-04-21,Meta Ads,False
1402,"Clark, Carpenter and Nguyen",United States,51-200,2023-01-02,Google Ads,True
1403,"Hensley, Lopez and Baker",United States,1-10,2025-06-13,Google Ads,False
1404,Ruiz-Austin,United States,1-10,2024-06-12,LinkedIn Ads,True
1405,White-Coleman,India,51-200,2024-05-12,Google Ads,True
1406,Ramirez-White,United States,51-200,2024-08-02,Organic Search,False
1407,Krause Ltd,United States,201-1000,2024-03-30,Google Ads,False
1408,Olsen Ltd,India,11-50,2023-08-06,Google Ads,True
1409,Brock-Peters,United States,11-50,2024-01-04,Meta Ads,False
1410,Gonzalez-Marsh,United States,1-10,2024-01-03,Organic Search,False
1411,"Hernandez, Shaffer and Thompson",United States,51-200,2025-08-04,Google Ads,True
1412,Taylor-Barry,India,51-200,2025-09-22,,False
1413,"Holmes, Le and Floyd",United States,11-50,2025-07-11,Referral,False
1414,King-Garrison,United States,11-50,2025-05-18,Meta Ads,False
1415,Ross Ltd,Canada,11-50,2024-09-02,Organic Search,True
1416,Combs-Davis,United States,11-50,2025-09-29,Google Ads,False
1417,"Cook, Ward and Castro",United States,11-50,2023-02-18,,False
1418,Cooper-Jenkins,United States,11-50,2023-08-17,Google Ads,False
1419,Dillon-Mccarty,United Kingdom,11-50,2023-10-24,LinkedIn Ads,False
1420,Ray Ltd,Canada,1-10,2023-03-25,Meta Ads,False
1421,"Ryan, Krause and Mitchell",United States,201-1000,2024-11-22,,False
1422,Nunez-Freeman,India,51-200,2023-06-12,LinkedIn Ads,False
1423,"Griffin, Miller and Austin",Canada,11-50,2023-04-11,LinkedIn Ads,True
1424,Welch-Thomas,United States,201-1000,2025-03-27,Organic Search,False
1425,Davidson LLC,India,1-10,2023-09-23,LinkedIn Ads,False
1426,Welch-Duncan,United States,1-10,2024-10-26,Organic Search,False
1427,Page-Jacobs,United Kingdom,11-50,2025-07-03,Organic Search,True
1428,Nelson-Wallace,United States,11-50,2024-03-07,Google Ads,False
1429,Adkins-Meyer,India,1-10,2024-12-08,Organic Search,False
1430,Gutierrez-White,United Kingdom,1-10,2023-02-03,Organic Search,True
1431,Martinez and Sons,Canada,11-50,2024-08-04,LinkedIn Ads,True
1432,"King, Manning and Brady",United States,11-50,2023-07-18,Google Ads,False
1433,Jackson Inc,India,11-50,2025-04-01,Meta Ads,False
1434,"Brown, Wise and Warren",United States,51-200,2023-05-08,Organic Search,True
1435,Garcia PLC,United States,51-200,2025-10-10,Meta Ads,True
1436,Perez-Rojas,United Kingdom,51-200,2025-12-26,Referral,False
1437,Sims-Anderson,United States,11-50,2025-05-06,Organic Search,False
1438,Dalton-Nguyen,United Kingdom,1-10,2023-02-16,Google Ads,False
1439,Mcdonald-Pitts,Canada,11-50,2025-03-08,Referral,False
1440,Dunn-Taylor,India,11-50,2023-12-25,Organic Search,False
1441,"Ryan, Garza and Bryant",Australia,11-50,2025-08-02,Organic Search,True
1442,"Fields, Elliott and Mills",Canada,201-1000,2024-11-09,Direct,False
1443,"Ferguson, Stout and Olson",United States,201-1000,2025-12-04,,True
1444,Ballard Group,Canada,51-200,2025-12-29,,False
1445,Diaz-Green,Australia,11-50,2023-03-23,Organic Search,False
1446,Smith-Mills,India,51-200,2023-10-26,Referral,False
1447,Cooper Group,United States,201-1000,2023-10-18,Referral,False
1448,"Smith, Weeks and Arroyo",United Kingdom,51-200,2024-05-16,Meta Ads,False
1449,Evans-Cannon,India,11-50,2024-07-17,Referral,False
1450,Harper-Robles,Australia,51-200,2025-01-12,Meta Ads,False
1451,"Brooks, Jenkins and Castro",United Kingdom,1-10,2024-08-26,Referral,False
1452,Wright-Espinoza,United States,201-1000,2023-02-27,,False
1453,"Price, Gray and Baker",India,11-50,2025-11-24,Organic Search,False
1454,Garrett-Black,United Kingdom,11-50,2025-07-12,Referral,True
1455,"Aguirre, Cohen and Mitchell",United States,51-200,2023-01-30,Google Ads,False
1456,"Patel, Adams and Lopez",United States,11-50,2024-02-08,LinkedIn Ads,True
1457,Walsh PLC,India,11-50,2023-03-09,,False
1458,Nelson-Dean,Canada,11-50,2025-07-03,Google Ads,True
1459,Flores and Sons,United States,1-10,2023-12-30,Organic Search,False
1460,Booker Inc,India,11-50,2023-09-29,Google Ads,False
1461,Compton LLC,United Kingdom,51-200,2024-10-15,Google Ads,False
1462,Martinez-Gonzales,United States,1-10,2025-09-24,Google Ads,False
1463,Hall and Sons,India,1000+,2025-07-23,Meta Ads,False
1464,Snyder LLC,United States,1-10,2025-11-19,Organic Search,False
1465,Collins-Lloyd,United States,1-10,2025-06-20,,False
1466,Ford-Moody,United Kingdom,51-200,2023-05-15,Organic Search,False
1467,Miller-Christensen,India,1-10,2024-01-10,Google Ads,False
1468,Daniels and Sons,United States,51-200,2023-07-30,Direct,False
1469,Huang LLC,United States,201-1000,2023-12-18,Organic Search,False
1470,Clayton-Martinez,India,1-10,2024-07-05,Meta Ads,False
1471,"Wright, Wise and Ramos",United States,51-200,2024-12-25,Meta Ads,False
1472,"Vang, Gonzalez and Moss",United States,1000+,2023-04-24,Meta Ads,False
1473,Boyd and Sons,United States,51-200,2024-03-03,,True
1474,Price-Ali,India,51-200,2024-02-13,Organic Search,False
1475,Moore-Chandler,United States,201-1000,2025-09-09,Organic Search,True
1476,"Pineda, Meyer and King",India,1-10,2025-09-24,,False
1477,"Evans, Ward and Williams",India,11-50,2025-01-26,Meta Ads,False
1478,"Robinson, Rodriguez and Chen",United States,201-1000,2023-07-11,Organic Search,True
1479,Smith-Bauer,United States,51-200,2025-12-23,Organic Search,False
1480,"Wilson, Mccormick and Smith",Canada,51-200,2025-07-02,Google Ads,False
1481,Perkins Ltd,United States,11-50,2024-06-06,Direct,True
1482,Barker-Moore,United States,51-200,2023-09-04,Google Ads,True
1483,Parks LLC,Canada,1-10,2025-10-04,,False
1484,"Brown, Kelly and Moore",Canada,1-10,2025-12-25,LinkedIn Ads,False
1485,"Moody, Martinez and Hall",India,51-200,2023-05-30,LinkedIn Ads,False
1486,"Kramer, Sherman and Trujillo",India,11-50,2024-08-01,Meta Ads,True
1487,Quinn-Smith,Australia,,2024-08-24,Referral,False
1488,Howard-Taylor,United States,11-50,2024-10-30,Organic Search,False
1489,Washington Group,Australia,1-10,2023-11-09,Google Ads,False
1490,"Phillips, Terry and Lopez",India,1000+,2024-12-14,Meta Ads,False
1491,Stephens LLC,United States,1000+,2025-05-18,Google Ads,False
1492,"Mcdonald, Dillon and George",United States,51-200,2023-09-10,Meta Ads,True
1493,"Martin, Schmidt and Cole",United States,11-50,2025-06-17,Google Ads,False
1494,Weaver-Gibson,Canada,51-200,2023-11-30,Google Ads,False
1495,"Hunter, Gross and Andrade",United Kingdom,51-200,2023-05-07,Meta Ads,True
1496,"Vincent, Parsons and Allen",United States,11-50,2025-05-10,Referral,False
1497,"Brown, Coffey and Fuentes",United Kingdom,1000+,2024-04-14,Google Ads,False
1498,Warren Group,United States,1-10,2024-10-24,,False
1499,"Moore, Campbell and Ortiz",United States,1-10,2023-03-21,Referral,False
1500,Rodriguez-Mills,India,1-10,2025-05-08,Direct,True
1501,Russo and Sons,United States,1-10,2023-11-29,Google Ads,False
1502,Washington Inc,India,,2023-02-22,Referral,False
1503,Duncan Group,United States,1-10,2025-11-12,Google Ads,True
1504,"Burns, Hanson and Garza",Canada,11-50,2025-09-01,LinkedIn Ads,False
1505,Diaz PLC,United States,1-10,2024-06-10,Organic Search,False
1506,"Jones, Conrad and Clark",United Kingdom,1-10,2023-09-15,Google Ads,False
1507,Hebert-Collier,India,1-10,2025-04-07,Organic Search,False
1508,Owen-Brown,United States,11-50,2025-11-30,Direct,False
1509,"Paul, Zamora and Short",United Kingdom,51-200,2023-03-12,Referral,True
1510,"Brown, Jensen and Rice",United States,1-10,2024-05-02,Meta Ads,False
1511,"Jones, Torres and Blackburn",United States,1000+,2025-07-14,LinkedIn Ads,False
1512,"Davis, Hardy and Schmidt",India,1-10,2024-11-21,Referral,False
1513,Lee Ltd,India,51-200,2023-07-17,,False
1514,Hudson and Sons,United Kingdom,1-10,2023-09-16,Direct,False
1515,"Curry, Perry and Garcia",United States,11-50,2024-09-20,Organic Search,False
1516,"Ray, Craig and Park",United States,,2023-10-18,Google Ads,False
1517,Andrade-Jackson,United Kingdom,11-50,2025-12-22,Referral,False
1518,Pierce PLC,United States,11-50,2023-12-06,Referral,True
1519,Sandoval-Ferguson,United Kingdom,1-10,2024-02-19,Direct,False
1520,"Ramos, Gomez and Edwards",Australia,,2024-10-21,Direct,False
1521,Kirk-Gutierrez,United States,51-200,2023-05-02,Google Ads,True
1522,"Jordan, Swanson and Franklin",United States,11-50,2025-05-08,,False
1523,"Gardner, Brooks and Pierce",United States,51-200,2023-09-10,Organic Search,True
1524,"King, Nixon and West",India,11-50,2023-01-23,LinkedIn Ads,False
1525,Smith-Johnson,United States,51-200,2024-09-03,LinkedIn Ads,False
1526,Larson-Holmes,Australia,51-200,2025-02-20,Meta Ads,False
1527,Smith-Joyce,Australia,51-200,2025-09-24,Google Ads,False
1528,Foley Inc,United States,11-50,2025-06-04,Organic Search,False
1529,"Short, Ellison and Dixon",Canada,51-200,2025-09-05,,True
1530,"Howe, Moore and Johnson",United States,11-50,2024-03-29,Organic Search,False
1531,Moore-Baker,United Kingdom,,2025-11-28,Organic Search,False
1532,"Wright, Scott and Evans",United Kingdom,11-50,2024-03-05,Organic Search,True
1533,"Ross, Hardin and Navarro",India,11-50,2024-12-12,LinkedIn Ads,False
1534,"Nguyen, Olson and Freeman",Canada,1-10,2023-02-22,Google Ads,False
1535,"Warner, Weiss and Davis",Canada,51-200,2025-07-24,Meta Ads,False
1536,"Evans, Cross and Johnston",United States,11-50,2024-10-26,Direct,False
1537,Deleon LLC,United Kingdom,51-200,2025-04-01,Referral,False
1538,Hobbs-Hamilton,United States,51-200,2024-10-10,Google Ads,False
1539,Kane and Sons,India,51-200,2024-01-17,Google Ads,False
1540,"Delgado, Guzman and Smith",Australia,1000+,2023-11-23,Meta Ads,False
1541,"Reyes, Torres and Williams",India,11-50,2023-12-31,Organic Search,False
1542,"Cunningham, Murphy and Wolfe",Australia,11-50,2024-11-27,Meta Ads,False
1543,Maddox-Mullins,India,,2024-10-25,LinkedIn Ads,False
1544,"Wagner, Walker and Roberts",United States,1-10,2024-03-24,Google Ads,False
1545,Hernandez-Rogers,United States,51-200,2025-09-16,LinkedIn Ads,False
1546,Duncan-Williams,United States,51-200,2025-03-03,Organic Search,False
1547,Baker-Ross,United Kingdom,1-10,2024-04-25,Meta Ads,False
1548,Ayala-Anderson,India,1-10,2023-09-21,Direct,False
1549,Castillo and Sons,United States,51-200,2024-12-14,Organic Search,False
1550,Foster-Duncan,United States,11-50,2025-07-31,LinkedIn Ads,False
1551,"Gilbert, Fitzgerald and Sanchez",United States,201-1000,2023-04-28,,False
1552,Adams Group,United States,201-1000,2024-05-31,Organic Search,False
1553,Cohen-Johnston,Canada,1-10,2025-07-14,Organic Search,False
1554,Powers Group,United States,1000+,2023-01-14,Google Ads,False
1555,Bailey-Flores,India,51-200,2025-04-27,Organic Search,False
1556,"Rios, Carrillo and Jackson",Australia,51-200,2025-10-10,Meta Ads,True
1557,Jensen-Branch,Australia,1-10,2025-08-29,Meta Ads,False
1558,Hanson-Alexander,Australia,1-10,2023-07-05,LinkedIn Ads,False
1559,Gonzalez LLC,United States,1-10,2025-12-08,Referral,False
1560,Todd Inc,United States,1-10,2025-12-19,Meta Ads,False
1561,Singh and Sons,Australia,11-50,2024-01-22,LinkedIn Ads,False
1562,"Mcintosh, Melton and Wilkins",Australia,11-50,2025-02-05,Referral,True
1563,Cooper Inc,United Kingdom,11-50,2023-03-04,Direct,False
1564,Cole-Johnson,Australia,1-10,2024-08-19,Organic Search,False
1565,Payne LLC,United Kingdom,201-1000,2024-11-21,Direct,False
1566,"Webb, Blair and Thomas",Canada,1-10,2024-11-23,Google Ads,False
1567,"Barnett, Bennett and Escobar",United States,51-200,2025-09-10,Direct,False
1568,"Williams, Jackson and Campbell",Australia,201-1000,2024-10-18,Organic Search,False
1569,"Williamson, Brown and Pena",United States,51-200,2025-06-07,Meta Ads,True
1570,Alvarado-Durham,United States,1-10,2025-10-03,Organic Search,False
1571,Lin-Smith,India,11-50,2023-04-23,Google Ads,False
1572,"Hughes, Whitney and Romero",India,11-50,2023-04-09,Google Ads,False
1573,"Garcia, Stewart and Delacruz",Australia,51-200,2025-06-07,LinkedIn Ads,False
1574,"Miller, Gonzalez and Rasmussen",Canada,201-1000,2025-07-25,,False
1575,"House, Smith and Wright",United Kingdom,201-1000,2023-04-03,Google Ads,False
1576,"Torres, Burns and Garner",Canada,1000+,2023-12-29,Referral,False
1577,Garrett-Young,United States,201-1000,2024-06-12,LinkedIn Ads,False
1578,"Hill, Brown and Scott",United States,51-200,2025-04-18,LinkedIn Ads,False
1579,Zamora-Briggs,Australia,11-50,2024-03-06,Organic Search,True
1580,Raymond LLC,United States,11-50,2023-05-25,Google Ads,False
1581,"Taylor, Blair and Meyer",United Kingdom,1000+,2024-06-09,Organic Search,False
1582,"Salazar, Garrett and Perez",United States,51-200,2023-08-11,Meta Ads,False
1583,Berry Group,United Kingdom,1-10,2024-02-16,Direct,False
1584,Browning-Murphy,United States,1-10,2024-01-13,Organic Search,False
1585,"Anderson, Delgado and Carpenter",United Kingdom,11-50,2025-06-24,Google Ads,False
1586,"Mcbride, Huffman and Parker",India,1-10,2024-10-13,Google Ads,False
1587,"Roach, Browning and Jordan",Canada,1-10,2025-08-04,Organic Search,False
1588,Douglas PLC,United Kingdom,11-50,2024-12-01,,True
1589,Stewart PLC,United States,1-10,2025-12-18,Google Ads,False
1590,"Fry, Wilson and Stewart",India,11-50,2025-11-26,Organic Search,False
1591,Acosta LLC,United States,,2024-04-23,Google Ads,False
1592,Ali-Turner,Australia,11-50,2023-03-14,Google Ads,False
1593,"Peck, Shannon and Mahoney",United States,201-1000,2025-09-07,Google Ads,True
1594,Hernandez-Lopez,United Kingdom,11-50,2025-07-19,Meta Ads,False
1595,Lopez PLC,Canada,,2024-06-10,Meta Ads,True
1596,"Adams, Bradley and Hall",United States,1000+,2024-09-04,Google Ads,True
1597,Hall Inc,United Kingdom,51-200,2025-08-01,LinkedIn Ads,False
1598,Miller-Chan,India,1-10,2025-12-21,Google Ads,False
1599,Shaw PLC,Canada,11-50,2025-06-02,Google Ads,True
1600,Joseph-Brooks,United States,1-10,2023-04-15,Meta Ads,False
1601,Henry-Taylor,United States,51-200,2023-02-18,Meta Ads,False
1602,Perez Group,India,1-10,2024-10-02,Meta Ads,True
1603,Schaefer Group,United States,,2023-07-18,Google Ads,False
1604,Jones Group,United States,201-1000,2024-10-03,Meta Ads,False
1605,"Burns, Nguyen and Ellis",Australia,11-50,2024-10-08,Referral,False
1606,Patterson Inc,United States,1-10,2023-08-11,Google Ads,True
1607,"Moss, James and Edwards",India,1000+,2024-05-25,Organic Search,False
1608,"Crosby, Armstrong and Herrera",United States,,2025-08-26,Google Ads,False
1609,"Liu, Buchanan and Meyer",Canada,201-1000,2025-07-05,Direct,False
1610,Bryant-Rich,Canada,1-10,2023-05-22,Organic Search,False
1611,Stone Group,Canada,1-10,2024-10-18,Referral,False
1612,"Williams, Hughes and Hubbard",United States,11-50,2023-12-13,Meta Ads,False
1613,Wilkerson-Ayala,United Kingdom,11-50,2023-04-17,Organic Search,False
1614,Murray-Henderson,United States,1-10,2023-06-14,Google Ads,False
1615,"Ellison, Vaughn and Mckee",India,11-50,2024-09-11,,False
1616,Gallegos-Hayes,India,51-200,2025-01-21,Referral,False
1617,"Mason, White and Richards",United States,11-50,2024-06-19,LinkedIn Ads,False
1618,"Payne, Long and Morris",Australia,201-1000,2025-11-08,Google Ads,True
1619,White PLC,United States,1-10,2023-05-14,Referral,False
1620,"Huang, Khan and Davis",India,201-1000,2024-11-29,Organic Search,False
1621,Holt-Meadows,India,11-50,2023-08-05,Google Ads,False
1622,Higgins Inc,United States,11-50,2023-08-01,Organic Search,True
1623,Wilson Group,United States,51-200,2025-01-09,Organic Search,True
1624,"Cox, Mills and Cruz",United States,1-10,2025-06-25,Google Ads,False
1625,"Salazar, Moore and Pierce",Australia,51-200,2024-01-23,Organic Search,False
1626,Tate LLC,India,11-50,2023-11-29,Referral,False
1627,"Savage, Huffman and Martin",United States,51-200,2024-12-07,LinkedIn Ads,False
1628,Barnes LLC,United States,1-10,2023-05-13,,False
1629,"Mack, Griffin and Sims",United States,1000+,2023-01-25,Organic Search,False
1630,Roach and Sons,India,11-50,2023-05-15,Organic Search,False
1631,Dean LLC,United States,1-10,2025-09-28,Direct,False
1632,Ellis Group,India,201-1000,2025-10-08,Meta Ads,True
1633,"Aguirre, Franklin and Snyder",United Kingdom,1-10,2025-07-15,Organic Search,False
1634,Chapman Group,India,11-50,2023-11-02,Google Ads,True
1635,Ortiz-Miller,United States,1-10,2024-03-20,Meta Ads,False
1636,"Smith, Khan and Ramirez",United Kingdom,51-200,2024-09-13,Referral,False
1637,"Grant, Bryan and Williams",United Kingdom,1000+,2025-09-25,,False
1638,Thomas Inc,India,1-10,2024-08-15,LinkedIn Ads,False
1639,"Lane, Morrison and Rivera",United States,1-10,2023-11-21,Meta Ads,False
1640,Martin LLC,United Kingdom,51-200,2025-02-03,Referral,False
1641,"Guerrero, Graves and Armstrong",United States,1-10,2025-05-04,Direct,False
1642,"Thompson, Gibson and Riley",India,11-50,2024-07-28,Organic Search,False
1643,Richardson-Gray,Canada,51-200,2024-04-30,Google Ads,False
1644,Chang PLC,United Kingdom,51-200,2025-02-25,Organic Search,False
1645,Carter and Sons,United States,51-200,2024-01-31,Meta Ads,False
1646,Neal LLC,United Kingdom,1-10,2023-01-07,Referral,False
1647,Rose-Warren,Canada,11-50,2024-10-05,LinkedIn Ads,False
1648,"Clark, Brown and Duncan",United States,11-50,2024-02-04,LinkedIn Ads,False
1649,"Rice, Miller and Ramsey",United States,1-10,2023-10-23,Google Ads,False
1650,"Peck, Andersen and Mitchell",United Kingdom,11-50,2025-07-03,Organic Search,False
1651,"Abbott, Green and Andrews",Canada,1-10,2024-07-19,Organic Search,False
1652,"Gomez, Anderson and Hart",Canada,201-1000,2023-04-18,Organic Search,False
1653,"Daniel, Jimenez and Morton",United Kingdom,11-50,2024-10-25,,False
1654,"Hall, Roberts and Lee",United States,1-10,2025-11-13,,False
1655,Mclaughlin and Sons,United States,1-10,2025-12-06,Organic Search,False
1656,"Duarte, Gutierrez and Cook",United States,51-200,2024-04-12,LinkedIn Ads,True
1657,"Shaffer, Lewis and Davidson",India,51-200,2023-07-03,LinkedIn Ads,False
1658,"Campbell, Tyler and Parker",United States,1-10,2023-02-19,,False
1659,"Pierce, Wang and Wilson",India,11-50,2023-10-09,Meta Ads,False
1660,Peterson-Ramsey,United Kingdom,1-10,2025-10-05,,True
1661,"Choi, Collier and Lee",United Kingdom,11-50,2024-04-15,Google Ads,False
1662,Nielsen-Mendoza,United Kingdom,1-10,2025-03-24,LinkedIn Ads,False
1663,Robles-Brewer,United States,11-50,2025-11-12,Referral,True
1664,Moore-Murray,United States,,2025-03-15,Meta Ads,False
1665,"Huang, Ford and Olsen",United States,11-50,2023-03-27,Google Ads,False
1666,"Brown, Meyer and Cunningham",Australia,201-1000,2024-03-14,,False
1667,"Stewart, Herrera and Clark",United Kingdom,11-50,2024-03-20,Meta Ads,False
1668,"Rivera, Hendricks and Flynn",United States,11-50,2024-01-11,Meta Ads,True
1669,Montes LLC,United Kingdom,,2024-05-23,,False
1670,Morgan Group,Australia,1-10,2023-01-01,Meta Ads,False
1671,"Ferguson, Martin and Obrien",United States,51-200,2025-05-16,Meta Ads,False
1672,Larson LLC,India,1-10,2024-09-10,LinkedIn Ads,True
1673,"Hodge, Mckinney and Nelson",United States,1-10,2025-09-02,Google Ads,False
1674,Crawford and Sons,United States,51-200,2023-05-10,Google Ads,False
1675,Hayes-Sampson,United States,11-50,2025-08-11,,False
1676,Warren and Sons,Canada,51-200,2024-07-30,Google Ads,False
1677,Brooks Inc,United States,1000+,2023-04-01,Google Ads,True
1678,Gentry Group,India,1-10,2023-04-07,Google Ads,True
1679,"Johnson, Webb and Porter",United States,1-10,2023-10-26,Organic Search,False
1680,Peterson Group,United Kingdom,1-10,2024-08-21,Organic Search,False
1681,"Russo, Collins and Murphy",United States,11-50,2023-06-27,Referral,False
1682,Short PLC,United Kingdom,1-10,2023-03-29,Direct,False
1683,"Haney, Harris and Johnson",United Kingdom,1000+,2023-10-13,Referral,False
1684,Reeves-Boyd,Australia,11-50,2023-03-27,Organic Search,False
1685,Collins Inc,India,11-50,2024-11-16,Meta Ads,False
1686,"Charles, Wiggins and Cook",United Kingdom,11-50,2024-03-24,Organic Search,False
1687,"Edwards, Lane and Collins",India,51-200,2023-11-15,,False
1688,Hill-Flores,United Kingdom,1-10,2024-09-19,LinkedIn Ads,False
1689,Lambert-Nelson,Canada,1-10,2023-02-18,Meta Ads,False
1690,"Castro, Garcia and Daniels",United States,11-50,2023-09-01,Meta Ads,False
1691,"Flores, Thomas and Bush",United States,1-10,2024-03-02,Organic Search,False
1692,Andrews-Jackson,India,1-10,2025-10-20,Google Ads,False
1693,Austin-Morgan,India,51-200,2025-05-15,Organic Search,False
1694,Williams-Johnson,Canada,1000+,2023-03-21,Referral,False
1695,"Williams, Reyes and Miller",United States,11-50,2025-07-20,Meta Ads,False
1696,White-Carlson,United States,11-50,2024-03-19,Google Ads,False
1697,"Soto, Vaughn and Griffin",Canada,11-50,2023-05-22,LinkedIn Ads,False
1698,Edwards-Roth,United States,11-50,2025-11-24,Direct,False
1699,"Chang, Lamb and Miller",India,51-200,2023-08-13,Direct,False
1700,Bradley-Davis,United States,1-10,2025-10-02,Google Ads,True
1701,"Mcdonald, Bryant and Cohen",United States,1-10,2023-08-26,Google Ads,False
1702,"Miranda, Ruiz and Meza",United Kingdom,1-10,2025-05-30,LinkedIn Ads,False
1703,Callahan PLC,United Kingdom,11-50,2024-07-25,Organic Search,False
1704,Durham-Myers,United Kingdom,1-10,2023-09-10,Google Ads,True
1705,"Stark, Rivera and Valencia",India,11-50,2025-03-02,LinkedIn Ads,True
1706,Chavez-Johnson,United States,1-10,2024-04-20,Meta Ads,False
1707,Rodriguez-Mendoza,United States,11-50,2023-08-19,Meta Ads,False
1708,Campbell LLC,United States,51-200,2025-09-10,Google Ads,False
1709,"Andrews, Romero and Sullivan",United States,51-200,2023-10-27,Referral,False
1710,"Robles, Nguyen and Banks",United Kingdom,1-10,2023-12-04,Referral,True
1711,Patel-Morales,Australia,51-200,2023-05-03,Google Ads,True
1712,Allen-Sanchez,India,11-50,2025-11-03,Referral,True
1713,Dickson Group,India,11-50,2025-04-12,Referral,False
1714,Peterson Ltd,United Kingdom,11-50,2025-06-05,LinkedIn Ads,True
1715,"Reynolds, Baird and Bradley",India,1-10,2025-01-26,Meta Ads,False
1716,Stephens-Young,United States,201-1000,2024-09-23,LinkedIn Ads,False
1717,"Caldwell, Stevenson and Joseph",United Kingdom,1000+,2025-09-29,,False
1718,Wilson-Carlson,Canada,1-10,2025-11-17,Direct,False
1719,Peters-Short,United States,51-200,2024-01-28,LinkedIn Ads,False
1720,Parker Group,India,51-200,2023-10-13,Organic Search,False
1721,George Ltd,United States,1-10,2025-12-01,Organic Search,True
1722,"Wise, Gray and Snyder",United Kingdom,201-1000,2024-01-10,Referral,False
1723,"Brown, Robinson and Taylor",Canada,1-10,2024-11-30,Organic Search,False
1724,"Berger, Fields and Smith",United States,201-1000,2024-06-05,LinkedIn Ads,False
1725,Guerrero Group,United Kingdom,1-10,2024-02-12,Direct,False
1726,"Carter, Gilbert and West",United Kingdom,1-10,2024-10-03,Google Ads,False
1727,Maldonado LLC,United States,1-10,2024-07-22,LinkedIn Ads,False
1728,Hudson-Gentry,United States,1-10,2023-01-21,Direct,False
1729,Sellers-Zuniga,United States,51-200,2024-12-25,Google Ads,False
1730,"Haas, Cooper and Davis",United States,11-50,2024-02-21,Google Ads,False
1731,Carr PLC,Australia,1-10,2023-07-15,LinkedIn Ads,False
1732,Abbott-Phelps,Canada,1-10,2023-08-08,Organic Search,True
1733,Wood PLC,United Kingdom,51-200,2023-07-25,LinkedIn Ads,False
1734,Rodriguez-Campbell,Australia,11-50,2023-02-17,Meta Ads,False
1735,"Long, Flores and Reyes",United States,11-50,2025-11-05,Referral,False
1736,Graham-Clark,India,1-10,2025-02-12,LinkedIn Ads,False
1737,Wells and Sons,United States,11-50,2024-04-17,Referral,False
1738,"Cruz, Middleton and Larsen",India,51-200,2025-07-15,Google Ads,False
1739,Roberts Ltd,United Kingdom,1-10,2025-05-18,Meta Ads,False
1740,"Smith, Griffith and Tucker",United Kingdom,201-1000,2024-03-24,Organic Search,False
1741,Proctor-Taylor,Canada,51-200,2023-04-09,Google Ads,False
1742,May Group,United States,1-10,2025-07-16,Google Ads,False
1743,English-Dominguez,United States,11-50,2023-12-08,,True
1744,Hanson-Gibson,United States,201-1000,2025-05-16,Google Ads,False
1745,Arnold-Cole,United States,51-200,2024-07-05,Google Ads,False
1746,Perez-Coleman,India,,2025-12-28,Google Ads,False
1747,Lane Ltd,United Kingdom,11-50,2025-10-22,,False
1748,Joseph LLC,Australia,11-50,2025-01-22,Meta Ads,False
1749,House-Johnston,India,,2023-03-28,Meta Ads,False
1750,Good PLC,India,201-1000,2025-07-04,LinkedIn Ads,True
1751,Bush-Wilson,India,1-10,2025-04-14,,False
1752,Nixon-Miller,United Kingdom,1-10,2024-09-03,Direct,False
1753,"Simon, Terrell and Terrell",United States,1-10,2023-02-02,Referral,True
1754,Marshall-Miller,India,1-10,2025-03-22,Google Ads,False
1755,"Davis, Kennedy and Harmon",United States,201-1000,2025-01-30,,False
1756,"Miller, Schultz and Yates",Australia,11-50,2024-08-28,Meta Ads,False
1757,Austin-Berger,United States,,2024-12-27,Organic Search,False
1758,"Osborne, Harrison and Hunt",United States,,2024-02-01,LinkedIn Ads,False
1759,Berry-Rivera,United States,11-50,2025-12-03,LinkedIn Ads,False
1760,Yu-Yates,India,1-10,2025-01-23,LinkedIn Ads,False
1761,Jackson-Neal,United Kingdom,1-10,2025-02-11,Direct,True
1762,"Curry, Acosta and Elliott",India,1-10,2024-07-01,Referral,False
1763,Soto PLC,United States,1-10,2023-01-04,Direct,True
1764,Berry Ltd,India,11-50,2025-05-24,,False
1765,Lamb-Weber,United States,51-200,2024-06-27,Referral,False
1766,Washington-Martinez,Canada,1-10,2023-08-22,LinkedIn Ads,False
1767,York LLC,Australia,11-50,2024-11-08,Meta Ads,False
1768,Anderson-Campbell,Australia,51-200,2024-04-08,LinkedIn Ads,False
1769,Smith-Rodriguez,United Kingdom,1000+,2023-04-16,Meta Ads,False
1770,Kent Ltd,United Kingdom,11-50,2024-05-24,Google Ads,False
1771,Hopkins LLC,United Kingdom,11-50,2025-05-08,Meta Ads,False
1772,Green Ltd,India,11-50,2025-06-11,LinkedIn Ads,False
1773,Washington PLC,Canada,1-10,2024-09-22,Referral,False
1774,Larson and Sons,United Kingdom,1-10,2024-09-08,Referral,True
1775,Mullins-Gutierrez,Australia,1-10,2023-06-18,Organic Search,False
1776,Young-Alexander,Canada,1-10,2023-04-16,Google Ads,False
1777,"Jackson, Lane and Wilkinson",India,51-200,2025-01-01,Google Ads,False
1778,May Inc,United States,11-50,2023-03-22,Referral,False
1779,Jackson Group,Australia,1-10,2023-08-09,,False
1780,Turner-Reese,United States,1-10,2024-06-16,Referral,False
1781,"Hall, Vega and Price",India,201-1000,2025-03-16,Organic Search,False
1782,Thomas-Berg,Canada,51-200,2024-08-24,Referral,False
1783,Roberts Group,India,,2024-05-07,,False
1784,Gregory-Nixon,United States,1-10,2023-09-16,Google Ads,False
1785,"Blanchard, Davis and Schmidt",India,1-10,2025-04-19,Organic Search,False
1786,Blanchard-Reynolds,Canada,51-200,2025-08-27,Meta Ads,False
1787,"Garrison, Rogers and Adams",United States,1-10,2025-03-08,LinkedIn Ads,False
1788,Scott PLC,United Kingdom,51-200,2025-05-14,Direct,False
1789,Murray-Leonard,United States,11-50,2024-05-28,LinkedIn Ads,False
1790,Navarro PLC,United States,201-1000,2024-07-23,Organic Search,False
1791,Meyer Ltd,India,1-10,2025-02-02,Google Ads,True
1792,"Kaiser, Edwards and Smith",United States,1-10,2025-10-31,Meta Ads,False
1793,Decker Inc,United Kingdom,1000+,2025-07-20,Organic Search,False
1794,Davis-Garcia,United States,11-50,2023-06-02,Organic Search,True
1795,Bell-Hardy,Canada,51-200,2024-10-07,Google Ads,False
1796,Lee-Johnson,Australia,11-50,2024-04-06,Google Ads,True
1797,Brown PLC,United States,1-10,2025-05-30,Google Ads,False
1798,"Shannon, Robinson and Greene",United States,11-50,2023-04-15,Organic Search,False
1799,Erickson Inc,Australia,,2024-11-03,Organic Search,False
1800,Gates and Sons,India,1-10,2023-02-12,Direct,False
1801,Douglas-Yoder,India,201-1000,2023-11-28,Google Ads,False
1802,"Pratt, Lopez and Rodriguez",United States,1000+,2023-06-06,,True
1803,King Group,United States,1-10,2024-02-01,LinkedIn Ads,True
1804,"Mayer, Fowler and Livingston",United Kingdom,51-200,2024-07-23,Meta Ads,False
1805,Hammond-Schwartz,United Kingdom,201-1000,2023-02-07,Organic Search,False
1806,"Carrillo, Morris and Martin",United States,11-50,2023-11-25,Organic Search,False
1807,Ramirez Inc,United States,1-10,2025-06-04,LinkedIn Ads,True
1808,Price-Ferrell,India,1000+,2023-05-18,Organic Search,False
1809,Sosa-Baker,United Kingdom,1-10,2025-03-04,,True
1810,Jones-Krause,United States,1000+,2023-02-05,Direct,False
1811,"Vasquez, Thomas and Mack",Canada,1-10,2023-06-24,Google Ads,False
1812,Mendez Inc,United Kingdom,11-50,2023-09-03,Google Ads,False
1813,Baldwin-Garcia,United Kingdom,1-10,2024-08-23,Google Ads,False
1814,Waters-Smith,India,1-10,2023-11-10,Referral,False
1815,Hernandez-Bowman,United States,11-50,2024-09-06,Google Ads,False
1816,Ortega LLC,Australia,11-50,2023-07-25,Google Ads,False
1817,Graves Group,United States,1-10,2023-06-11,Meta Ads,False
1818,"Smith, Zimmerman and Wise",Australia,201-1000,2024-08-31,Organic Search,False
1819,Graham-Anthony,United States,,2023-07-10,,False
1820,Fernandez Inc,United States,11-50,2023-03-29,Meta Ads,False
1821,Finley-Meyers,United States,11-50,2024-01-15,Organic Search,False
1822,Martinez-Nichols,United Kingdom,51-200,2023-12-13,Referral,False
1823,Cook-Turner,United States,11-50,2024-01-20,Google Ads,False
1824,Chen Ltd,United States,1-10,2024-12-06,Direct,False
1825,Diaz LLC,United States,,2025-05-10,Organic Search,True
1826,Randall LLC,India,11-50,2023-09-20,Referral,False
1827,"Harris, Spencer and Ponce",United States,1000+,2024-04-17,Organic Search,False
1828,"Lee, Dominguez and Mosley",Canada,11-50,2023-08-19,Organic Search,False
1829,"Barker, Tucker and Mcclure",United Kingdom,11-50,2024-02-27,Google Ads,False
1830,Moss-Taylor,United States,51-200,2025-02-14,Organic Search,False
1831,Johnson PLC,United States,201-1000,2024-01-21,Referral,False
1832,Burns Inc,United Kingdom,11-50,2023-07-01,Google Ads,True
1833,"Schneider, Porter and Hanna",United Kingdom,1-10,2025-04-26,Meta Ads,False
1834,Levy-Smith,United Kingdom,1-10,2025-07-19,Organic Search,False
1835,Brown-French,Australia,1-10,2024-07-06,,True
1836,Sullivan and Sons,India,1000+,2024-03-24,Organic Search,False
1837,"Contreras, Ellis and Gregory",India,51-200,2024-05-06,Meta Ads,True
1838,"Hernandez, Riley and Buckley",United States,201-1000,2024-05-09,Meta Ads,True
1839,Moss Group,India,1-10,2023-07-01,Google Ads,True
1840,"Smith, Meadows and Montgomery",United Kingdom,1-10,2025-09-12,Google Ads,False
1841,Haynes and Sons,India,11-50,2024-02-13,Organic Search,False
1842,Hoover-Davis,United States,201-1000,2024-02-06,Meta Ads,True
1843,"Jackson, Garza and Meyers",United Kingdom,11-50,2024-04-11,Organic Search,True
1844,Wilson PLC,United States,11-50,2024-02-24,LinkedIn Ads,False
1845,"Walker, Brock and Simmons",India,1-10,2024-03-15,Google Ads,False
1846,"Gregory, Nguyen and Daugherty",United States,201-1000,2025-07-10,Google Ads,False
1847,"Gardner, Morris and Oconnell",Australia,1-10,2024-05-08,Organic Search,False
1848,Duran PLC,Canada,51-200,2024-03-19,Referral,False
1849,Rogers Inc,Canada,11-50,2023-01-01,Meta Ads,True
1850,Thomas-Perry,United States,51-200,2023-02-13,Google Ads,False
1851,"Wood, Martin and Sanchez",India,1-10,2024-03-04,Meta Ads,True
1852,"Williams, Garcia and Boone",United States,11-50,2025-01-20,Referral,False
1853,"Bennett, Moore and Hobbs",India,,2025-08-28,Google Ads,False
1854,Mann PLC,United States,1-10,2024-03-09,LinkedIn Ads,True
1855,Butler-Aguirre,United States,1-10,2025-07-16,Direct,False
1856,Schwartz-Harris,United Kingdom,1-10,2024-07-25,Organic Search,False
1857,"Nelson, Cole and Allen",United States,51-200,2025-02-08,LinkedIn Ads,True
1858,Bishop Inc,Canada,201-1000,2025-12-28,Google Ads,False
1859,"White, Porter and Clements",United States,,2024-04-19,Google Ads,False
1860,"Serrano, Turner and Barnes",United States,11-50,2024-11-25,Google Ads,False
1861,"Young, Wilson and Moreno",United States,1-10,2024-02-25,Referral,False
1862,Montgomery PLC,India,51-200,2025-05-14,LinkedIn Ads,False
1863,"Robinson, Townsend and Hopkins",India,,2023-03-03,Google Ads,False
1864,Brown-Rodriguez,Australia,1-10,2023-03-04,Google Ads,False
1865,Jennings Group,United States,1000+,2025-09-11,Google Ads,False
1866,Thompson-Santiago,United States,1000+,2023-11-03,Meta Ads,False
1867,Clark-King,India,1-10,2023-11-23,Referral,False
1868,"Trujillo, Chang and Williams",United States,1-10,2023-11-05,Referral,False
1869,"Williams, Medina and Moore",United States,11-50,2025-11-04,,False
1870,Jacobson Ltd,Australia,11-50,2024-12-08,Google Ads,True
1871,Watkins-Nguyen,United Kingdom,11-50,2024-04-27,Referral,False
1872,Burgess LLC,India,51-200,2024-09-27,,False
1873,Maxwell LLC,India,1-10,2025-04-12,LinkedIn Ads,False
1874,Kane-Bennett,India,1-10,2025-12-12,,False
1875,Brown-Graham,Australia,1-10,2025-12-18,,False
1876,Reilly Group,Canada,11-50,2025-08-28,Direct,False
1877,Hughes and Sons,United Kingdom,1-10,2025-03-29,Google Ads,False
1878,Cortez-Chen,India,11-50,2024-09-21,Google Ads,False
1879,Harris-Martinez,United States,1-10,2024-03-14,Direct,False
1880,"Carroll, Ramirez and Rodriguez",Australia,1-10,2025-03-09,Direct,False
1881,Ellis-Jackson,United States,1-10,2025-01-25,Organic Search,False
1882,Robinson-Phillips,India,1-10,2025-02-11,Referral,False
1883,Clarke Ltd,India,11-50,2023-08-12,Organic Search,False
1884,"Whitehead, Lane and Tran",United States,11-50,2025-08-11,Organic Search,False
1885,Atkins-Robinson,India,1-10,2024-08-19,Direct,False
1886,Hood-Ramirez,United States,201-1000,2024-10-07,Google Ads,False
1887,"Patterson, Salas and Wright",United States,11-50,2025-12-13,,False
1888,Riley-Snow,United States,11-50,2024-02-10,Google Ads,False
1889,"Shah, Mcintyre and Villanueva",Australia,1000+,2023-06-07,Direct,False
1890,Baird-Williams,Canada,1000+,2025-08-03,Referral,False
1891,Quinn-Gordon,United States,,2024-03-03,Direct,True
1892,Schmidt-Mendoza,United States,201-1000,2025-08-12,Google Ads,True
1893,"Nicholson, Chavez and Allen",United States,1000+,2023-09-03,Direct,True
1894,"Mullins, Steele and Russell",United States,201-1000,2023-10-02,Google Ads,False
1895,Anderson LLC,United States,1-10,2024-04-07,,True
1896,Holland Inc,India,1-10,2024-02-03,Organic Search,True
1897,Castillo LLC,United States,1-10,2024-07-17,LinkedIn Ads,False
1898,Warner PLC,United States,51-200,2023-03-29,Organic Search,False
1899,"Silva, Bray and Ford",Canada,1000+,2025-06-10,Organic Search,True
1900,Sawyer Group,United Kingdom,,2023-03-28,Referral,False
1901,Clarke LLC,United States,11-50,2023-02-25,Organic Search,False
1902,"Marshall, Schultz and Dalton",United States,,2024-03-23,Meta Ads,False
1903,Cruz Ltd,United Kingdom,11-50,2025-09-21,LinkedIn Ads,False
1904,Schmidt-Phillips,India,1-10,2024-06-24,Direct,False
1905,Wolfe-Salazar,India,1-10,2024-02-02,Google Ads,True
1906,"Norton, French and Miller",United Kingdom,11-50,2024-04-23,Organic Search,False
1907,Fitzgerald-Brown,United Kingdom,11-50,2023-04-08,,False
1908,"Cox, Williams and Reyes",United States,51-200,2023-02-02,LinkedIn Ads,True
1909,Harvey-Diaz,India,51-200,2025-05-11,Organic Search,False
1910,Wong Ltd,Australia,1-10,2025-07-23,LinkedIn Ads,False
1911,Castro and Sons,India,1-10,2024-05-23,Organic Search,False
1912,Zavala and Sons,United Kingdom,201-1000,2023-12-25,Google Ads,False
1913,"Wilson, Mendoza and Crosby",United States,11-50,2025-05-30,Organic Search,False
1914,"Pitts, Warner and Mullins",Canada,11-50,2023-11-14,Google Ads,False
1915,Flores LLC,India,1-10,2024-03-18,Direct,False
1916,"Frazier, Ramirez and Brown",United States,201-1000,2024-05-14,LinkedIn Ads,False
1917,Chavez-Mason,Australia,201-1000,2023-01-07,Direct,True
1918,Harrison PLC,Canada,1-10,2024-11-30,Referral,False
1919,"Bryan, Lam and Hayes",United Kingdom,51-200,2025-06-08,Google Ads,False
1920,Marsh-Dougherty,United Kingdom,1-10,2024-03-19,LinkedIn Ads,False
1921,Miller and Sons,India,11-50,2024-10-04,Direct,True
1922,Mullen-Jones,India,1-10,2023-11-02,Referral,False
1923,"Crane, Johnson and Butler",Australia,51-200,2025-06-09,Google Ads,True
1924,"Weaver, Anderson and Reed",Canada,1000+,2023-05-09,Google Ads,True
1925,Rojas-Smith,United States,,2024-11-16,Referral,False
1926,Brown and Sons,United Kingdom,1-10,2023-06-14,Organic Search,False
1927,"Newman, Jenkins and Cooper",United Kingdom,1-10,2025-12-04,Organic Search,True
1928,"Buchanan, Tucker and Wade",United States,11-50,2024-03-27,Meta Ads,False
1929,"Wilkinson, Wallace and Torres",United States,201-1000,2025-07-08,Organic Search,True
1930,Villanueva LLC,United Kingdom,11-50,2023-09-02,Google Ads,True
1931,Mccormick and Sons,Canada,11-50,2023-11-26,Direct,False
1932,Watson-Roberts,United States,1000+,2023-05-18,Google Ads,False
1933,Hernandez LLC,Canada,51-200,2025-01-02,Google Ads,False
1934,Huber-Montgomery,United Kingdom,1-10,2025-08-08,Referral,False
1935,Mcpherson Ltd,United States,11-50,2023-01-01,Google Ads,False
1936,"Conway, Bauer and Martin",United States,11-50,2024-12-07,Google Ads,False
1937,"Martinez, Green and Lopez",United States,201-1000,2023-12-12,Meta Ads,False
1938,"Mann, Wade and Spence",Canada,1-10,2025-06-02,Direct,False
1939,Ferguson Inc,Australia,11-50,2025-08-21,Direct,False
1940,Sullivan Group,India,1-10,2024-01-18,Referral,False
1941,Gould LLC,United States,11-50,2024-06-18,Direct,False
1942,Smith Ltd,India,1-10,2025-06-15,LinkedIn Ads,False
1943,"Cantrell, Rivera and Thornton",Australia,11-50,2023-12-29,Direct,False
1944,Kemp-Montes,Canada,51-200,2025-10-06,Organic Search,False
1945,"Estrada, Marsh and Chandler",United Kingdom,201-1000,2025-04-04,LinkedIn Ads,True
1946,Morgan-Rodriguez,Australia,51-200,2025-01-17,Meta Ads,False
1947,Mccullough-Taylor,United States,51-200,2024-11-02,Google Ads,False
1948,"Wilson, Johnson and Williamson",United States,201-1000,2025-07-05,Organic Search,False
1949,Griffin Inc,United Kingdom,1000+,2023-05-29,Google Ads,False
1950,Brown-Davidson,United Kingdom,11-50,2024-04-26,Organic Search,False
1951,"Fox, Harrington and Wang",Canada,201-1000,2023-03-19,Referral,False
1952,Rhodes-Rosario,India,1000+,2025-06-06,Organic Search,False
1953,"Foster, Henry and Morrison",India,51-200,2024-11-22,,False
1954,"Harding, Kerr and Ward",United States,11-50,2025-05-11,Referral,True
1955,Baldwin Group,United States,201-1000,2024-04-26,LinkedIn Ads,False
1956,Hughes-Smith,United States,11-50,2024-07-16,Google Ads,False
1957,Bell-Madden,United Kingdom,11-50,2025-02-26,Referral,False
1958,"Miller, Luna and Wallace",India,1-10,2023-09-23,Organic Search,False
1959,Lara-Roberts,India,11-50,2025-03-27,Organic Search,False
1960,"Waller, Coleman and Mosley",Australia,51-200,2025-08-01,Meta Ads,True
1961,Houston PLC,United Kingdom,1-10,2023-09-13,Referral,False
1962,Thomas LLC,United States,11-50,2025-12-08,Organic Search,False
1963,Mcneil-Fox,United States,51-200,2023-09-30,Organic Search,False
1964,Jones-Choi,Australia,1-10,2023-07-31,Google Ads,False
1965,Davis-Ortiz,United States,1-10,2025-09-16,Direct,False
1966,Perry-Peters,United Kingdom,1-10,2024-03-31,Organic Search,False
1967,"Bradley, Melendez and Gonzalez",United Kingdom,11-50,2025-01-26,Direct,False
1968,Roberts-Henry,Canada,11-50,2023-02-02,Referral,False
1969,Davenport-Torres,United States,11-50,2024-09-19,Google Ads,False
1970,"Singh, Walker and Moody",Canada,11-50,2025-09-12,Google Ads,False
1971,Baker Ltd,United Kingdom,1-10,2023-03-19,Meta Ads,False
1972,"Kennedy, Valdez and Stafford",United Kingdom,1-10,2024-11-02,Google Ads,True
1973,White-Knox,Australia,1-10,2025-12-10,Referral,False
1974,"Sanchez, Wilson and Ramirez",Canada,51-200,2023-11-03,Organic Search,False
1975,George LLC,United States,11-50,2023-12-30,Organic Search,False
1976,"Castillo, Graham and Scott",United Kingdom,1-10,2025-09-05,Meta Ads,False
1977,"Alvarez, Benson and Wilson",United Kingdom,11-50,2024-11-08,Direct,False
1978,"Quinn, Smith and Green",Australia,11-50,2025-11-03,Referral,True
1979,"Brown, Flores and Johns",United States,1-10,2025-11-10,Organic Search,False
1980,Howard Inc,India,51-200,2025-01-14,Meta Ads,False
1981,Ward-Fields,United Kingdom,1000+,2023-09-01,Referral,True
1982,Williams-Carter,Canada,1-10,2023-03-22,Referral,False
1983,"Mayer, Palmer and Miranda",United States,11-50,2023-09-26,Referral,False
1984,"Marsh, Nelson and Wolfe",Australia,,2024-02-03,Meta Ads,True
1985,Davis-Carpenter,United Kingdom,1-10,2023-07-25,Meta Ads,False
1986,Watson-Washington,United Kingdom,11-50,2023-10-23,Referral,False
1987,Mccall-Martin,Australia,,2024-08-22,Google Ads,False
1988,Pope PLC,Canada,201-1000,2024-03-04,Google Ads,False
1989,"Norris, Cisneros and Mathis",India,1-10,2023-05-09,Organic Search,False
1990,"Arnold, Avila and Wilson",India,51-200,2025-11-02,Referral,True
1991,Moon-Wilson,United States,1-10,2024-12-07,Google Ads,False
1992,Mclean Group,India,201-1000,2024-01-06,LinkedIn Ads,False
1993,Collins-Cox,United Kingdom,1-10,2025-09-17,,False
1994,Preston-Harper,India,11-50,2025-07-17,Organic Search,False
1995,Jackson-Torres,United Kingdom,1000+,2025-06-19,Organic Search,False
1996,"Olsen, Walker and Vincent",United States,1000+,2024-01-17,Direct,False
1997,Watts LLC,India,51-200,2023-07-26,Referral,False
1998,Vazquez-Bowers,United States,201-1000,2024-04-29,Meta Ads,False
1999,Smith Group,United States,11-50,2024-06-30,LinkedIn Ads,False
2000,Williams-Rodriguez,United States,1-10,2024-08-16,Google Ads,False
2001,"Palmer, Brown and Wilson",India,1-10,2023-08-27,LinkedIn Ads,False
2002,Williams-Turner,United States,1-10,2025-06-20,Google Ads,False
2003,"Harris, Santana and Lopez",India,1-10,2023-08-19,Organic Search,False
2004,Johnson-Thomas,United States,1-10,2023-07-21,Meta Ads,False
2005,"Mcmahon, Rush and Bailey",United Kingdom,201-1000,2023-03-19,Meta Ads,False
2006,Wyatt Ltd,United Kingdom,51-200,2024-12-16,Organic Search,False
2007,"Allen, Hudson and Garcia",United States,51-200,2023-05-05,Direct,False
2008,"Hines, Rice and Baldwin",United States,1-10,2024-09-10,Meta Ads,False
2009,Jackson-Webster,United States,51-200,2024-12-11,Google Ads,False
2010,Beltran Inc,United States,51-200,2023-12-09,Organic Search,False
2011,Knapp Ltd,United States,1-10,2025-09-05,,True
2012,Richardson-Lawrence,Canada,1-10,2025-08-20,Organic Search,False
2013,Nunez-Rodriguez,United States,51-200,2023-06-11,Google Ads,True
2014,Zavala-Coleman,United Kingdom,1-10,2023-04-20,Referral,False
2015,"Perez, Rodriguez and Rollins",United Kingdom,,2024-01-06,Organic Search,False
2016,Owens PLC,India,201-1000,2025-06-15,Google Ads,False
2017,Simpson LLC,United States,,2025-06-02,Google Ads,False
2018,"Roberts, Bowen and Miller",India,51-200,2023-03-11,Meta Ads,True
2019,Wilson-Campbell,India,201-1000,2024-11-21,Organic Search,False
2020,"Fitzgerald, Mcdaniel and Randall",United States,51-200,2024-02-01,Meta Ads,False
2021,Spencer LLC,Australia,51-200,2023-01-03,Google Ads,True
2022,Lopez-Jones,India,51-200,2025-10-13,Referral,False
2023,Crosby-Richardson,United States,11-50,2025-01-05,LinkedIn Ads,True
2024,Lutz Group,United States,201-1000,2024-06-15,,False
2025,"Garcia, Kim and Barrett",Canada,11-50,2023-09-10,Google Ads,False
2026,Neal-Madden,United States,51-200,2025-06-26,Direct,False
2027,"Schaefer, Levine and Brown",United Kingdom,201-1000,2023-09-17,LinkedIn Ads,False
2028,Morgan PLC,United States,1-10,2023-01-16,Organic Search,False
2029,Martinez-Massey,United States,1000+,2025-10-04,Organic Search,True
2030,"Porter, Hubbard and Miranda",Australia,11-50,2023-05-13,Organic Search,False
2031,"Nelson, Clarke and Schneider",United Kingdom,1-10,2024-05-19,Referral,False
2032,Kelly-Estrada,United Kingdom,11-50,2023-04-01,Referral,False
2033,Archer-Dixon,United States,1-10,2024-04-15,Meta Ads,False
2034,Tate Inc,United Kingdom,11-50,2023-01-27,Referral,False
2035,Fuller and Sons,United Kingdom,51-200,2024-02-12,,True
2036,Garcia Inc,United States,51-200,2025-08-04,Meta Ads,False
2037,Jimenez Inc,United States,1-10,2025-10-04,Referral,False
2038,Reyes Ltd,United States,1-10,2024-08-01,Referral,True
2039,Hernandez-Howell,United Kingdom,1-10,2023-03-02,Organic Search,True
2040,Wolf Ltd,India,201-1000,2025-06-19,Referral,False
2041,"Saunders, Sparks and Harris",United States,1-10,2025-12-10,,False
2042,"Jimenez, Wagner and Daniels",Canada,11-50,2025-04-29,Meta Ads,False
2043,"Payne, Cisneros and Johnson",India,11-50,2025-07-04,Organic Search,False
2044,Beard-Wilson,India,11-50,2024-04-28,Direct,False
2045,Edwards-Bennett,United Kingdom,51-200,2024-05-25,Organic Search,False
2046,Johnson-Thompson,India,51-200,2023-03-19,Meta Ads,False
2047,"Dalton, Turner and Mccarthy",India,11-50,2025-10-06,Organic Search,False
2048,Jordan-Edwards,Australia,1-10,2024-08-22,Direct,False
2049,Freeman-Rodriguez,United States,11-50,2025-09-20,Meta Ads,False
2050,"Henry, Spencer and Ryan",United Kingdom,51-200,2025-11-21,Organic Search,False
2051,Alvarez-Dickerson,Australia,1-10,2024-06-24,LinkedIn Ads,False
2052,"Brown, Baker and Garza",United States,11-50,2025-11-21,Direct,False
2053,Jensen-Gomez,United States,11-50,2023-02-26,Organic Search,False
2054,Flores-Johnson,United States,201-1000,2023-10-28,,False
2055,Pacheco-Silva,Canada,1000+,2023-05-25,Direct,False
2056,"Peterson, Davis and Reed",United States,201-1000,2025-07-13,Referral,False
2057,Jenkins-Brown,United Kingdom,11-50,2025-11-04,,False
2058,Watkins-Lozano,United States,11-50,2025-05-07,LinkedIn Ads,True
2059,Melton Inc,United States,11-50,2024-09-05,Google Ads,True
2060,Jackson-Ryan,United Kingdom,51-200,2024-07-07,Organic Search,True
2061,Murray Group,United Kingdom,,2025-09-04,Google Ads,False
2062,"Robertson, Fisher and Smith",United States,1-10,2025-05-17,LinkedIn Ads,False
2063,Chapman-Odom,United States,1-10,2024-04-04,Meta Ads,True
2064,Hudson-Morris,United States,51-200,2025-05-13,Meta Ads,False
2065,Stokes Inc,India,1-10,2025-05-29,,False
2066,"Leonard, Rogers and Shaw",United States,11-50,2023-07-29,Google Ads,False
2067,"Morgan, Mendez and Cox",Australia,11-50,2024-07-17,Google Ads,False
2068,Harris-Reid,United States,,2025-12-26,Google Ads,False
2069,Pittman PLC,United States,11-50,2025-12-15,Organic Search,False
2070,Mitchell Inc,United States,1000+,2024-03-15,Google Ads,False
2071,Davies-Morales,United States,51-200,2024-02-23,Google Ads,False
2072,Weber Inc,United States,201-1000,2023-03-31,Meta Ads,False
2073,"Richard, Davis and Rogers",Canada,51-200,2024-07-24,LinkedIn Ads,False
2074,Simmons-Reed,United States,51-200,2024-01-31,Meta Ads,False
2075,Pearson LLC,United Kingdom,51-200,2023-05-14,Google Ads,False
2076,"Brock, Reynolds and Fernandez",United Kingdom,11-50,2025-03-31,,False
2077,Perry LLC,United Kingdom,51-200,2024-04-08,Organic Search,False
2078,"Robertson, Powers and Kelley",United Kingdom,51-200,2025-03-21,LinkedIn Ads,False
2079,Burton PLC,India,1-10,2024-11-01,Meta Ads,False
2080,Ray and Sons,United States,1-10,2024-05-01,Organic Search,True
2081,"Hayden, Harmon and Mcdonald",Australia,1-10,2024-12-20,LinkedIn Ads,False
2082,"Patel, Mendez and Hammond",Australia,1-10,2025-03-19,Meta Ads,False
2083,Michael-Barber,United States,11-50,2024-11-02,,False
2084,Boyd LLC,Australia,,2025-12-22,Meta Ads,False
2085,Hernandez-Hernandez,India,11-50,2025-06-09,LinkedIn Ads,True
2086,"Cannon, Richard and Jenkins",United States,11-50,2024-10-06,Meta Ads,False
2087,Walters Group,United Kingdom,1000+,2024-10-15,Google Ads,False
2088,Colon-Lucas,United States,51-200,2024-06-12,Referral,True
2089,Mcdaniel-Young,India,1-10,2024-08-15,Meta Ads,False
2090,Wilson and Sons,Canada,1-10,2025-05-21,Google Ads,False
2091,Sanchez LLC,United Kingdom,1-10,2025-08-28,,False
2092,Washington-Esparza,United States,51-200,2024-07-29,Google Ads,False
2093,Lucas-Johnson,United Kingdom,1-10,2023-03-05,Direct,True
2094,Nelson Inc,United Kingdom,1-10,2023-09-19,Google Ads,False
2095,Clarke-Ramirez,United Kingdom,11-50,2024-07-13,Direct,False
2096,"Thompson, Phelps and Stuart",India,1-10,2023-06-05,Google Ads,False
2097,Casey-Brown,United States,1-10,2024-12-01,Meta Ads,False
2098,Edwards LLC,United Kingdom,11-50,2023-12-12,Meta Ads,False
2099,Lester Group,India,11-50,2024-04-21,Referral,False
2100,Powers-Blackwell,United States,1-10,2024-06-05,Meta Ads,True
2101,Hahn-Ramsey,Australia,1-10,2023-08-17,Google Ads,False
2102,Young PLC,India,51-200,2025-03-10,Organic Search,True
2103,"Mason, Martinez and Beck",Canada,1-10,2024-02-27,Meta Ads,False
2104,"Herring, Huynh and King",United States,51-200,2025-02-16,Referral,False
2105,Young Inc,India,11-50,2023-05-18,,False
2106,Murphy-Silva,India,11-50,2023-03-09,Direct,True
2107,Shaffer-Manning,United States,,2024-11-08,Referral,False
2108,Robinson-Rodriguez,United Kingdom,11-50,2025-06-21,Meta Ads,False
2109,Booker Group,Canada,1-10,2024-06-04,Organic Search,False
2110,King-Lawrence,Australia,201-1000,2025-12-31,Organic Search,False
2111,Ferguson-Lyons,India,1-10,2023-08-08,Organic Search,False
2112,Vega-Richmond,United States,11-50,2023-10-29,Direct,False
2113,Cox Ltd,Australia,1000+,2025-05-21,LinkedIn Ads,False
2114,Underwood-Smith,United States,11-50,2025-12-09,Google Ads,True
2115,"Johnson, Stevenson and Lindsey",India,1-10,2025-10-02,Referral,True
2116,Vazquez Ltd,India,1-10,2024-02-07,Google Ads,True
2117,Fowler-Haynes,United States,11-50,2024-02-05,Google Ads,True
2118,"Martinez, Camacho and Mathews",United States,1000+,2024-03-06,,True
2119,Smith-Yu,United States,51-200,2023-04-02,Google Ads,False
2120,Turner-Mayer,United States,11-50,2025-02-08,Google Ads,True
2121,Evans and Sons,India,11-50,2023-01-23,Referral,False
2122,Welch-Suarez,United States,201-1000,2024-08-15,Organic Search,False
2123,"Sullivan, Johnson and Delacruz",India,51-200,2025-05-12,Referral,False
2124,Ruiz-Gutierrez,United States,1-10,2023-07-20,,False
2125,Love-Mcdowell,Canada,51-200,2025-01-27,Meta Ads,False
2126,Holloway Ltd,United Kingdom,1-10,2024-09-11,Organic Search,True
2127,Hunter-Bell,United Kingdom,1-10,2023-06-01,Organic Search,False
2128,"Daniel, Kelley and Murphy",India,1000+,2024-05-04,Google Ads,True
2129,"Johnson, Williams and May",India,51-200,2024-07-04,,True
2130,"Ramos, Davidson and Smith",United Kingdom,11-50,2024-08-25,Meta Ads,False
2131,Fuller LLC,United States,11-50,2023-02-01,LinkedIn Ads,False
2132,"Miller, Moore and Black",United Kingdom,11-50,2023-05-29,Meta Ads,False
2133,"Hines, Bradford and Jennings",Australia,201-1000,2025-07-19,Google Ads,False
2134,Hayes-Russo,United States,51-200,2025-07-19,Organic Search,False
2135,"Serrano, Marsh and Gonzalez",United States,11-50,2023-06-11,Google Ads,False
2136,Richardson-Long,Canada,11-50,2025-02-08,LinkedIn Ads,True
2137,Duffy-Wilkerson,United Kingdom,11-50,2023-10-10,,True
2138,Smith Inc,United States,11-50,2023-10-10,Google Ads,False
2139,"Holland, Sims and Meadows",United Kingdom,1-10,2025-07-09,Organic Search,False
2140,Gonzalez-Haynes,United States,51-200,2023-08-04,Meta Ads,False
2141,Burke-Hernandez,United States,51-200,2023-01-06,Google Ads,False
2142,Jackson-Bradley,India,1-10,2023-12-04,Meta Ads,True
2143,Higgins Group,United States,1-10,2025-07-29,Referral,False
2144,Wilcox-Snyder,United Kingdom,1-10,2024-07-27,Google Ads,False
2145,Reeves and Sons,United States,1-10,2025-07-15,Google Ads,False
2146,Roberts-Snyder,United States,51-200,2023-05-01,Direct,False
2147,Reynolds and Sons,United States,11-50,2023-01-03,Referral,False
2148,"Lewis, Holloway and Acosta",United States,51-200,2023-06-15,Google Ads,False
2149,Barnes Group,United States,1-10,2024-02-13,LinkedIn Ads,False
2150,Williamson and Sons,United States,201-1000,2024-06-09,Referral,False
2151,Aguilar-Holland,United Kingdom,1-10,2024-08-23,Organic Search,False
2152,Mccann-Sanders,United Kingdom,1-10,2025-04-24,Organic Search,False
2153,Reeves Ltd,United Kingdom,201-1000,2025-11-20,Direct,False
2154,Fitzgerald-Scott,United States,1-10,2023-03-14,Google Ads,False
2155,Hawkins Inc,United States,11-50,2023-05-21,Meta Ads,False
2156,Galvan-Ruiz,United Kingdom,201-1000,2024-11-21,Google Ads,False
2157,Barajas-Crosby,Canada,51-200,2023-03-21,LinkedIn Ads,False
2158,"Mckinney, Pacheco and Smith",Australia,1-10,2025-10-27,Meta Ads,False
2159,"Harvey, Turner and Foster",Canada,201-1000,2025-11-04,,True
2160,Anderson-Mcclain,Canada,11-50,2025-03-16,Organic Search,False
2161,Carpenter LLC,United States,11-50,2023-01-20,LinkedIn Ads,False
2162,Gordon LLC,United States,51-200,2023-02-26,Organic Search,False
2163,Anderson-Stewart,Canada,201-1000,2025-11-05,,False
2164,"Hamilton, Green and Edwards",Australia,51-200,2025-06-30,Google Ads,False
2165,Porter LLC,United Kingdom,1-10,2024-04-23,Direct,False
2166,"Ward, Jordan and Orr",Canada,1-10,2023-10-04,Direct,False
2167,Austin-Juarez,Australia,1-10,2023-01-22,LinkedIn Ads,False
2168,Black-Graham,United States,201-1000,2024-03-15,Direct,False
2169,Peters Ltd,United Kingdom,11-50,2023-07-03,Google Ads,True
2170,"Yates, Brown and Hernandez",India,11-50,2025-08-07,Google Ads,False
2171,White Group,India,1-10,2023-05-15,Direct,False
2172,Martin-Mcdonald,Canada,,2024-02-21,Organic Search,False
2173,Carney Group,Australia,11-50,2023-04-04,,False
2174,Alexander Ltd,India,1000+,2024-03-29,Meta Ads,False
2175,"Washington, Vasquez and Singleton",United States,,2025-02-04,Meta Ads,False
2176,Oneill and Sons,United States,11-50,2023-01-27,Meta Ads,False
2177,"Macdonald, Willis and Silva",United States,11-50,2025-06-18,Google Ads,False
2178,Fox PLC,United Kingdom,51-200,2024-03-22,Organic Search,False
2179,Butler Inc,Australia,11-50,2023-01-06,LinkedIn Ads,False
2180,Tate Ltd,United States,11-50,2023-11-26,Referral,False
2181,Clay Inc,United States,1-10,2025-03-12,Google Ads,False
2182,Maldonado-Becker,India,1-10,2023-11-03,Google Ads,False
2183,Brooks-Hickman,India,11-50,2023-03-23,,False
2184,Hood and Sons,United States,1-10,2025-11-11,Google Ads,True
2185,"Castillo, Fuller and Adams",United States,11-50,2023-06-10,Google Ads,True
2186,"Smith, Booker and Douglas",United States,201-1000,2024-10-24,Referral,False
2187,Nguyen-Dennis,United States,1-10,2023-04-06,Referral,True
2188,"Meadows, Robles and Anderson",India,11-50,2023-10-17,Meta Ads,False
2189,Solis LLC,Australia,1-10,2023-09-16,LinkedIn Ads,False
2190,Yates-Manning,United States,1-10,2024-01-06,Organic Search,True
2191,"Crane, James and Ross",United States,,2025-12-05,LinkedIn Ads,False
2192,Allen Group,United Kingdom,11-50,2025-10-27,LinkedIn Ads,False
2193,Price Group,United Kingdom,1-10,2025-08-21,Organic Search,False
2194,Holland-Best,India,11-50,2024-04-29,Referral,False
2195,Martinez Group,United Kingdom,11-50,2023-11-13,Organic Search,False
2196,Fitzgerald-Dorsey,United States,51-200,2023-04-20,Direct,False
2197,"Munoz, Howard and Davis",United States,11-50,2023-12-30,Organic Search,False
2198,Hunt-Burns,United States,1-10,2023-05-02,Meta Ads,True
2199,Alvarez-Hart,India,51-200,2025-12-10,Google Ads,True
2200,Davis-Henderson,India,51-200,2023-09-17,Organic Search,False
2201,Austin-Hamilton,United States,201-1000,2024-03-24,Google Ads,False
2202,Davis-Palmer,India,11-50,2024-05-14,Google Ads,False
2203,Rhodes-Holland,United Kingdom,1-10,2025-04-13,Google Ads,False
2204,"Moore, Simpson and Soto",India,201-1000,2024-04-17,LinkedIn Ads,False
2205,"Miller, Mcdonald and Miller",India,51-200,2023-09-28,Organic Search,False
2206,Evans-Joyce,United Kingdom,,2025-08-19,Referral,False
2207,"Leach, Skinner and Mills",United States,1-10,2024-06-23,Direct,False
2208,Carroll-Arnold,United States,51-200,2023-06-16,Google Ads,False
2209,Palmer PLC,United States,51-200,2025-05-05,Direct,False
2210,Gutierrez-Marshall,United States,1-10,2023-11-10,LinkedIn Ads,False
2211,"Carroll, King and Scott",United Kingdom,51-200,2024-09-07,LinkedIn Ads,False
2212,Mack Inc,India,11-50,2024-04-05,Meta Ads,True
2213,Yang Group,United Kingdom,11-50,2023-12-12,LinkedIn Ads,True
2214,Hartman Group,United States,201-1000,2023-10-09,Organic Search,False
2215,Edwards-Ramsey,United States,51-200,2023-07-27,Referral,False
2216,"Cole, Morton and Peterson",Canada,1-10,2025-04-14,Google Ads,False
2217,"Hendrix, Green and Nunez",India,1-10,2025-02-17,Google Ads,False
2218,Ferguson-Smith,India,1000+,2025-08-01,,True
2219,Stevens-Sullivan,United States,201-1000,2024-02-19,,False
2220,"Church, Guzman and Tucker",Australia,11-50,2025-10-19,Meta Ads,False
2221,"Li, Jensen and Vazquez",India,11-50,2024-07-04,Referral,False
2222,"Leonard, Ballard and Miller",India,201-1000,2024-11-18,Meta Ads,False
2223,Horton and Sons,Canada,11-50,2025-03-15,Organic Search,False
2224,Santos Group,United Kingdom,1-10,2023-09-17,Meta Ads,False
2225,"Garrison, Ryan and Miller",United Kingdom,1-10,2025-11-06,Meta Ads,False
2226,Hernandez-Henderson,India,11-50,2025-02-19,Referral,False
2227,Martin and Sons,United States,1-10,2023-10-07,Referral,True
2228,"Park, Maynard and Ruiz",United States,1000+,2023-04-18,Direct,False
2229,Richards-Harris,India,51-200,2025-04-30,Meta Ads,False
2230,"Gallegos, Myers and Cook",United Kingdom,51-200,2024-03-26,LinkedIn Ads,False
2231,Mccoy Ltd,United States,201-1000,2025-10-12,Referral,False
2232,Petty-Allison,United States,201-1000,2023-07-09,Organic Search,False
2233,"Lane, Simon and Duarte",India,201-1000,2025-05-06,LinkedIn Ads,True
2234,Freeman Group,United States,11-50,2024-02-02,Google Ads,False
2235,"Garza, Carr and Gregory",India,201-1000,2024-11-30,Referral,False
2236,Hall-Brown,United States,51-200,2025-03-30,,False
2237,Henderson LLC,Canada,51-200,2025-01-01,,False
2238,"Brown, Orozco and Butler",United States,1-10,2023-03-16,Google Ads,False
2239,Wilson-Dean,United States,11-50,2024-10-16,Referral,False
2240,"Reed, Terry and Smith",United States,51-200,2024-03-21,LinkedIn Ads,False
2241,Barber-Harrison,Canada,1-10,2023-07-09,Organic Search,True
2242,Hall-Robinson,United States,11-50,2024-01-17,Organic Search,False
2243,"Morgan, Guzman and Kirby",India,51-200,2024-12-22,Referral,False
2244,"Mcdonald, Ware and Sharp",United States,51-200,2024-04-09,Google Ads,False
2245,Moyer-Whitaker,United States,51-200,2024-03-30,Google Ads,False
2246,"Delgado, Ward and Kennedy",Canada,1-10,2025-03-24,,False
2247,Howell LLC,United States,51-200,2023-09-05,Referral,False
2248,"Curry, Estrada and Anderson",United States,1-10,2023-09-13,Google Ads,False
2249,Leon Group,Australia,51-200,2024-10-01,Direct,True
2250,Young-Hawkins,Canada,201-1000,2025-12-29,Referral,False
2251,Howard LLC,United States,1000+,2024-03-19,Direct,False
2252,Rhodes-Thompson,India,1-10,2024-08-21,Google Ads,False
2253,"Johnson, Brown and Jordan",India,1-10,2024-01-13,Direct,False
2254,"Perez, Hoffman and Tucker",United States,1-10,2025-03-08,Referral,True
2255,Glover-Hammond,United States,1-10,2025-12-24,Meta Ads,False
2256,"Adams, Hernandez and Vaughn",United States,201-1000,2024-04-14,Direct,False
2257,"Munoz, Garcia and Williams",United States,51-200,2024-03-26,Google Ads,False
2258,Lloyd-Estes,India,51-200,2025-08-27,Meta Ads,False
2259,Villegas PLC,United States,11-50,2024-05-29,Referral,False
2260,"Casey, Meza and Colon",United States,1-10,2023-05-28,Referral,False
2261,Romero and Sons,United States,11-50,2025-02-08,Google Ads,False
2262,"Wilson, Harris and Ward",Australia,,2025-09-04,Referral,True
2263,"Carter, Alexander and Hunter",India,1-10,2025-10-13,Organic Search,False
2264,"Harrell, Moore and Cox",United Kingdom,11-50,2025-06-04,,True
2265,Montes-Hammond,United States,11-50,2025-05-23,LinkedIn Ads,False
2266,Sanchez Group,United States,11-50,2023-02-27,Meta Ads,False
2267,Mitchell-Jackson,India,1-10,2024-12-22,Organic Search,False
2268,Watson-Fischer,United States,1-10,2025-02-21,Google Ads,False
2269,Soto-Sanchez,United States,1-10,2023-10-24,Google Ads,False
2270,"Fisher, Perez and Pham",United Kingdom,1000+,2024-11-07,Organic Search,True
2271,Hardin-Villanueva,United States,1-10,2023-03-01,Direct,True
2272,"Norton, Cox and Johnson",United Kingdom,11-50,2025-07-06,Direct,True
2273,Carrillo Ltd,United States,51-200,2025-05-23,,False
2274,"Acevedo, Miller and Edwards",United States,11-50,2024-03-27,Google Ads,False
2275,Hamilton Group,India,1-10,2025-06-22,Referral,False
2276,Keller Ltd,United States,51-200,2023-04-12,Organic Search,False
2277,Orr Inc,United States,11-50,2025-08-05,Google Ads,False
2278,"Whitney, Lloyd and Liu",India,11-50,2024-11-17,Meta Ads,False
2279,Barnes-Blackwell,United States,201-1000,2024-06-20,Direct,False
2280,"Spencer, Torres and Newton",India,11-50,2023-09-06,Direct,True
2281,Smith-Ramirez,Australia,11-50,2024-07-18,Meta Ads,False
2282,"Bishop, Thomas and Powell",United States,1-10,2023-10-27,Organic Search,False
2283,"Harris, Stephens and Kramer",India,11-50,2025-12-27,Referral,False
2284,"Ramos, Reed and Cain",United States,1000+,2023-01-17,,False
2285,"Sullivan, Gonzalez and Turner",United States,11-50,2023-03-30,Meta Ads,False
2286,Medina Group,India,1-10,2025-01-28,Referral,False
2287,"Higgins, Hobbs and Meyer",United States,1-10,2024-09-10,LinkedIn Ads,True
2288,"Campbell, Davis and Arnold",India,51-200,2023-04-22,Google Ads,False
2289,"Peterson, Reid and Johnson",India,1-10,2025-03-08,Meta Ads,True
2290,"Vargas, Allen and Schroeder",United States,1000+,2025-08-23,Organic Search,False
2291,"Henderson, Wagner and Dennis",Canada,11-50,2025-01-08,Google Ads,True
2292,Green-Romero,United States,1-10,2025-01-29,Google Ads,False
2293,West PLC,United States,201-1000,2023-10-03,Google Ads,True
2294,"Smith, Morgan and Young",United States,1-10,2023-08-02,Organic Search,True
2295,"Zhang, Cunningham and Kline",India,1-10,2023-02-27,Referral,False
2296,"Wade, Richard and Hall",United Kingdom,51-200,2025-02-20,Direct,False
2297,Mitchell-Glover,India,201-1000,2025-06-16,Google Ads,False
2298,"Armstrong, Taylor and Gray",United States,1-10,2023-04-30,LinkedIn Ads,False
2299,"Wright, Murphy and Aguilar",United States,11-50,2025-05-14,Google Ads,False
2300,Gibson-Thomas,United States,1000+,2025-12-01,Organic Search,True
2301,Poole-Miller,United States,,2024-03-17,Google Ads,False
2302,Coleman and Sons,United Kingdom,51-200,2023-09-09,LinkedIn Ads,False
2303,Lewis-Miller,United Kingdom,51-200,2023-10-18,Organic Search,False
2304,"Fox, Chapman and Stone",Australia,,2023-12-22,Meta Ads,False
2305,Wiggins-Silva,Canada,1-10,2025-09-25,Google Ads,False
2306,"Henderson, Alexander and Galvan",United States,1-10,2025-07-27,Direct,False
2307,Dennis-Butler,United States,,2023-01-12,Google Ads,True
2308,Dawson-Anderson,Australia,201-1000,2025-04-27,Meta Ads,False
2309,"Palmer, Rice and Benson",Australia,1-10,2025-10-11,Meta Ads,True
2310,Kennedy-Francis,Canada,11-50,2025-03-02,LinkedIn Ads,True
2311,"Wood, Crane and Guzman",India,1-10,2023-10-31,Referral,False
2312,Rodriguez-Wood,Australia,11-50,2024-12-03,Referral,True
2313,Williams-Hernandez,Canada,11-50,2024-05-25,,False
2314,Torres-Brooks,United States,1000+,2023-06-26,Google Ads,False
2315,Tucker-Moody,India,,2025-05-01,Organic Search,False
2316,Bowers Group,United Kingdom,1-10,2025-09-19,Google Ads,False
2317,Zuniga LLC,United States,1-10,2024-12-27,Meta Ads,False
2318,Lewis-Fuentes,United States,201-1000,2023-10-19,Direct,False
2319,Smith-Kelley,United States,201-1000,2025-01-08,Google Ads,False
2320,Harrell Group,India,51-200,2025-02-22,Google Ads,False
2321,Berry-Knight,United States,1-10,2024-08-25,Referral,False
2322,Harrington-Alvarez,United Kingdom,1-10,2023-01-25,Google Ads,False
2323,"Bass, Anderson and Taylor",India,1-10,2024-12-16,Referral,False
2324,"Murray, Cole and Cole",United Kingdom,11-50,2025-03-24,Organic Search,False
2325,"Nguyen, Marsh and Beck",United Kingdom,11-50,2024-01-14,LinkedIn Ads,False
2326,Hughes-Mccullough,United Kingdom,1-10,2025-05-06,Meta Ads,True
2327,Weaver-Rubio,United States,1-10,2023-11-19,Meta Ads,False
2328,Fitzgerald-Brewer,United States,1-10,2024-10-12,Organic Search,True
2329,"Hogan, Zimmerman and Hoffman",United Kingdom,1-10,2025-04-16,Organic Search,False
2330,Schneider Inc,United States,1-10,2023-06-05,Meta Ads,False
2331,Friedman PLC,United States,1-10,2023-08-08,,True
2332,"Todd, Bernard and Boyd",India,51-200,2023-05-12,Google Ads,True
2333,Shaw-Smith,India,11-50,2024-08-29,Direct,False
2334,"Mayer, White and Smith",Australia,11-50,2025-05-04,,False
2335,"Wallace, Roman and Lawson",United Kingdom,11-50,2023-04-30,Direct,False
2336,Chapman-Henry,United States,11-50,2023-12-30,LinkedIn Ads,False
2337,Morgan and Sons,United States,1-10,2025-02-12,Organic Search,True
2338,Johnson-Rice,India,11-50,2023-09-01,Organic Search,False
2339,Scott-Wilson,India,51-200,2025-06-12,,False
2340,Weaver LLC,United States,11-50,2024-06-02,Referral,False
2341,White Inc,United States,51-200,2023-11-11,LinkedIn Ads,False
2342,"Jackson, Mendez and Nguyen",United Kingdom,11-50,2023-11-26,,False
2343,Reeves LLC,Australia,1-10,2025-04-19,,False
2344,Garcia-Thomas,United States,11-50,2023-11-27,Google Ads,False
2345,Scott-David,United States,51-200,2024-10-30,Meta Ads,False
2346,"Willis, Vasquez and Goodwin",Canada,51-200,2025-05-05,Organic Search,False
2347,Avery-Adams,United States,51-200,2025-12-29,Google Ads,False
2348,Marshall-Russell,Australia,201-1000,2024-02-28,LinkedIn Ads,False
2349,Johnson-Schultz,United States,201-1000,2025-04-14,Google Ads,False
2350,"Garcia, Hines and Pearson",United States,1-10,2023-08-03,Organic Search,False
2351,Miller-Fields,United States,201-1000,2024-02-16,Organic Search,False
2352,Patton and Sons,United States,51-200,2025-08-02,Organic Search,False
2353,Fernandez-Jackson,United Kingdom,11-50,2025-10-06,Organic Search,False
2354,"Hayes, Smith and Marshall",Australia,11-50,2023-01-13,Direct,False
2355,"Roberts, Stanton and Smith",United States,11-50,2023-09-18,LinkedIn Ads,False
2356,Nelson-King,United States,11-50,2025-12-28,LinkedIn Ads,False
2357,"James, Bell and Chen",India,51-200,2023-05-11,Meta Ads,True
2358,"Pittman, Campbell and Martin",India,11-50,2024-12-25,Google Ads,False
2359,"Hart, Turner and Foster",United States,,2024-07-12,Organic Search,False
2360,Rivas Ltd,Australia,11-50,2023-02-16,Organic Search,False
2361,"Lutz, Johns and Clark",United Kingdom,51-200,2023-05-09,,False
2362,"Bernard, Flores and Fleming",United Kingdom,51-200,2024-09-20,LinkedIn Ads,False
2363,Reid-Petty,United Kingdom,1-10,2025-08-11,Organic Search,True
2364,"Chavez, Sanchez and Bird",United Kingdom,11-50,2025-07-27,Organic Search,False
2365,Clark-Haley,Canada,,2025-12-29,Meta Ads,False
2366,Smith-Holt,Australia,,2023-12-17,Referral,False
2367,"Nielsen, Lynch and Smith",United States,,2024-08-16,Direct,False
2368,Chambers Group,United Kingdom,,2025-01-04,Referral,True
2369,"Woodard, Warner and Farmer",Australia,11-50,2024-06-11,Organic Search,True
2370,"Miller, Mcdowell and Curtis",United States,,2024-12-12,Referral,True
2371,"Johnson, Collier and Powers",India,1-10,2023-07-04,Google Ads,True
2372,"Martinez, Stanton and Bennett",United States,1-10,2024-02-21,Direct,False
2373,"Howard, Thompson and Tate",India,1000+,2025-06-16,Organic Search,False
2374,"Terrell, Martinez and Wood",United Kingdom,51-200,2023-02-09,LinkedIn Ads,False
2375,Wallace and Sons,United States,,2025-05-25,Organic Search,False
2376,"Smith, Campbell and Morse",United States,11-50,2023-09-27,Direct,False
2377,Lee-Velasquez,Canada,1-10,2025-02-05,Direct,True
2378,"Turner, Robbins and Young",United States,201-1000,2025-06-12,Google Ads,True
2379,Coffey-Johnson,Canada,11-50,2023-09-13,Meta Ads,False
2380,Conway-Mann,United Kingdom,11-50,2024-06-13,LinkedIn Ads,False
2381,Rodriguez-Ramirez,United States,1-10,2025-06-14,Google Ads,False
2382,"Snyder, Arnold and Keller",United States,1000+,2023-06-17,Meta Ads,False
2383,"Chambers, Morrison and Thompson",India,1-10,2023-04-26,Google Ads,False
2384,"Anderson, Brown and Green",Canada,1-10,2025-08-25,Referral,False
2385,"Foley, Ibarra and Daniel",United States,11-50,2024-05-19,Organic Search,False
2386,Lee-Gregory,United States,51-200,2023-12-15,Meta Ads,False
2387,"Byrd, Mendez and Becker",United States,11-50,2025-09-28,Google Ads,False
2388,Smith-Simmons,United Kingdom,1-10,2025-01-13,Google Ads,False
2389,"Hahn, Williams and Mcmillan",United States,11-50,2024-03-15,Google Ads,False
2390,Richard-Russell,United States,11-50,2023-09-01,Meta Ads,True
2391,Frazier Group,United States,1-10,2023-03-17,LinkedIn Ads,False
2392,Ward-Blake,United Kingdom,201-1000,2023-06-20,Google Ads,False
2393,"Walker, Ramirez and Fisher",United Kingdom,11-50,2025-11-16,LinkedIn Ads,False
2394,Stewart-Myers,United States,11-50,2025-09-09,Google Ads,True
2395,Miller-Armstrong,United States,1-10,2024-10-03,LinkedIn Ads,True
2396,Mooney and Sons,Canada,,2025-09-15,Referral,False
2397,"Coleman, Jones and Wright",United States,1-10,2024-01-21,Referral,False
2398,Murphy Inc,India,11-50,2025-03-25,Google Ads,False
2399,"Garrett, Johnson and Reynolds",United States,11-50,2025-02-09,LinkedIn Ads,False
2400,Watkins Ltd,India,11-50,2023-04-09,Organic Search,True
2401,Pittman-Wright,Australia,1-10,2024-11-28,Organic Search,False
2402,Allen-Peterson,Canada,11-50,2024-08-26,Organic Search,False
2403,Underwood PLC,United Kingdom,11-50,2023-12-16,Referral,False
2404,Harding PLC,India,51-200,2024-12-14,Google Ads,False
2405,"Gonzales, Davis and Griffin",United States,51-200,2025-06-22,LinkedIn Ads,False
2406,Bennett Ltd,Australia,11-50,2025-12-19,Organic Search,False
2407,Patton Inc,United Kingdom,1-10,2025-12-19,Direct,False
2408,Brown-Bishop,India,11-50,2025-05-21,Referral,False
2409,Jones-Byrd,United States,1-10,2023-03-02,LinkedIn Ads,False
2410,"Williams, Horn and Morales",India,11-50,2024-05-18,,False
2411,"Walton, Hall and Greene",United Kingdom,51-200,2023-12-08,LinkedIn Ads,True
2412,"Hanson, Chavez and Marshall",United Kingdom,11-50,2025-05-16,Google Ads,False
2413,Hobbs-Harvey,India,51-200,2023-02-12,LinkedIn Ads,False
2414,Curtis-Lowe,United States,51-200,2023-02-10,Google Ads,False
2415,Gibson LLC,United States,1-10,2025-08-29,Organic Search,False
2416,"Lee, Garcia and Larson",United States,1-10,2025-12-23,LinkedIn Ads,False
2417,Watkins and Sons,United States,201-1000,2023-05-05,Meta Ads,False
2418,"Martinez, Hicks and Kelly",Canada,11-50,2024-02-26,,False
2419,Hardy-Wallace,United Kingdom,1-10,2024-05-17,Google Ads,False
2420,Anderson PLC,United Kingdom,11-50,2023-07-05,Direct,False
2421,Palmer-Pearson,Australia,11-50,2024-05-05,Organic Search,False
2422,Collins-Mcclure,United States,,2024-05-19,Organic Search,False
2423,"Cooper, Wood and Smith",United Kingdom,1-10,2025-07-24,Google Ads,False
2424,"Sandoval, Thomas and Young",United Kingdom,1-10,2024-05-25,LinkedIn Ads,False
2425,"Trevino, Henderson and Gonzalez",Australia,1-10,2025-04-24,Referral,False
2426,Davidson and Sons,India,11-50,2024-11-16,Referral,False
2427,Neal-Holden,United States,1-10,2023-09-12,Organic Search,True
2428,"Schwartz, Christian and Knight",United States,11-50,2025-09-23,LinkedIn Ads,False
2429,Jensen-Barnes,United States,11-50,2024-07-08,LinkedIn Ads,True
2430,Robinson-Smith,Canada,11-50,2023-04-02,LinkedIn Ads,False
2431,Steele Group,United Kingdom,11-50,2025-11-01,Referral,False
2432,"Lewis, Castillo and Tate",Australia,201-1000,2023-08-18,Google Ads,False
2433,Aguirre-Bennett,United States,,2023-09-10,Referral,False
2434,Lopez-Fritz,India,,2024-07-08,Referral,True
2435,Smith-Howard,United Kingdom,11-50,2025-11-04,LinkedIn Ads,True
2436,"Wilson, Roberts and Lee",India,,2025-04-08,LinkedIn Ads,True
2437,"Durham, Ward and Hester",India,11-50,2023-01-26,Google Ads,False
2438,Gonzalez and Sons,Canada,11-50,2023-09-19,Meta Ads,False
2439,Mcclure Ltd,United States,201-1000,2024-04-21,Organic Search,False
2440,Cameron Inc,United States,1-10,2024-07-26,Google Ads,False
2441,Decker and Sons,United States,1-10,2023-11-23,Direct,False
2442,Pena-Dyer,United States,1-10,2024-09-25,Organic Search,False
2443,Boyle-Torres,United States,51-200,2023-11-06,Direct,True
2444,"Jackson, Rose and Lloyd",United States,1000+,2023-06-10,Referral,False
2445,"Keith, Johns and Jones",United States,11-50,2023-12-20,,False
2446,Andrade and Sons,United States,51-200,2023-07-23,Google Ads,False
2447,"Brooks, Greene and Rowland",United Kingdom,,2023-04-25,Google Ads,False
2448,Mccall PLC,United States,1-10,2023-10-05,Meta Ads,False
2449,"Lopez, Nichols and Clarke",United States,11-50,2025-09-01,Google Ads,False
2450,Wright-Soto,Canada,51-200,2023-02-23,Google Ads,False
2451,Salas-York,India,1-10,2023-11-25,Google Ads,False
2452,"Blackwell, Clark and Miller",Australia,,2025-03-09,Google Ads,False
2453,Gibbs-Mendez,Australia,51-200,2024-07-26,Referral,False
2454,Romero Ltd,United Kingdom,51-200,2025-08-28,LinkedIn Ads,False
2455,"Brooks, Stone and White",Australia,201-1000,2024-08-23,Direct,False
2456,"Brooks, Neal and Baldwin",India,1-10,2023-10-23,Google Ads,False
2457,Wells-Perkins,Canada,1-10,2024-07-10,Referral,True
2458,"Morse, Silva and Johnson",United States,51-200,2024-03-02,LinkedIn Ads,True
2459,Jacobson Group,Canada,1-10,2025-04-17,LinkedIn Ads,False
2460,Foster LLC,Canada,201-1000,2024-07-07,Referral,False
2461,Oneal-Duncan,United States,1-10,2023-08-05,Organic Search,False
2462,Scott-Miller,United States,1000+,2025-08-04,Organic Search,True
2463,Phillips PLC,United States,51-200,2025-11-18,Google Ads,False
2464,Hall-Williams,United Kingdom,11-50,2024-09-30,Google Ads,False
2465,"Oliver, Simmons and Mcdonald",Canada,11-50,2023-03-08,Organic Search,False
2466,Richardson-Jimenez,United States,201-1000,2025-12-19,Referral,False
2467,Reyes-White,Australia,1-10,2024-04-16,Meta Ads,False
2468,Baker Inc,United Kingdom,11-50,2024-04-03,LinkedIn Ads,True
2469,Valenzuela-Phillips,India,1-10,2023-12-11,Google Ads,True
2470,"Hunt, Schneider and Hartman",Australia,1-10,2024-11-04,,False
2471,Johnson-Gonzalez,United Kingdom,51-200,2024-05-24,Organic Search,False
2472,Leonard LLC,India,11-50,2025-11-23,Referral,False
2473,Mcgee-Mack,United States,11-50,2023-02-17,Referral,False
2474,Lee-Munoz,Australia,1-10,2025-09-10,LinkedIn Ads,True
2475,Murillo Ltd,India,11-50,2023-04-02,LinkedIn Ads,False
2476,"Daniels, Green and Carrillo",Canada,,2025-09-10,,False
2477,Short-Logan,India,1-10,2025-06-08,Google Ads,False
2478,Bautista-Underwood,Canada,1-10,2024-10-13,Organic Search,False
2479,"Smith, Valdez and Hays",United Kingdom,1000+,2023-11-04,Google Ads,False
2480,Grimes and Sons,United States,51-200,2024-10-25,Meta Ads,False
2481,Cummings and Sons,Canada,11-50,2024-08-03,Organic Search,True
2482,Hall-Matthews,India,11-50,2023-04-30,,False
2483,"Todd, Sharp and Murray",India,51-200,2023-07-07,Google Ads,True
2484,Edwards and Sons,United Kingdom,1-10,2023-01-03,Referral,False
2485,Carrillo-Wolfe,United Kingdom,11-50,2023-06-10,Referral,True
2486,Gonzales PLC,United States,1000+,2024-12-06,Google Ads,False
2487,Brooks PLC,Canada,1-10,2024-11-10,,True
2488,Torres Ltd,India,11-50,2024-12-09,Meta Ads,False
2489,Porter Ltd,United States,,2024-03-24,LinkedIn Ads,False
2490,Morgan-Barnes,United Kingdom,1-10,2023-06-27,Organic Search,False
2491,"Goodwin, Farmer and Vaughn",United Kingdom,11-50,2023-05-21,Google Ads,False
2492,Nguyen-Johnson,United States,51-200,2025-06-10,Google Ads,False
2493,Weeks and Sons,United States,51-200,2024-09-17,Referral,False
2494,Carroll-Lloyd,Australia,51-200,2025-02-23,Google Ads,False
2495,"Berry, Myers and James",United States,11-50,2024-09-25,Google Ads,False
2496,Brown-Hughes,United States,1-10,2025-12-31,Direct,False
2497,Rodriguez-Hudson,Australia,11-50,2024-11-01,Direct,True
2498,Fowler-Torres,Canada,201-1000,2023-09-11,Meta Ads,True
2499,"Burns, Lopez and Jones",Australia,11-50,2025-06-24,Referral,False
2500,Campbell-Hall,Australia,11-50,2023-11-23,,False
2501,"Warren, Gibson and Wood",Australia,11-50,2025-10-22,Direct,False
2502,Moore-Rodriguez,Australia,1-10,2024-09-21,Organic Search,False
2503,"Barnes, Paul and Price",Canada,1-10,2023-06-27,Organic Search,False
2504,Anderson and Sons,United States,1-10,2023-12-19,Meta Ads,False
2505,Reynolds-Mckinney,India,51-200,2025-10-06,LinkedIn Ads,True
2506,Moore-Andrews,United States,1-10,2024-04-23,Meta Ads,False
2507,Matthews-Shaw,India,1-10,2025-11-24,Referral,False
2508,"Stevens, Harris and Ritter",United States,51-200,2024-12-12,Referral,True
2509,Brown-Ross,Australia,1-10,2024-09-28,Organic Search,False
2510,Stevens-Johnston,Australia,1-10,2025-04-02,Organic Search,True
2511,"Davis, Lucas and Ellison",United Kingdom,11-50,2025-10-31,,False
2512,Graves-Dawson,United States,,2023-04-12,,False
2513,Myers-Colon,Canada,1-10,2023-08-28,Referral,False
2514,Perry and Sons,India,1-10,2025-04-29,Organic Search,False
2515,"Quinn, Ellis and Bartlett",India,51-200,2023-04-15,Meta Ads,False
2516,Hale Inc,Australia,201-1000,2025-01-16,Organic Search,False
2517,Hale-Williams,United States,1-10,2023-02-09,Direct,True
2518,"Carter, Hendricks and Wolfe",United Kingdom,1-10,2025-08-23,LinkedIn Ads,False
2519,"Barrera, Kerr and Jenkins",United States,11-50,2023-05-08,Organic Search,True
2520,"Martinez, Wood and Campos",Canada,201-1000,2023-09-23,Organic Search,False
2521,"Miranda, Nguyen and Hayes",United States,11-50,2023-05-09,,True
2522,Clark-Williams,United Kingdom,,2023-01-15,Meta Ads,False
2523,"Brady, James and Reese",India,1-10,2025-10-22,Google Ads,False
2524,Sanders Inc,India,201-1000,2024-12-03,Direct,True
2525,Wilson-Stark,United Kingdom,11-50,2025-02-22,Referral,False
2526,Santiago-Marshall,United States,1-10,2024-12-31,Organic Search,False
2527,Jones-Kelley,India,1-10,2023-07-03,Organic Search,True
2528,Reeves Group,United States,201-1000,2025-09-10,Google Ads,False
2529,Ruiz LLC,Australia,51-200,2024-07-31,Organic Search,False
2530,"Garcia, Phillips and Nichols",United Kingdom,,2024-08-22,Google Ads,False
2531,Jackson-Powers,India,1-10,2023-02-01,Google Ads,False
2532,Byrd and Sons,United States,51-200,2025-03-05,LinkedIn Ads,False
2533,Howard-Robinson,United States,1-10,2023-11-07,Google Ads,True
2534,Stafford PLC,United Kingdom,11-50,2025-10-01,Referral,False
2535,Ramos Inc,United States,1-10,2024-11-21,Referral,False
2536,"Cain, Davidson and Moran",Canada,51-200,2024-05-11,Google Ads,True
2537,Myers LLC,United Kingdom,1-10,2025-11-01,,True
2538,Williams-Smith,United States,1-10,2023-02-08,Referral,False
2539,Wang-Mcfarland,India,11-50,2025-05-08,Google Ads,True
2540,Kerr-Gonzalez,United States,11-50,2023-09-08,Referral,True
2541,Fisher Inc,United Kingdom,1-10,2024-03-19,Meta Ads,False
2542,Hoover-Frazier,Australia,51-200,2023-05-30,LinkedIn Ads,False
2543,Walker Inc,United States,1-10,2023-12-20,Referral,False
2544,"Jackson, Jackson and Perry",Australia,51-200,2025-11-23,Direct,False
2545,Ochoa LLC,United States,1-10,2024-02-28,Direct,False
2546,"Sims, Weber and Villa",United States,11-50,2025-01-09,Google Ads,True
2547,Mcmillan-Martinez,India,,2023-04-17,Organic Search,False
2548,"Hanson, Williams and Mcclure",United Kingdom,1-10,2023-12-28,Meta Ads,False
2549,Turner-George,United States,201-1000,2025-10-12,Organic Search,True
2550,Marquez PLC,India,,2025-07-09,Meta Ads,False
2551,King Inc,United Kingdom,11-50,2025-08-28,Referral,False
2552,"Nguyen, Mccoy and Price",United States,1-10,2023-02-26,Referral,False
2553,"Anderson, Thompson and Gill",United States,,2023-09-24,Google Ads,False
2554,"Stewart, York and Olson",United Kingdom,51-200,2023-06-03,Referral,False
2555,Smith-Barr,Canada,1-10,2025-05-16,Referral,False
2556,Reyes-Davidson,United States,11-50,2025-07-04,Google Ads,True
2557,Gordon Ltd,Canada,11-50,2024-02-29,Referral,False
2558,Hall PLC,Canada,1000+,2023-07-15,Referral,False
2559,Todd-Harvey,Australia,11-50,2025-05-14,Referral,False
2560,Harris-Bennett,Canada,201-1000,2025-03-30,LinkedIn Ads,False
2561,"Johnson, Mclean and George",Canada,1-10,2024-02-11,LinkedIn Ads,False
2562,Stevenson-Murphy,United States,201-1000,2023-08-20,LinkedIn Ads,False
2563,Stewart-Buchanan,Canada,1000+,2024-03-31,Google Ads,False
2564,Meyer Group,United States,1-10,2024-10-27,Organic Search,False
2565,"Hess, Christensen and Perez",India,11-50,2024-05-01,Google Ads,True
2566,"Rivera, Allen and Ryan",United States,1000+,2024-03-09,Organic Search,True
2567,"Mcneil, Solis and Horton",India,11-50,2025-03-20,Referral,False
2568,Franklin Group,United States,1-10,2025-09-28,,False
2569,"Morris, Ramos and Smith",United Kingdom,51-200,2024-09-09,LinkedIn Ads,True
2570,Jones-Lee,Australia,1-10,2023-12-14,Google Ads,False
2571,"Braun, Mays and Martinez",United Kingdom,51-200,2024-01-17,Direct,False
2572,Romero Group,India,11-50,2024-06-14,Direct,False
2573,"Mcdonald, Martin and Gonzalez",United States,1-10,2024-05-21,Google Ads,False
2574,Thompson-Wright,United States,1-10,2024-11-09,Direct,True
2575,Ray-Faulkner,Canada,,2024-11-03,Organic Search,False
2576,Nelson Group,India,51-200,2024-02-01,Google Ads,True
2577,Tapia LLC,United States,,2025-05-23,Referral,False
2578,Gray-Ruiz,United States,,2024-07-07,Referral,True
2579,Wagner-Moss,United States,1-10,2023-04-26,Google Ads,False
2580,Weiss Group,United Kingdom,1-10,2024-07-23,Direct,False
2581,Gill Group,India,201-1000,2024-02-21,Meta Ads,False
2582,Blake LLC,United States,51-200,2023-06-05,Google Ads,True
2583,"Medina, Tran and Thompson",Canada,1-10,2025-08-27,Organic Search,False
2584,Ford-Chavez,United States,201-1000,2023-02-22,LinkedIn Ads,False
2585,Hart-Castillo,United States,201-1000,2025-12-27,,False
2586,Taylor-Harrison,India,51-200,2024-12-25,Referral,False
2587,Hendricks Inc,United States,11-50,2023-07-25,Google Ads,False
2588,Hensley Ltd,United Kingdom,1-10,2023-10-14,Organic Search,False
2589,"Brooks, Sullivan and Perry",Australia,11-50,2023-07-11,Google Ads,False
2590,Waller-Brooks,India,11-50,2023-08-13,Organic Search,False
2591,Parker-Archer,United Kingdom,11-50,2025-10-06,Referral,True
2592,Ortiz Inc,India,11-50,2025-05-30,,False
2593,Wise-Walton,United Kingdom,1-10,2025-06-06,Referral,False
2594,Hicks-Burns,India,51-200,2024-01-29,LinkedIn Ads,False
2595,"Richardson, Brown and Cruz",India,11-50,2023-04-10,Google Ads,True
2596,Fitzgerald-Allen,United States,1-10,2025-01-12,Google Ads,False
2597,Dorsey LLC,United States,11-50,2023-12-12,,False
2598,"Mann, Johnson and Wade",United Kingdom,1-10,2025-10-04,Referral,True
2599,Green Group,United States,11-50,2024-01-05,Google Ads,True
2600,"Hernandez, Wright and Lane",Canada,,2024-11-08,,True
2601,"Skinner, Smith and Wise",United States,1-10,2023-03-23,Meta Ads,False
2602,"Dawson, Cruz and Mccarthy",Australia,11-50,2025-01-09,Google Ads,False
2603,Stone and Sons,United States,1-10,2023-06-03,Referral,True
2604,Martin-Simmons,United Kingdom,1-10,2023-10-03,Referral,True
2605,"Turner, Ponce and Barrett",United States,11-50,2023-04-06,Google Ads,False
2606,Willis-Gross,United States,1-10,2025-03-30,Organic Search,False
2607,"Booth, Rodriguez and Armstrong",Canada,1-10,2025-03-11,Organic Search,False
2608,Olsen-Adams,United Kingdom,1-10,2025-08-06,Meta Ads,True
2609,Conrad Group,Australia,1-10,2023-08-16,Referral,False
2610,"Parker, Benitez and Velasquez",India,1-10,2024-06-14,Google Ads,False
2611,Warren-Pena,India,1-10,2024-12-15,Referral,False
2612,"Jordan, Thompson and Lopez",United States,11-50,2025-03-06,LinkedIn Ads,False
2613,"Fry, Hayes and Olsen",United Kingdom,11-50,2024-05-29,Google Ads,False
2614,Lamb and Sons,Australia,201-1000,2024-11-02,,False
2615,Bird-Savage,Australia,,2024-01-22,Organic Search,False
2616,Sims-Weber,United Kingdom,1-10,2024-07-01,LinkedIn Ads,False
2617,"Martin, Carter and Gray",India,11-50,2025-03-07,,False
2618,Brown-Johnson,Australia,51-200,2025-01-27,Meta Ads,False
2619,Woods Ltd,United States,1-10,2023-12-21,,False
2620,Ortega Inc,Canada,1-10,2024-11-25,Referral,False
2621,Morrison-Hatfield,United States,1-10,2024-07-24,Referral,False
2622,Frederick-Kennedy,United Kingdom,11-50,2025-03-09,Meta Ads,True
2623,Munoz-Rogers,India,11-50,2024-03-30,Direct,False
2624,"Wu, Key and Montoya",United States,11-50,2023-06-18,LinkedIn Ads,False
2625,Ortega-Gray,United States,1-10,2025-08-15,Referral,False
2626,Hester LLC,United States,11-50,2023-06-28,Referral,False
2627,Hardy-Barron,United States,11-50,2023-12-08,Google Ads,False
2628,"Ramirez, Lyons and Briggs",India,1-10,2025-02-27,Direct,False
2629,Hayes-Parks,United States,51-200,2024-04-11,LinkedIn Ads,True
2630,Robertson-Keller,United States,,2025-09-16,Organic Search,False
2631,Andersen LLC,United Kingdom,51-200,2024-01-10,LinkedIn Ads,False
2632,"Nguyen, Wallace and Lawson",India,51-200,2023-02-03,LinkedIn Ads,True
2633,Stevenson-Bauer,United Kingdom,11-50,2023-04-06,Referral,True
2634,Patterson-Huynh,India,,2025-10-28,Direct,False
2635,Hatfield-Vincent,Australia,11-50,2024-09-11,Google Ads,False
2636,Navarro LLC,India,51-200,2025-05-15,Referral,False
2637,"Lee, Thomas and Meyer",United States,1-10,2024-02-26,Google Ads,False
2638,"Glover, Moran and Johnson",United Kingdom,51-200,2025-11-08,Google Ads,True
2639,Robles-Turner,United Kingdom,51-200,2025-05-07,Direct,True
2640,"Davies, Archer and Owens",United Kingdom,11-50,2023-01-13,Referral,False
2641,Friedman-Olson,United Kingdom,1-10,2023-03-03,Organic Search,True
2642,"Allen, Lewis and Mullins",Canada,1000+,2024-05-01,Meta Ads,False
2643,"Graves, Garcia and Holder",United States,11-50,2025-05-07,,False
2644,Miranda-Robinson,Australia,1-10,2024-01-24,Meta Ads,False
2645,Wade-Lynn,United States,51-200,2024-05-17,Organic Search,False
2646,"Martinez, Taylor and Nichols",United Kingdom,,2025-04-28,Referral,False
2647,"Vasquez, Pope and Cook",India,1-10,2023-08-22,Organic Search,False
2648,Huynh PLC,United States,201-1000,2023-10-18,,False
2649,Schneider Group,India,1-10,2025-09-01,Organic Search,False
2650,"Paul, Hardy and Valdez",United Kingdom,,2024-02-21,Organic Search,False
2651,"Burch, Kim and Hall",United Kingdom,11-50,2023-11-04,Organic Search,False
2652,Wilson-Miller,Australia,51-200,2024-10-30,Google Ads,False
2653,Garner Inc,Canada,11-50,2025-08-14,,False
2654,"Richardson, Castaneda and Finley",India,1-10,2023-08-14,,False
2655,"Mclaughlin, Collins and Lawrence",United Kingdom,11-50,2024-06-05,LinkedIn Ads,True
2656,Boone Group,United States,1-10,2024-07-28,Meta Ads,False
2657,Wise-Salinas,India,51-200,2025-12-04,Referral,False
2658,Meyer PLC,India,1-10,2023-10-20,Organic Search,False
2659,"Walker, Foster and Medina",United Kingdom,11-50,2024-01-04,Google Ads,True
2660,Stewart-Cabrera,United Kingdom,11-50,2024-05-26,Organic Search,False
2661,Hood-Porter,United States,51-200,2023-09-30,Referral,False
2662,Hernandez-Campbell,India,11-50,2024-06-07,Google Ads,False
2663,"Ortega, Solis and Warner",India,1000+,2023-02-03,Referral,True
2664,"Flores, Shaw and Barker",United States,1-10,2025-10-17,Meta Ads,False
2665,Shea-Mccarthy,Canada,11-50,2024-04-17,Meta Ads,False
2666,Welch-Lewis,United States,11-50,2023-09-22,Meta Ads,False
2667,Padilla-Bennett,United States,1-10,2024-06-09,LinkedIn Ads,True
2668,Hernandez-Moran,United States,1-10,2025-03-26,LinkedIn Ads,False
2669,"Michael, Walker and Fitzgerald",United States,11-50,2025-02-11,Organic Search,True
2670,Gates Ltd,United Kingdom,1-10,2024-03-17,Organic Search,False
2671,Evans-Briggs,India,,2024-01-19,Referral,False
2672,Ritter PLC,United Kingdom,201-1000,2025-12-07,Referral,False
2673,Rogers-Gregory,United States,,2023-06-23,,False
2674,Todd-Myers,United States,201-1000,2025-08-13,Google Ads,False
2675,"Acosta, Campbell and Leblanc",Canada,201-1000,2024-04-09,Referral,True
2676,"Chase, Long and Anderson",United States,11-50,2024-02-23,Organic Search,False
2677,"Glenn, Brown and Michael",United States,51-200,2024-11-01,Meta Ads,True
2678,Ellis-Martin,United States,11-50,2024-11-05,Organic Search,True
2679,Ramos Group,United States,11-50,2023-03-05,LinkedIn Ads,False
2680,Merritt-Clark,India,1-10,2025-03-31,Direct,False
2681,"Gonzalez, Curtis and Cox",India,11-50,2025-04-03,Referral,True
2682,"Garcia, Floyd and Garrison",India,11-50,2025-07-07,LinkedIn Ads,False
2683,Clements-Simmons,Canada,51-200,2024-08-17,Google Ads,False
2684,Howe Inc,United States,1-10,2024-10-13,Google Ads,False
2685,Mccann-White,Australia,1-10,2023-01-27,LinkedIn Ads,False
2686,"Morgan, Hamilton and Hernandez",Canada,1-10,2023-05-08,Google Ads,False
2687,"Powell, Johnson and Allen",United States,11-50,2023-05-26,LinkedIn Ads,False
2688,Turner-Carlson,United States,201-1000,2024-08-24,Meta Ads,False
2689,Delgado Group,India,1-10,2025-06-02,Organic Search,True
2690,"Esparza, Lambert and Davis",United States,51-200,2023-01-11,LinkedIn Ads,False
2691,Hancock-Santos,India,1000+,2023-03-11,Organic Search,False
2692,Chen-Wallace,United Kingdom,201-1000,2023-12-07,Organic Search,True
2693,Wilson Inc,Canada,,2023-05-31,Meta Ads,False
2694,Burns Ltd,India,201-1000,2024-10-19,LinkedIn Ads,False
2695,"Walker, Matthews and Archer",India,201-1000,2023-08-28,Google Ads,False
2696,Hill-Mcgee,United States,51-200,2023-01-26,Meta Ads,False
2697,"White, Washington and Newman",Canada,,2023-03-11,Referral,True
2698,Evans-Martinez,United States,1-10,2023-03-23,Meta Ads,False
2699,Brown-Stout,India,,2023-02-13,LinkedIn Ads,False
2700,"Lopez, Hess and Smith",India,1000+,2023-07-05,Meta Ads,True
2701,"Roth, Logan and Moreno",Australia,1-10,2024-04-29,LinkedIn Ads,False
2702,Stone PLC,United States,201-1000,2025-10-27,Direct,False
2703,"Reeves, Tyler and Martinez",United States,11-50,2023-03-29,Google Ads,False
2704,Sheppard Inc,United Kingdom,1-10,2024-03-31,Google Ads,False
2705,Atkins Ltd,United States,11-50,2024-11-17,Organic Search,False
2706,Martinez-Anderson,United States,11-50,2023-08-17,LinkedIn Ads,False
2707,Delgado Inc,United States,,2024-04-07,LinkedIn Ads,False
2708,"Scott, Mullins and Miller",United States,11-50,2024-08-29,Organic Search,False
2709,Hunter LLC,Canada,11-50,2023-06-13,,False
2710,"Jackson, Rowland and Barrett",India,11-50,2024-07-11,Referral,True
2711,Turner PLC,Australia,1-10,2024-05-23,,False
2712,Hopkins-Wallace,Canada,,2025-02-26,LinkedIn Ads,False
2713,"Henry, Edwards and Bartlett",United States,11-50,2025-11-24,Meta Ads,False
2714,Obrien-Dixon,United States,51-200,2025-06-07,Meta Ads,False
2715,"Garcia, Weiss and Young",India,51-200,2024-06-28,,False
2716,Guzman and Sons,United Kingdom,1-10,2023-12-04,Organic Search,True
2717,"Howard, Anderson and Dean",United States,1-10,2024-11-25,Google Ads,False
2718,Pierce LLC,India,201-1000,2024-04-18,Organic Search,False
2719,Santos-Martin,United States,1-10,2023-03-30,Direct,False
2720,Miller-King,Canada,51-200,2024-06-11,Direct,False
2721,Bentley-Thomas,United States,201-1000,2024-08-07,Google Ads,False
2722,Cowan-Terry,India,1-10,2025-03-08,Meta Ads,False
2723,Klein PLC,India,1-10,2025-04-11,Google Ads,False
2724,"Holland, Dixon and Martin",United Kingdom,,2023-04-18,LinkedIn Ads,False
2725,Johnson-Munoz,United States,1-10,2023-10-13,LinkedIn Ads,False
2726,Nelson PLC,India,1-10,2023-02-02,Meta Ads,False
2727,Sutton Group,United States,51-200,2024-02-12,Google Ads,False
2728,Blankenship-Strickland,United Kingdom,11-50,2024-10-09,,True
2729,Melton and Sons,United States,1-10,2023-06-03,Organic Search,False
2730,Smith-Bennett,India,1-10,2025-01-18,Organic Search,False
2731,Gray Inc,United Kingdom,1-10,2025-07-31,Direct,False
2732,Chapman-Roman,United Kingdom,11-50,2025-04-08,LinkedIn Ads,True
2733,Rice Ltd,United States,1-10,2025-10-10,Organic Search,False
2734,"Grimes, Arnold and Lawson",United States,51-200,2023-11-04,Direct,True
2735,Reed Ltd,Australia,1-10,2024-06-27,Google Ads,False
2736,"Faulkner, Schmidt and Wheeler",United States,11-50,2025-04-06,Google Ads,True
2737,Woods-Anderson,United States,11-50,2024-03-06,,True
2738,Parks Ltd,United States,201-1000,2025-03-19,Referral,False
2739,Sandoval and Sons,United States,201-1000,2025-08-27,Organic Search,False
2740,Bradley-Adams,India,1-10,2023-10-07,Google Ads,False
2741,"Fowler, Wood and Waters",United States,51-200,2024-04-11,Google Ads,False
2742,"Franklin, Mann and White",United Kingdom,1-10,2025-12-11,Organic Search,False
2743,Lindsey-Shaw,Australia,51-200,2024-04-07,Google Ads,True
2744,Cisneros-Meyer,United States,,2024-02-18,Google Ads,False
2745,"Keith, Cervantes and Torres",India,51-200,2024-03-13,Google Ads,False
2746,Meza Group,Canada,11-50,2025-07-09,Google Ads,False
2747,Bruce-Walters,Canada,51-200,2024-09-03,,False
2748,Blair Inc,United States,1-10,2023-03-12,Meta Ads,True
2749,Johnston Inc,India,11-50,2023-03-18,,False
2750,"Mitchell, Noble and Stokes",United States,51-200,2025-08-27,Meta Ads,False
2751,Hayden Group,United States,,2025-05-30,Google Ads,False
2752,"Romero, Cross and Castillo",Australia,11-50,2024-12-31,Referral,False
2753,"Jennings, Rhodes and Patel",Canada,11-50,2024-08-02,Meta Ads,True
2754,Bartlett Ltd,United States,51-200,2025-09-19,Referral,False
2755,Klein Ltd,United States,11-50,2023-03-12,Organic Search,False
2756,"Brady, Sanchez and Stevenson",United Kingdom,51-200,2023-10-20,Referral,False
2757,"Sutton, Williams and West",India,201-1000,2024-06-10,Google Ads,False
2758,Craig PLC,India,11-50,2024-11-05,Organic Search,False
2759,Thompson LLC,India,11-50,2025-07-11,Organic Search,True
2760,Palmer Inc,Australia,201-1000,2024-09-14,Meta Ads,False
2761,Simpson-Jackson,United States,51-200,2025-10-29,Google Ads,False
2762,Morgan Ltd,Canada,11-50,2024-02-24,,False
2763,Evans-Carter,United States,51-200,2025-02-26,Direct,False
2764,"Long, Leblanc and Hickman",United Kingdom,11-50,2024-09-07,Referral,True
2765,"Robertson, Barry and Walls",India,1-10,2025-03-03,,True
2766,"Charles, Brown and Smith",United States,1-10,2023-09-02,LinkedIn Ads,False
2767,Murphy-Gomez,United States,1-10,2023-01-16,Meta Ads,False
2768,Bailey Ltd,Canada,51-200,2025-10-19,LinkedIn Ads,False
2769,Jordan and Sons,Australia,1000+,2023-07-24,Google Ads,False
2770,Rice and Sons,United States,11-50,2024-11-22,Referral,False
2771,Martinez-Freeman,India,11-50,2023-05-27,Meta Ads,False
2772,Hammond LLC,Australia,51-200,2023-05-21,Organic Search,False
2773,Diaz-Mcclain,Australia,11-50,2024-02-17,,False
2774,"Cain, Rodriguez and Gonzales",Australia,51-200,2023-03-27,LinkedIn Ads,False
2775,Martin-Gomez,Australia,1-10,2024-07-02,,False
2776,Smith-Stephenson,India,11-50,2023-04-10,Organic Search,False
2777,"Gonzalez, Lopez and Williams",India,51-200,2024-05-07,Google Ads,True
2778,Fisher-Rivera,United Kingdom,51-200,2023-10-04,Meta Ads,True
2779,Moyer-Bird,United States,,2025-12-14,Meta Ads,False
2780,Fisher PLC,India,,2024-09-04,Direct,True
2781,Marsh-Klein,United Kingdom,11-50,2024-11-20,Organic Search,False
2782,Potter-Deleon,United States,1-10,2024-07-07,Referral,False
2783,Shaw-Mclean,United States,11-50,2024-11-11,Organic Search,False
2784,Anderson-Rosario,United States,11-50,2023-07-17,LinkedIn Ads,False
2785,Martinez LLC,United Kingdom,51-200,2023-08-21,Google Ads,False
2786,"Smith, Cohen and Williams",United States,51-200,2024-10-17,LinkedIn Ads,False
2787,Jordan-Harper,United States,1-10,2023-11-22,Referral,False
2788,Hamilton LLC,India,51-200,2025-10-02,Referral,True
2789,Tucker-Hodges,United States,51-200,2023-07-22,LinkedIn Ads,False
2790,"Lopez, Campbell and Wilson",Australia,11-50,2023-06-27,Direct,False
2791,Gamble-Wright,United Kingdom,51-200,2024-08-26,Referral,False
2792,Gonzalez-Mccarthy,United Kingdom,201-1000,2025-10-05,Google Ads,True
2793,Haynes PLC,United States,201-1000,2023-11-07,Google Ads,False
2794,"White, Riddle and Garza",India,51-200,2024-09-10,Referral,True
2795,"Hernandez, Martinez and Morales",United States,1000+,2025-12-08,,True
2796,Mooney-Hickman,United Kingdom,1-10,2024-10-04,LinkedIn Ads,False
2797,Smith-Gonzalez,Australia,11-50,2024-03-06,Google Ads,False
2798,James PLC,United Kingdom,11-50,2025-01-26,Organic Search,False
2799,Graves-Baird,Australia,1-10,2025-11-01,LinkedIn Ads,True
2800,Rogers Group,Canada,1-10,2025-03-27,Google Ads,False
2801,Hicks Ltd,Canada,51-200,2024-11-14,LinkedIn Ads,False
2802,Torres LLC,Australia,,2025-11-12,Referral,False
2803,Ramirez-Bell,Canada,201-1000,2023-03-17,Google Ads,False
2804,Wright-Jacobson,United Kingdom,11-50,2025-04-03,Referral,True
2805,"Garner, Lewis and Kennedy",India,201-1000,2025-07-19,Google Ads,False
2806,"Garcia, Lopez and Vaughan",United Kingdom,51-200,2025-11-28,Referral,False
2807,Cook-Rodriguez,India,11-50,2025-09-24,Organic Search,False
2808,"Smith, Arnold and Atkins",United States,11-50,2024-11-27,Organic Search,False
2809,Ward-Patrick,United States,11-50,2025-12-10,Organic Search,False
2810,"Maxwell, Rice and Watson",India,1-10,2024-06-23,Meta Ads,False
2811,"Hill, Silva and Miller",United States,1000+,2025-09-16,Organic Search,False
2812,Anderson Ltd,Canada,1-10,2023-11-04,LinkedIn Ads,True
2813,"Martinez, Willis and Barr",Australia,51-200,2023-02-06,Organic Search,True
2814,"Roth, Lee and Griffin",United Kingdom,11-50,2024-04-20,Meta Ads,False
2815,"Cooper, Swanson and Mayo",United Kingdom,1000+,2025-04-23,Organic Search,False
2816,Ferguson and Sons,Australia,1000+,2025-05-25,Referral,False
2817,"Dawson, Snow and Malone",India,51-200,2024-03-23,LinkedIn Ads,False
2818,"Hester, Jacobson and West",United States,51-200,2023-10-29,Google Ads,False
2819,"Wilson, Graham and Webb",India,1-10,2023-07-01,Meta Ads,True
2820,"Velazquez, Gordon and Johnson",Canada,1-10,2024-04-09,Google Ads,False
2821,"Hill, Ponce and Roberts",United Kingdom,,2024-05-21,Referral,False
2822,"Brown, Compton and Lee",United States,51-200,2025-08-22,Meta Ads,False
2823,Simpson-Patel,United Kingdom,1-10,2025-09-24,Direct,False
2824,"Mata, Martin and Christensen",United Kingdom,201-1000,2023-01-27,Referral,False
2825,Hart-Myers,United Kingdom,201-1000,2024-08-10,Google Ads,False
2826,"Nelson, White and Moore",India,51-200,2023-04-30,Meta Ads,False
2827,Vargas Inc,United States,11-50,2023-09-14,Meta Ads,False
2828,"Gibson, Zimmerman and Warren",India,11-50,2023-11-07,Referral,False
2829,Phelps-Phillips,United Kingdom,1-10,2024-01-19,Referral,False
2830,Arnold-Jackson,United Kingdom,,2025-04-30,Direct,False
2831,Ferguson LLC,Canada,51-200,2023-12-23,Direct,False
2832,Bowman LLC,United States,11-50,2024-04-07,LinkedIn Ads,True
2833,"Whitney, Mayo and Clark",Canada,,2025-12-05,Organic Search,True
2834,"Jacobs, Wood and Miller",India,11-50,2023-11-03,Meta Ads,False
2835,"Henson, Baker and Anderson",India,51-200,2024-05-17,Meta Ads,False
2836,"Phillips, Galloway and Garrett",United Kingdom,,2023-10-14,Meta Ads,False
2837,Holloway and Sons,United Kingdom,1-10,2025-02-16,Organic Search,False
2838,"Sanford, Thompson and Bonilla",Australia,11-50,2024-11-16,Referral,False
2839,"Sandoval, Parrish and Crosby",United States,1-10,2023-07-09,Google Ads,False
2840,"Rodriguez, Reese and Reyes",United States,1-10,2024-11-16,Organic Search,False
2841,"Scott, Sims and Munoz",India,201-1000,2024-06-07,Meta Ads,True
2842,Montoya and Sons,United Kingdom,51-200,2025-08-18,Direct,False
2843,Adams-Perkins,United States,51-200,2025-02-04,Meta Ads,False
2844,Moore-Hall,United States,11-50,2025-12-13,,False
2845,"Hamilton, Hernandez and Mendoza",United States,1-10,2024-08-07,LinkedIn Ads,True
2846,White-Lopez,United States,1-10,2025-10-25,Google Ads,False
2847,"White, Campbell and Collins",United States,1-10,2023-06-22,Direct,False
2848,Roth Ltd,United States,11-50,2023-01-31,LinkedIn Ads,False
2849,"Lopez, Thomas and Simmons",India,1-10,2025-05-16,,False
2850,Stout-Waller,United States,1-10,2024-02-10,Referral,True
2851,Ramsey and Sons,India,11-50,2023-01-26,Google Ads,False
2852,"Christensen, Smith and Garcia",Australia,201-1000,2024-11-17,Google Ads,False
2853,Smith-Serrano,United States,1-10,2023-07-16,Google Ads,False
2854,"Michael, Anderson and Carrillo",United States,,2024-10-16,Organic Search,False
2855,Thomas-Burton,United Kingdom,51-200,2024-02-26,LinkedIn Ads,False
2856,Sparks Inc,United States,201-1000,2024-04-20,Organic Search,False
2857,Daniels LLC,United States,1000+,2023-07-15,Organic Search,False
2858,"Miller, Taylor and Malone",India,1-10,2025-12-30,Google Ads,False
2859,Ochoa-Parker,United States,51-200,2023-08-28,Google Ads,False
2860,Moore-Brown,India,1-10,2023-09-16,Google Ads,False
2861,"Adams, Stephens and Smith",India,1-10,2023-01-11,Organic Search,True
2862,Hunt Group,India,1-10,2024-12-31,Referral,False
2863,Gomez LLC,United States,11-50,2023-12-30,Referral,False
2864,Dorsey Ltd,United States,1000+,2025-02-24,LinkedIn Ads,False
2865,Mcdaniel-Espinoza,United States,11-50,2023-11-19,,False
2866,Vasquez Inc,United Kingdom,11-50,2024-06-29,Direct,False
2867,Jones-Cook,United States,201-1000,2024-07-08,Meta Ads,False
2868,Mclean-Gillespie,United States,51-200,2023-09-18,Referral,False
2869,Munoz and Sons,United States,11-50,2025-03-06,Organic Search,False
2870,Moreno-Greene,United States,1000+,2025-05-06,Organic Search,False
2871,"Coleman, Barry and Mcdaniel",United States,11-50,2025-04-21,LinkedIn Ads,False
2872,"Roth, Bailey and Garcia",United Kingdom,51-200,2025-03-16,Google Ads,False
2873,Stanley-Cantu,India,11-50,2023-06-08,Meta Ads,False
2874,"Lindsey, Mccormick and Hensley",United States,1-10,2025-08-03,Google Ads,True
2875,Strickland and Sons,United States,51-200,2023-07-12,Referral,True
2876,Hernandez-Griffin,Australia,11-50,2023-02-09,Google Ads,False
2877,Briggs-Wilson,United States,11-50,2024-07-08,Google Ads,True
2878,Moyer-Ramirez,United States,51-200,2024-07-23,Organic Search,False
2879,Morris and Sons,Australia,51-200,2024-06-12,Google Ads,True
2880,Saunders LLC,United States,1-10,2023-01-24,Referral,False
2881,Snyder-Olson,Canada,11-50,2024-07-01,Organic Search,True
2882,Guzman-Fields,United States,1000+,2025-07-13,Google Ads,False
2883,Pham Ltd,United States,1-10,2023-03-09,Meta Ads,False
2884,Reyes PLC,United States,51-200,2024-07-11,Google Ads,True
2885,Ryan-Vasquez,United States,11-50,2024-03-17,Organic Search,False
2886,"Underwood, Cruz and Carpenter",Canada,51-200,2025-12-28,Meta Ads,False
2887,Rose-Frank,United States,201-1000,2023-05-26,,False
2888,"Robinson, Miller and Ward",Canada,11-50,2023-08-01,Direct,False
2889,Mcknight Inc,India,51-200,2024-09-30,,False
2890,Grant-Rosario,Australia,201-1000,2025-04-07,,False
2891,Allison-Delacruz,United States,1000+,2023-09-07,Referral,False
2892,Phillips and Sons,United States,1000+,2023-11-16,Google Ads,False
2893,"Bonilla, Durham and Sanchez",United Kingdom,51-200,2025-09-21,Direct,False
2894,Hayden Ltd,United States,1-10,2025-09-11,Organic Search,True
2895,Bennett Inc,Australia,11-50,2023-07-20,,False
2896,"Hanna, Watson and Miles",United States,1-10,2023-01-09,Direct,False
2897,"Perkins, Woods and Wheeler",United States,11-50,2025-12-28,Organic Search,False
2898,Carroll Group,India,1000+,2024-03-12,LinkedIn Ads,False
2899,Cannon Group,Australia,1-10,2023-05-27,Referral,False
2900,"Taylor, Rose and Rush",United States,1-10,2025-02-15,Organic Search,False
2901,Jenkins-Rogers,United States,1-10,2023-04-09,Google Ads,False
2902,"Dominguez, Mitchell and Moore",United Kingdom,11-50,2024-01-15,LinkedIn Ads,False
2903,"Johnson, Potter and Gordon",Canada,,2025-10-14,Referral,False
2904,Sanders Group,United Kingdom,11-50,2025-08-13,Organic Search,False
2905,"Vaughan, Gibson and Dawson",United Kingdom,11-50,2025-11-03,,False
2906,Ellison-Shaw,United States,11-50,2025-06-05,Direct,False
2907,"Perez, Huynh and Nelson",India,201-1000,2023-10-26,Google Ads,False
2908,"Lewis, Montgomery and Robinson",United States,11-50,2025-01-10,,False
2909,Carson PLC,India,201-1000,2024-08-25,Organic Search,False
2910,"Skinner, Velasquez and Mcdonald",Canada,11-50,2025-08-11,Direct,True
2911,Delgado-Sullivan,India,1-10,2023-01-11,Organic Search,False
2912,Martin-Pratt,India,1-10,2025-09-22,Google Ads,False
2913,"Coleman, Nelson and Garcia",United States,1-10,2023-10-14,Organic Search,False
2914,Morrison-Bradford,United States,1-10,2025-08-22,Google Ads,False
2915,Allen and Sons,United States,1-10,2023-07-08,Referral,False
2916,"Rodriguez, Lewis and Smith",United States,,2023-08-25,Meta Ads,False
2917,Lopez-Harris,United States,1-10,2023-10-26,Organic Search,False
2918,"Cunningham, Elliott and Tyler",India,1-10,2024-08-15,Organic Search,False
2919,Smith-Kelly,United Kingdom,1-10,2025-12-09,Google Ads,False
2920,Benjamin-Porter,Australia,201-1000,2024-08-12,Organic Search,False
2921,Walton-Swanson,Australia,51-200,2025-11-11,Google Ads,True
2922,Park Inc,India,11-50,2023-09-21,Google Ads,False
2923,Russell-Figueroa,United States,11-50,2024-12-06,Direct,True
2924,Matthews Group,United Kingdom,1-10,2023-10-26,Referral,False
2925,Willis-Christian,United States,11-50,2025-04-04,Google Ads,False
2926,Martin-Fleming,Canada,51-200,2024-09-18,Google Ads,False
2927,Mcclure Inc,Australia,11-50,2025-05-30,Google Ads,False
2928,"Hall, Lewis and Maldonado",United States,11-50,2023-04-10,LinkedIn Ads,False
2929,Mack and Sons,United States,11-50,2023-06-19,Google Ads,False
2930,"Black, Chandler and Curtis",India,11-50,2024-09-04,Organic Search,False
2931,West-Anderson,United Kingdom,51-200,2025-07-09,Organic Search,True
2932,Ward-Chase,United States,51-200,2025-07-30,LinkedIn Ads,False
2933,Williams-Marquez,United Kingdom,51-200,2024-05-07,Direct,False
2934,"Hughes, Clark and Bishop",India,11-50,2023-06-13,Google Ads,False
2935,Rubio PLC,Canada,1-10,2023-08-10,Meta Ads,False
2936,"Gamble, Davis and Smith",United States,1-10,2025-02-14,,False
2937,Payne-Novak,United States,51-200,2024-11-23,Meta Ads,False
2938,Porter Group,United States,,2025-11-12,Google Ads,True
2939,Jackson-Phillips,United States,1-10,2025-06-25,LinkedIn Ads,False
2940,Ramirez LLC,United States,11-50,2025-04-14,Direct,False
2941,Davis-White,United Kingdom,11-50,2025-02-22,,False
2942,Scott-Kennedy,Canada,1000+,2023-03-09,Google Ads,False
2943,Hines-Ramos,United States,1-10,2023-01-16,Google Ads,False
2944,Case PLC,United Kingdom,11-50,2024-03-09,Google Ads,False
2945,Williams-Trevino,United States,51-200,2024-01-12,Organic Search,True
2946,Ortiz-Harvey,Australia,51-200,2024-07-29,Google Ads,False
2947,"Anderson, Richardson and Kirk",United States,1-10,2023-10-20,Meta Ads,False
2948,Brooks-Fleming,United States,1000+,2023-06-19,Organic Search,False
2949,"Cole, Rich and Esparza",United States,11-50,2024-08-16,,False
2950,Oliver Ltd,India,51-200,2024-06-02,Organic Search,True
2951,Figueroa and Sons,Canada,51-200,2025-11-05,Meta Ads,True
2952,"Nicholson, Smith and Farrell",United States,11-50,2023-11-24,Referral,False
2953,Bennett-Hudson,United Kingdom,1-10,2023-03-05,Google Ads,True
2954,Walker Group,United States,1-10,2025-05-25,Google Ads,False
2955,"Davis, Owens and Day",United Kingdom,201-1000,2023-05-27,Meta Ads,False
2956,Rodriguez-White,United Kingdom,1-10,2023-06-21,Referral,False
2957,Lowery Group,United States,51-200,2025-07-17,Referral,False
2958,Gonzalez-Murphy,Australia,1-10,2023-05-30,Meta Ads,False
2959,Peterson-Munoz,United States,1000+,2023-09-17,Referral,False
2960,Park Group,India,11-50,2025-10-14,Organic Search,False
2961,"Moore, Harrison and Bowman",Canada,1-10,2023-03-26,,False
2962,Carroll-Huerta,Australia,11-50,2025-05-26,Google Ads,False
2963,Brown-Stokes,Australia,51-200,2023-05-11,LinkedIn Ads,False
2964,Irwin-Lewis,United States,1000+,2025-09-28,Meta Ads,False
2965,Parrish Ltd,India,11-50,2024-06-16,LinkedIn Ads,False
2966,Nelson-Reid,Australia,,2024-08-12,Referral,True
2967,Miller-Russo,United States,1000+,2023-09-23,LinkedIn Ads,False
2968,Savage-Warren,United States,51-200,2025-05-13,Referral,False
2969,"Orozco, White and Brown",United Kingdom,51-200,2024-10-16,Organic Search,False
2970,Peterson-Mullins,Australia,11-50,2023-09-26,Meta Ads,False
2971,Alvarez-Barker,United States,201-1000,2024-08-22,LinkedIn Ads,False
2972,Sheppard Group,United States,51-200,2025-10-06,LinkedIn Ads,False
2973,Gaines-Hudson,India,1-10,2025-07-28,Google Ads,False
2974,Hoffman PLC,United Kingdom,1-10,2024-05-12,Organic Search,False
2975,"Jensen, Morris and Downs",United States,,2025-09-26,Organic Search,False
2976,"Newton, Doyle and Stewart",India,1-10,2025-05-23,Google Ads,False
2977,Mosley and Sons,United States,1-10,2025-11-26,Direct,False
2978,Lin-Wilson,United States,51-200,2025-05-16,Organic Search,False
2979,"Russell, Meyer and Smith",Canada,51-200,2025-10-18,Organic Search,False
2980,Harding-Mathews,India,201-1000,2024-08-08,,False
2981,"Cole, Montes and Davis",Canada,1-10,2023-04-17,Google Ads,False
2982,Reese and Sons,Canada,1-10,2025-02-05,,False
2983,Horton-Schroeder,Australia,1-10,2025-03-12,Meta Ads,False
2984,"Gray, Bailey and Farley",United Kingdom,1000+,2024-03-19,Organic Search,False
2985,"Ray, Smith and Cervantes",United States,1-10,2023-05-06,Meta Ads,False
2986,Turner LLC,United States,1-10,2024-11-07,Organic Search,True
2987,"Fuentes, Martinez and Porter",United Kingdom,,2024-10-16,Google Ads,False
2988,Gutierrez-Bell,Canada,1-10,2025-02-20,Google Ads,False
2989,"Simmons, Dickson and Rogers",United States,201-1000,2023-11-13,Referral,False
2990,Ellis LLC,United Kingdom,1-10,2025-11-06,Meta Ads,True
2991,Tran and Sons,United States,11-50,2025-02-28,Organic Search,False
2992,"Graham, Mitchell and Keller",United States,201-1000,2025-09-02,Organic Search,True
2993,"Kim, Campbell and Oliver",United States,11-50,2024-12-31,Google Ads,False
2994,Cowan Inc,United Kingdom,1000+,2025-01-16,Direct,False
2995,Banks PLC,United States,51-200,2025-03-30,Google Ads,False
2996,Garcia-Brady,United Kingdom,11-50,2024-11-07,Meta Ads,True
2997,"Ho, Garcia and Wallace",United States,1-10,2023-01-14,LinkedIn Ads,False
2998,"Shaffer, Contreras and Christian",United States,11-50,2025-05-30,Referral,False
2999,"James, Gonzalez and Harrison",Australia,1-10,2023-06-05,Google Ads,True
3000,Bell Group,United States,51-200,2023-10-01,LinkedIn Ads,True
3001,Odonnell-Newman,United States,51-200,2025-07-24,Google Ads,False
3002,"Foster, Ayers and Casey",India,201-1000,2025-07-22,Direct,False
3003,"Campbell, Hobbs and Baker",United States,51-200,2025-09-11,Direct,False
3004,Nunez-Smith,United States,1-10,2023-10-27,Referral,False
3005,Johnson-Johnson,United States,,2025-09-28,Organic Search,False
3006,Randall-Stone,Australia,1000+,2025-04-07,Google Ads,True
3007,"Greene, Rogers and Haley",Canada,11-50,2023-10-08,Organic Search,True
3008,Allen-Beltran,India,1-10,2024-08-29,Organic Search,False
3009,Jensen Group,United States,1-10,2023-02-02,Organic Search,False
3010,Solis PLC,Canada,1-10,2025-01-16,LinkedIn Ads,False
3011,Anderson-Fields,Australia,51-200,2023-06-05,,False
3012,"Thompson, Strong and Holmes",United States,51-200,2025-09-06,LinkedIn Ads,False
3013,Hall-Mckinney,United States,51-200,2023-03-18,Google Ads,False
3014,"Mueller, Cameron and Burton",United Kingdom,1-10,2025-10-29,LinkedIn Ads,False
3015,Hood-Moore,Australia,201-1000,2025-07-22,Direct,False
3016,Harris-Davis,United States,1-10,2024-01-18,Organic Search,False
3017,Smith-Carrillo,United States,201-1000,2025-03-04,Organic Search,True
3018,"Knapp, Miller and Reyes",United States,51-200,2023-10-12,LinkedIn Ads,True
3019,"Gross, Lucero and Walters",United States,201-1000,2024-06-24,Organic Search,False
3020,Lopez-Delgado,United States,51-200,2023-12-03,,True
3021,Barber Group,India,,2024-09-14,Meta Ads,False
3022,Hopkins-Hill,United Kingdom,1-10,2024-07-27,Google Ads,False
3023,"Camacho, Rodriguez and Ho",India,1000+,2024-02-10,Meta Ads,True
3024,Kline-Davis,United States,1-10,2023-01-27,Google Ads,False
3025,Kirk-Durham,United States,1-10,2025-12-03,Google Ads,False
3026,Myers Group,United States,51-200,2024-11-18,Meta Ads,False
3027,"Jones, Mcdaniel and Brooks",India,1-10,2024-04-16,Meta Ads,False
3028,Schultz-Hayes,United States,,2025-03-17,Direct,False
3029,"Bond, Wilson and Cooper",United States,11-50,2025-05-28,Meta Ads,False
3030,Webb-Mendez,India,51-200,2024-06-09,Referral,True
3031,"Smith, Boyd and Scott",United States,1000+,2023-03-16,Organic Search,False
3032,Lee Inc,United States,201-1000,2025-10-15,Organic Search,False
3033,"Johnson, Hunt and Hernandez",United States,1-10,2024-09-23,LinkedIn Ads,False
3034,Wilson-Robinson,India,11-50,2023-01-08,LinkedIn Ads,True
3035,Taylor-Miller,United Kingdom,11-50,2025-12-23,Direct,False
3036,"Case, Adams and Olson",United States,11-50,2023-11-27,LinkedIn Ads,False
3037,Bailey PLC,United Kingdom,11-50,2024-02-03,Meta Ads,False
3038,"Phillips, Mcgee and Simpson",United States,1-10,2025-08-07,Organic Search,False
3039,"Potts, Nielsen and Wright",United States,11-50,2025-03-09,Google Ads,True
3040,Mcdaniel Ltd,United States,201-1000,2024-01-20,,False
3041,Hayden-Garcia,Canada,51-200,2023-09-13,Google Ads,False
3042,"Collins, Bauer and Mckay",United Kingdom,1000+,2023-05-24,Google Ads,False
3043,Hamilton-Griffin,United States,11-50,2025-12-30,Google Ads,False
3044,"Burgess, Cabrera and Dean",United States,1-10,2023-03-31,Organic Search,False
3045,"Reyes, Gonzalez and Gomez",United Kingdom,,2025-10-03,LinkedIn Ads,False
3046,"Weiss, Cole and Preston",India,1-10,2024-02-06,Google Ads,False
3047,"King, Ortiz and Munoz",United States,11-50,2023-03-15,,False
3048,"Clements, Moreno and Sanders",United States,1-10,2023-11-28,Google Ads,False
3049,Gibbs-Howard,United States,51-200,2023-01-28,LinkedIn Ads,False
3050,Lewis LLC,India,1-10,2025-05-17,Organic Search,False
3051,Thomas-Edwards,Canada,51-200,2023-02-20,Meta Ads,False
3052,"Murphy, Marshall and Pope",United States,51-200,2025-04-15,Direct,False
3053,Hoffman Group,India,1-10,2024-09-14,Meta Ads,False
3054,Guzman-Rose,United States,11-50,2025-05-07,Referral,False
3055,"Shah, Aguirre and Powers",United Kingdom,51-200,2024-04-13,Direct,False
3056,"Stafford, Fisher and Avila",Australia,11-50,2024-03-18,Meta Ads,False
3057,Li-Gonzalez,United States,11-50,2025-08-26,LinkedIn Ads,False
3058,Lang Group,United States,51-200,2024-03-23,Organic Search,False
3059,Mooney Group,Canada,11-50,2023-03-06,Referral,False
3060,"Murphy, Reyes and Ray",United States,11-50,2023-12-25,LinkedIn Ads,False
3061,Smith-Logan,United Kingdom,201-1000,2023-12-19,Referral,False
3062,"Travis, Buck and Mitchell",United Kingdom,51-200,2023-10-18,Organic Search,False
3063,Johnson-Ferguson,India,1-10,2023-01-10,Direct,False
3064,"Williams, Newman and Jones",United States,51-200,2023-09-29,Organic Search,False
3065,Gallegos Group,Canada,1-10,2024-09-30,Google Ads,False
3066,"Turner, Stewart and Reed",India,51-200,2024-04-21,Referral,False
3067,Hawkins LLC,United States,1-10,2023-08-17,Organic Search,False
3068,Salazar-Long,United Kingdom,51-200,2025-08-01,Google Ads,True
3069,"Riggs, Snyder and Davidson",Australia,51-200,2023-08-16,LinkedIn Ads,False
3070,Cameron PLC,United States,1-10,2023-06-14,Referral,False
3071,Taylor LLC,United Kingdom,1-10,2023-07-12,Organic Search,False
3072,"Ramsey, Perez and Miller",United States,51-200,2025-07-18,Direct,False
3073,"Barrera, Wood and Leach",United Kingdom,11-50,2024-05-21,Meta Ads,False
3074,Villa Inc,India,1000+,2025-06-02,Organic Search,True
3075,Ware-Williams,United States,51-200,2023-12-22,Google Ads,False
3076,Valentine Inc,United States,11-50,2023-05-02,Google Ads,False
3077,Murphy-Salazar,India,201-1000,2024-11-19,,False
3078,Nelson-Jackson,United States,201-1000,2023-10-20,Google Ads,False
3079,Silva Inc,United States,1000+,2023-12-21,Google Ads,False
3080,"Barron, Church and Gutierrez",United States,,2023-07-05,Organic Search,True
3081,Barnett-Boyd,United Kingdom,201-1000,2023-04-05,Google Ads,False
3082,Bray-Morris,United States,11-50,2025-08-23,Meta Ads,False
3083,"Webb, Davis and Miranda",United States,11-50,2024-08-22,Organic Search,False
3084,"Miller, Hansen and Salas",United Kingdom,1-10,2024-09-04,Referral,False
3085,"Holland, Foley and Neal",Australia,51-200,2023-11-18,Organic Search,False
3086,Bonilla Inc,United States,51-200,2023-10-29,Google Ads,False
3087,Cardenas-Lopez,United States,201-1000,2023-12-05,Google Ads,True
3088,"Palmer, Edwards and Blackburn",United States,51-200,2023-04-20,LinkedIn Ads,False
3089,"Gibson, Moore and Wagner",United Kingdom,11-50,2025-03-24,Google Ads,False
3090,Robinson LLC,United Kingdom,51-200,2023-08-22,Meta Ads,False
3091,Hester-Parrish,United States,201-1000,2024-12-10,Organic Search,True
3092,"Harris, Ross and Jones",United States,1-10,2024-12-10,Referral,True
3093,Martin-Parker,India,,2024-05-14,Organic Search,False
3094,"Wong, Thomas and Walter",India,11-50,2023-12-15,LinkedIn Ads,False
3095,"Rodriguez, Smith and Murray",India,1-10,2024-11-07,Referral,True
3096,Johnson-Stanley,India,11-50,2023-05-21,Organic Search,False
3097,Bell-Wilson,United States,11-50,2023-09-28,Google Ads,False
3098,"Miller, Reynolds and Hernandez",United States,1-10,2023-05-04,Meta Ads,True
3099,"Jordan, Cook and Alexander",United States,1-10,2023-12-22,Organic Search,False
3100,Davis-Wong,United Kingdom,11-50,2024-03-31,Google Ads,False
3101,"Reilly, Lee and Lopez",India,1000+,2025-09-07,Organic Search,False
3102,"Snyder, Hamilton and Maldonado",India,1-10,2025-09-14,Google Ads,False
3103,"Wright, Rodriguez and Wilson",India,11-50,2023-01-19,LinkedIn Ads,False
3104,Patel LLC,India,51-200,2025-12-27,Meta Ads,False
3105,Andrade Ltd,United States,11-50,2023-06-14,Referral,False
3106,"Sullivan, Long and Robinson",United Kingdom,11-50,2023-10-18,Meta Ads,False
3107,"Adams, Harris and Floyd",United Kingdom,1-10,2023-10-06,LinkedIn Ads,True
3108,Walsh-Mccarthy,India,11-50,2024-07-05,LinkedIn Ads,True
3109,Gross-Davis,Canada,201-1000,2024-03-24,Meta Ads,False
3110,"Velez, Howell and Stevenson",United Kingdom,51-200,2024-08-09,Google Ads,False
3111,"Allen, Edwards and Jones",India,1-10,2024-09-10,Meta Ads,True
3112,Cook Group,India,1000+,2024-08-30,Google Ads,False
3113,Rivers Ltd,India,11-50,2023-07-29,Meta Ads,False
3114,Patterson-Smith,United States,11-50,2024-06-20,Referral,False
3115,Ibarra-Jackson,United Kingdom,1-10,2023-02-14,Organic Search,False
3116,"Smith, Marks and Kennedy",United States,51-200,2025-09-23,Direct,False
3117,Fuentes PLC,India,51-200,2024-01-06,Google Ads,False
3118,"Mooney, Conley and Fox",India,201-1000,2025-09-15,Meta Ads,False
3119,Fischer Inc,Canada,51-200,2025-11-02,Organic Search,True
3120,Chavez-Navarro,United States,,2024-07-29,LinkedIn Ads,False
3121,"Scott, Tucker and Diaz",India,51-200,2023-04-20,LinkedIn Ads,False
3122,Carey LLC,Australia,11-50,2024-08-06,LinkedIn Ads,True
3123,"Cook, Holmes and Beck",United States,1-10,2023-08-15,Referral,False
3124,"Washington, Nelson and Stone",United Kingdom,51-200,2025-12-30,,False
3125,"Smith, Irwin and Chase",United Kingdom,201-1000,2025-04-12,Google Ads,True
3126,"Mcknight, Howard and Johnson",United Kingdom,11-50,2024-12-22,Google Ads,False
3127,"Figueroa, Mcpherson and Howard",United Kingdom,11-50,2024-03-22,Organic Search,False
3128,"Davis, Knapp and Gray",United Kingdom,11-50,2025-03-13,Direct,False
3129,Sheppard Ltd,India,1-10,2025-10-20,Direct,False
3130,"Gardner, Gaines and Archer",United States,11-50,2024-02-03,,False
3131,"Thompson, Lozano and Bailey",United States,,2023-04-03,Organic Search,True
3132,Myers-Butler,India,11-50,2024-08-28,Referral,False
3133,Parker-Williams,Canada,1-10,2023-09-11,Referral,True
3134,"Miles, Flowers and Martinez",United States,1-10,2024-12-01,Referral,True
3135,Knight-Sparks,United States,51-200,2024-06-04,Referral,False
3136,Roberts-Montes,Australia,11-50,2024-01-20,Google Ads,False
3137,Ho-Thomas,United States,51-200,2024-01-03,Organic Search,True
3138,"Hernandez, Levy and Hanson",United States,1-10,2024-05-11,Referral,False
3139,"Martin, Tucker and Brown",India,51-200,2023-05-04,LinkedIn Ads,True
3140,Smith-Williams,United States,11-50,2023-03-07,Organic Search,False
3141,Petersen-Martinez,United Kingdom,51-200,2024-11-04,Referral,False
3142,Torres-Jordan,United States,1000+,2024-03-17,LinkedIn Ads,False
3143,"Flowers, Williams and Taylor",India,51-200,2025-09-07,Organic Search,True
3144,Glover-Shaw,United States,51-200,2023-12-16,Direct,False
3145,"Moore, Miller and Nelson",Australia,51-200,2025-04-23,Google Ads,False
3146,"Gonzalez, Richards and Miller",Canada,11-50,2023-07-24,Meta Ads,False
3147,Cain Ltd,United States,51-200,2023-11-19,Google Ads,False
3148,Henderson-Rasmussen,United Kingdom,1-10,2023-07-06,,False
3149,Orozco LLC,United Kingdom,11-50,2023-01-17,Organic Search,False
3150,"Collins, Elliott and Shelton",India,201-1000,2023-05-14,LinkedIn Ads,False
3151,Brock-Taylor,United States,51-200,2023-11-07,Organic Search,True
3152,"Gonzalez, Torres and Evans",Australia,1-10,2023-05-25,Google Ads,False
3153,"Murray, White and Patton",India,1-10,2023-12-26,Direct,False
3154,Davis-Rose,United Kingdom,51-200,2023-12-21,Organic Search,False
3155,"Edwards, Donovan and Marquez",United Kingdom,11-50,2023-05-14,LinkedIn Ads,False
3156,Gomez-Owens,Australia,1-10,2024-09-17,Organic Search,False
3157,Murray-Gaines,United Kingdom,51-200,2025-11-15,Meta Ads,False
3158,Bernard Group,Canada,11-50,2024-03-03,Google Ads,True
3159,Campos PLC,Canada,11-50,2023-03-18,Referral,False
3160,Buchanan-Carpenter,United States,201-1000,2025-02-24,Direct,False
3161,Martinez-Daniels,United States,11-50,2023-02-14,Meta Ads,False
3162,"Rich, Brown and Bruce",India,1-10,2023-01-17,LinkedIn Ads,False
3163,Powell Inc,United States,11-50,2024-10-22,Referral,False
3164,Aguirre-Golden,United Kingdom,1-10,2023-10-01,Organic Search,True
3165,Combs-Miller,United States,51-200,2024-06-08,Organic Search,True
3166,Gallegos-Santos,United Kingdom,1-10,2025-07-24,Organic Search,False
3167,Wheeler-Short,Australia,1-10,2023-04-16,Meta Ads,False
3168,"Olson, Rivera and Brown",Canada,1-10,2025-12-08,Direct,False
3169,"Richards, Dixon and Love",United States,,2025-04-01,Organic Search,True
3170,"Harris, Thomas and Yang",Canada,11-50,2025-02-26,Meta Ads,False
3171,Taylor-Jacobson,United States,11-50,2025-01-23,Organic Search,False
3172,"Phelps, Turner and Collins",Australia,51-200,2024-10-25,Google Ads,False
3173,Shaffer PLC,United Kingdom,1-10,2023-04-04,Organic Search,True
3174,"Gonzalez, Jones and Hernandez",United States,51-200,2024-11-09,Google Ads,False
3175,Meyer and Sons,United States,201-1000,2024-10-24,Direct,False
3176,"Wallace, Brown and Martinez",Australia,1000+,2025-11-19,Google Ads,False
3177,Webb-White,United Kingdom,51-200,2023-04-17,Google Ads,False
3178,Skinner PLC,United States,11-50,2023-10-17,Organic Search,False
3179,Underwood-Maldonado,United States,201-1000,2025-10-28,Google Ads,False
3180,"Williamson, Reynolds and Fields",United States,1-10,2025-08-30,Google Ads,False
3181,Thomas Ltd,India,1-10,2024-03-06,Meta Ads,True
3182,"Allen, Hunt and Lyons",India,1-10,2024-05-15,LinkedIn Ads,False
3183,Alvarez LLC,United States,11-50,2023-07-01,Referral,True
3184,Contreras-Haley,Australia,1-10,2024-09-09,Meta Ads,True
3185,Richardson-Hill,Australia,201-1000,2024-05-16,,False
3186,Wolfe-Rodriguez,Australia,1000+,2025-10-12,Referral,True
3187,Li-Hernandez,Canada,11-50,2023-10-11,Referral,False
3188,Bryant-Elliott,Australia,11-50,2024-05-06,LinkedIn Ads,False
3189,Carpenter Inc,Australia,11-50,2025-09-10,Meta Ads,True
3190,"Santos, Sandoval and Wallace",United States,51-200,2024-10-11,Referral,False
3191,Estes-Mcdonald,India,,2023-06-04,Meta Ads,True
3192,"Ellis, Smith and Moore",United States,51-200,2024-05-10,Organic Search,False
3193,"Foley, Gordon and Bailey",India,1-10,2025-01-18,Direct,False
3194,"Warren, Palmer and Thompson",Canada,11-50,2023-03-07,,False
3195,Bell Ltd,United States,1-10,2023-06-11,Organic Search,False
3196,"Morgan, Espinoza and Buchanan",Australia,11-50,2023-11-06,Referral,True
3197,Glover-Barrett,Australia,11-50,2023-06-27,Organic Search,False
3198,Jones-Franco,India,11-50,2025-04-02,Meta Ads,False
3199,Bennett-Ruiz,United Kingdom,11-50,2025-12-11,Google Ads,True
3200,"White, Erickson and Hunter",United States,51-200,2023-10-29,Google Ads,False
3201,"Fox, Anderson and Nguyen",United States,11-50,2023-02-04,Organic Search,True
3202,"Bailey, Williamson and Powell",India,11-50,2024-01-05,Google Ads,False
3203,Hall Ltd,United States,11-50,2024-05-10,,False
3204,Morris-Hall,United States,11-50,2023-06-30,Meta Ads,False
3205,"Flynn, Garcia and Gilmore",United States,11-50,2024-06-02,Organic Search,False
3206,"Stafford, Campos and Fisher",Australia,1-10,2023-01-06,,True
3207,Alexander LLC,Canada,11-50,2025-10-30,Google Ads,False
3208,"Welch, Johnson and Thompson",United Kingdom,1-10,2025-09-08,Google Ads,False
3209,Hale Group,United Kingdom,1-10,2023-01-18,LinkedIn Ads,False
3210,"Gonzalez, King and Kim",India,1-10,2023-06-10,Direct,False
3211,Perez-Harmon,India,11-50,2023-09-01,Organic Search,False
3212,Cervantes-Stokes,Australia,51-200,2024-09-13,Organic Search,False
3213,"Moyer, Davis and Johnson",United States,11-50,2025-02-10,Referral,False
3214,Barry LLC,United Kingdom,51-200,2025-12-26,Organic Search,False
3215,Carroll-Lin,India,1-10,2025-12-27,Meta Ads,False
3216,Lopez-Blair,United States,51-200,2023-07-30,Referral,False
3217,"May, Crawford and Collier",Canada,1-10,2023-07-28,LinkedIn Ads,False
3218,"Carey, Mason and Kelly",United States,51-200,2024-08-28,Google Ads,False
3219,"Castaneda, Solis and Gonzales",United States,,2023-05-09,Google Ads,False
3220,"Bennett, Jones and Miller",United Kingdom,201-1000,2023-07-24,Organic Search,False
3221,"Evans, Wilson and Hall",India,11-50,2024-10-16,Organic Search,False
3222,"Fernandez, Johnson and Nicholson",United States,51-200,2023-09-03,Organic Search,True
3223,Nielsen-King,United Kingdom,1-10,2024-11-29,LinkedIn Ads,False
3224,"Howard, Brennan and Moore",United States,1000+,2025-02-22,,False
3225,Jones-Johnston,United States,51-200,2023-10-02,Google Ads,True
3226,"Frederick, Porter and Ross",United States,11-50,2025-10-19,Organic Search,False
3227,Gardner Inc,Canada,1-10,2025-12-19,Meta Ads,False
3228,"Ruiz, Lowery and Baker",India,11-50,2024-12-08,Google Ads,False
3229,Johnson Group,United Kingdom,1-10,2025-07-22,,False
3230,Gonzalez-Barron,Canada,11-50,2024-11-26,Organic Search,False
3231,"Rivera, Todd and Gaines",Canada,1-10,2024-12-17,Meta Ads,False
3232,"Strong, Warner and Cannon",India,51-200,2023-02-17,Google Ads,False
3233,George-Salazar,Australia,11-50,2024-08-12,Google Ads,False
3234,Turner-Horn,United Kingdom,201-1000,2024-09-07,Meta Ads,False
3235,Ayala and Sons,United States,201-1000,2024-06-10,Organic Search,False
3236,"Franklin, Gray and Sutton",United Kingdom,1-10,2024-02-23,Direct,False
3237,Cannon-Dominguez,Australia,11-50,2025-11-20,LinkedIn Ads,False
3238,Miles-Dunn,United States,,2023-06-01,Organic Search,True
3239,Kim PLC,Australia,1000+,2023-06-30,Referral,False
3240,Bell-Cooper,Canada,51-200,2024-07-21,LinkedIn Ads,False
3241,"Smith, Gutierrez and Goodwin",United States,1-10,2024-02-29,Referral,False
3242,"Bradley, Ritter and Smith",India,1000+,2023-12-12,Organic Search,False
3243,"Wright, Brown and Brown",United States,1-10,2025-01-10,LinkedIn Ads,False
3244,White-Williams,Canada,1-10,2025-08-29,Google Ads,False
3245,Morrison-Zamora,India,1-10,2025-07-10,Organic Search,True
3246,Anderson-Sanders,Australia,51-200,2025-04-27,Meta Ads,False
3247,"Martinez, Jones and Wright",United States,11-50,2023-11-22,,False
3248,"Harris, Thornton and Li",United Kingdom,11-50,2024-05-17,Google Ads,False
3249,Wallace LLC,United Kingdom,11-50,2025-05-15,,False
3250,Deleon-Carter,United States,1000+,2025-09-09,Organic Search,True
3251,"Sanchez, Orozco and Flores",United States,11-50,2024-04-18,Google Ads,False
3252,"Gordon, Brown and Mccullough",India,11-50,2024-11-06,Google Ads,False
3253,"Sampson, Tucker and Miller",United Kingdom,1-10,2024-07-20,Organic Search,False
3254,Torres PLC,India,11-50,2025-05-27,Referral,False
3255,Martinez Ltd,United Kingdom,1-10,2024-04-03,,False
3256,"Alexander, Duran and Benton",India,201-1000,2024-09-28,Organic Search,False
3257,Porter Inc,Canada,11-50,2023-04-13,Google Ads,False
3258,Ramirez-Cruz,Australia,51-200,2024-01-28,Google Ads,False
3259,Simpson-Roy,United States,1-10,2023-10-24,Meta Ads,False
3260,Wallace-Walker,India,,2023-12-09,LinkedIn Ads,False
3261,Lopez-Jordan,United Kingdom,51-200,2023-06-19,Referral,False
3262,"Hines, Pineda and Kent",United States,1-10,2023-01-11,Referral,True
3263,Livingston-Solomon,United States,1000+,2025-03-30,LinkedIn Ads,False
3264,"Robinson, Johnson and Swanson",United Kingdom,1-10,2024-07-12,Google Ads,True
3265,"Hamilton, Patterson and Daniel",United Kingdom,11-50,2025-04-05,Google Ads,True
3266,"Goodwin, Aguirre and Tran",United States,1-10,2023-05-09,Organic Search,False
3267,"Randolph, Mitchell and Ritter",United Kingdom,11-50,2025-10-23,Google Ads,False
3268,"Ford, Armstrong and Carroll",Canada,201-1000,2024-05-18,Organic Search,False
3269,"Green, Horne and Mcdonald",United States,1-10,2025-02-03,Meta Ads,True
3270,Anderson Inc,India,51-200,2024-08-13,Google Ads,False
3271,Marsh-Tapia,Australia,51-200,2023-06-18,Referral,False
3272,Lutz PLC,United Kingdom,1-10,2025-01-28,Organic Search,False
3273,Morgan-Foster,India,1-10,2024-11-25,Google Ads,False
3274,"Hill, Adams and King",United Kingdom,51-200,2025-11-25,Meta Ads,False
3275,"Patrick, Franklin and Martinez",United Kingdom,,2024-10-15,Google Ads,False
3276,"Guerrero, Huff and Abbott",India,11-50,2024-06-03,Meta Ads,True
3277,Ford-Gonzales,India,201-1000,2024-11-19,Referral,False
3278,Johnson-Howard,Australia,11-50,2023-04-21,Direct,False
3279,"Richard, Robinson and Brown",United States,11-50,2025-08-07,Direct,False
3280,Hill PLC,India,201-1000,2025-07-20,Referral,False
3281,"Edwards, Brown and White",Australia,51-200,2024-06-21,LinkedIn Ads,False
3282,Green-Simpson,Canada,1-10,2025-01-04,Google Ads,True
3283,Mccoy and Sons,United States,1-10,2025-12-29,Organic Search,False
3284,"Douglas, Hall and Pena",United States,,2025-01-21,Meta Ads,False
3285,Cohen Group,United Kingdom,11-50,2025-09-26,LinkedIn Ads,False
3286,"Stewart, Tran and Perez",India,11-50,2024-06-21,Google Ads,False
3287,"Braun, Hester and Smith",India,11-50,2024-10-09,Meta Ads,True
3288,Fernandez-Williams,India,51-200,2024-06-05,LinkedIn Ads,True
3289,Bailey Inc,Canada,51-200,2024-12-16,Organic Search,False
3290,"Wallace, Dixon and Young",United Kingdom,51-200,2025-02-02,,True
3291,Hudson-Calderon,United States,1-10,2025-07-31,,False
3292,"Perry, May and Liu",United Kingdom,11-50,2025-02-23,,False
3293,Rogers-Russell,India,1-10,2025-12-19,Organic Search,False
3294,"Brooks, Dunlap and Carter",India,51-200,2024-04-29,Referral,False
3295,Martin Inc,India,51-200,2024-02-10,LinkedIn Ads,False
3296,Conrad-Buck,India,1-10,2025-04-14,Google Ads,False
3297,Dixon-Norman,United States,1-10,2024-03-13,Meta Ads,False
3298,"Logan, Marquez and Case",United States,11-50,2023-04-07,Direct,False
3299,Rivas-Johnson,Canada,11-50,2025-04-06,Organic Search,True
3300,"Hernandez, Farmer and Banks",United Kingdom,11-50,2024-07-02,Google Ads,False
3301,Benjamin and Sons,India,51-200,2024-04-12,Referral,True
3302,"Gordon, Andrews and Kelley",United States,1-10,2025-11-17,Referral,False
3303,Ryan-Martinez,United States,51-200,2024-06-25,Referral,False
3304,"Yates, Lawson and Hopkins",United Kingdom,51-200,2023-07-01,Organic Search,True
3305,"Alexander, Adams and Huff",United States,201-1000,2024-10-22,Referral,False
3306,Bartlett-Murphy,India,51-200,2023-10-28,Referral,False
3307,Hall-Edwards,United Kingdom,11-50,2024-07-12,Meta Ads,False
3308,"Rosario, Ortiz and Miller",United States,11-50,2023-08-13,Referral,False
3309,"Wagner, Melendez and Valdez",United States,1-10,2025-07-10,Direct,True
3310,"Hall, Hartman and Hall",United Kingdom,11-50,2024-03-19,Direct,False
3311,Frost and Sons,United Kingdom,201-1000,2025-10-14,Meta Ads,False
3312,Craig-Wade,United States,,2024-02-11,Meta Ads,True
3313,"Green, Mitchell and Edwards",United Kingdom,1-10,2025-03-08,Google Ads,False
3314,Ortiz PLC,United Kingdom,51-200,2023-05-04,Google Ads,True
3315,Johnston Ltd,United States,11-50,2025-10-08,Organic Search,True
3316,Yoder Group,India,1-10,2025-02-05,Google Ads,True
3317,Cannon-Dawson,United Kingdom,11-50,2023-07-30,Referral,False
3318,Newton-Martinez,United States,51-200,2024-11-03,Meta Ads,False
3319,Bass Inc,United Kingdom,11-50,2024-04-17,Google Ads,False
3320,"Jackson, Jones and Robertson",Canada,1-10,2023-01-02,Google Ads,True
3321,"Sellers, Strong and Gomez",India,51-200,2023-05-22,Meta Ads,False
3322,Terry-Allen,United Kingdom,11-50,2023-01-23,Google Ads,False
3323,Wilson-Merritt,United Kingdom,51-200,2023-10-11,Meta Ads,True
3324,Vargas-Jensen,United States,11-50,2023-02-21,LinkedIn Ads,False
3325,"Williams, Rodgers and Kelly",United States,51-200,2024-02-12,Meta Ads,False
3326,Lozano-Mccoy,United States,11-50,2023-01-09,LinkedIn Ads,False
3327,"Davenport, Roberts and Woods",United Kingdom,11-50,2024-06-03,Google Ads,False
3328,Quinn Ltd,Australia,1-10,2023-06-16,Direct,False
3329,"Hendricks, Zuniga and Miller",United States,11-50,2025-01-22,Organic Search,False
3330,Watkins LLC,Canada,1-10,2025-07-18,Direct,False
3331,"Banks, Gray and Gonzales",United States,11-50,2025-04-21,Direct,False
3332,"Sharp, Ramirez and Mejia",United States,1-10,2023-01-10,Direct,False
3333,Evans LLC,United States,11-50,2025-02-27,Google Ads,False
3334,Elliott PLC,United Kingdom,1-10,2023-05-05,Meta Ads,True
3335,"Romero, Reilly and Mitchell",India,51-200,2024-04-22,Organic Search,False
3336,Flores-White,United States,51-200,2025-10-05,Organic Search,True
3337,"Clark, Stone and Andrews",Australia,1-10,2024-11-27,Google Ads,False
3338,"Edwards, Reed and Martin",United Kingdom,51-200,2024-03-20,LinkedIn Ads,False
3339,Hill-Gonzales,Australia,1-10,2025-09-17,Organic Search,False
3340,Roberts LLC,Australia,51-200,2024-04-09,LinkedIn Ads,True
3341,"Molina, Middleton and Estrada",Canada,1-10,2025-03-14,LinkedIn Ads,False
3342,"Fischer, Johnson and Orr",United States,11-50,2025-11-14,LinkedIn Ads,False
3343,"Medina, Lee and Freeman",United States,201-1000,2024-07-03,Organic Search,False
3344,"Simmons, Wallace and Martinez",Canada,,2025-12-18,Organic Search,False
3345,Phillips-Rodriguez,Canada,1-10,2023-05-19,Google Ads,False
3346,"Calhoun, Wilson and Oneal",India,201-1000,2025-06-21,,False
3347,Baker-Lin,United Kingdom,11-50,2023-10-23,LinkedIn Ads,False
3348,Dennis-Wilson,United States,201-1000,2023-04-23,Referral,False
3349,Lara-Garner,United States,11-50,2025-04-13,Direct,False
3350,Luna LLC,United States,51-200,2023-04-17,Google Ads,False
3351,Mccoy-Hunt,United States,51-200,2023-02-26,Direct,False
3352,Mann LLC,India,11-50,2023-05-01,Meta Ads,True
3353,Hamilton Ltd,United States,1-10,2024-09-17,LinkedIn Ads,False
3354,"Stewart, Skinner and Guerrero",United States,1-10,2024-06-26,Referral,False
3355,"Johnson, Walters and Smith",India,1-10,2024-05-17,Direct,False
3356,"Gonzalez, Harrison and Washington",United States,1000+,2024-12-17,,False
3357,Gross LLC,Canada,1000+,2024-11-09,Meta Ads,True
3358,Gonzalez Inc,United Kingdom,1-10,2025-03-23,Google Ads,False
3359,"Vincent, Curry and Smith",United States,201-1000,2023-06-03,Google Ads,False
3360,Henry PLC,United Kingdom,1000+,2024-03-03,Referral,True
3361,Mckinney Inc,United Kingdom,201-1000,2023-11-23,LinkedIn Ads,False
3362,Watts-Austin,United States,11-50,2024-09-26,Referral,False
3363,"Silva, Little and Washington",Canada,1-10,2024-09-26,LinkedIn Ads,False
3364,"Best, Humphrey and Pittman",United Kingdom,1-10,2024-10-25,Google Ads,False
3365,Contreras-Henry,United States,51-200,2023-10-29,,False
3366,"Myers, Howard and Castillo",United States,1-10,2024-07-10,Meta Ads,False
3367,Montes-Nguyen,United States,11-50,2025-04-11,Referral,False
3368,"Coleman, Thompson and Huber",United States,,2025-05-07,Google Ads,True
3369,"Wilson, Terry and Bush",United States,51-200,2024-08-21,Direct,False
3370,Larsen-Shields,United Kingdom,201-1000,2023-10-18,Organic Search,False
3371,"Jenkins, Young and Carter",United Kingdom,1-10,2024-06-15,Direct,False
3372,"Lewis, Rosales and Ortiz",United States,51-200,2025-10-21,Organic Search,False
3373,"Ingram, Green and Stewart",India,11-50,2025-06-04,Direct,False
3374,Lamb-Coleman,India,11-50,2023-05-31,Google Ads,False
3375,Gaines-Adams,United States,,2023-11-02,LinkedIn Ads,True
3376,"Robinson, Fields and Williams",India,11-50,2024-11-28,Organic Search,False
3377,Ortiz-Armstrong,Canada,11-50,2023-06-08,Google Ads,False
3378,Herrera Ltd,India,1-10,2025-08-13,Direct,False
3379,Gould PLC,Canada,51-200,2025-08-15,Organic Search,False
3380,"Rivera, Jacobs and Smith",United Kingdom,1-10,2023-05-24,Organic Search,False
3381,"Smith, Gray and Deleon",India,51-200,2025-06-08,LinkedIn Ads,False
3382,Barr-Wang,United States,11-50,2024-09-02,Meta Ads,True
3383,"Brown, Williams and Clark",United States,11-50,2025-01-11,Meta Ads,False
3384,"Gonzalez, Moore and Nichols",United States,11-50,2023-11-17,Organic Search,False
3385,"Perez, Solis and Lozano",India,11-50,2024-08-23,Referral,False
3386,Gutierrez-Tran,United Kingdom,11-50,2023-05-15,Meta Ads,False
3387,Case Inc,Australia,51-200,2025-02-21,Direct,False
3388,Fischer PLC,United Kingdom,,2024-03-28,Organic Search,False
3389,Mason Group,Canada,51-200,2023-07-25,Google Ads,False
3390,Moore LLC,India,11-50,2024-01-09,Direct,False
3391,Hess Group,United Kingdom,11-50,2023-01-24,LinkedIn Ads,False
3392,"Morales, Cardenas and Mcdowell",United States,1000+,2025-12-16,Meta Ads,False
3393,"Warner, Oconnor and Smith",Australia,11-50,2024-10-23,Organic Search,False
3394,"Greer, Jacobs and Hernandez",India,1-10,2024-12-23,Organic Search,False
3395,"Chapman, Myers and Decker",India,11-50,2024-04-28,Google Ads,False
3396,Glover-Coleman,United Kingdom,1-10,2025-06-04,LinkedIn Ads,False
3397,"Johnson, Hill and Harris",United States,11-50,2025-10-27,Referral,False
3398,Costa-Johnston,India,11-50,2023-12-27,Google Ads,False
3399,Carter-Davis,India,51-200,2025-01-14,Meta Ads,False
3400,Hoffman-Webb,Canada,1-10,2023-02-09,Referral,True
3401,"Ferguson, Sanchez and Smith",India,1-10,2024-12-11,LinkedIn Ads,True
3402,Luna-Bean,United States,1-10,2024-03-29,Direct,False
3403,"Klein, Chavez and Lane",United States,1-10,2025-05-16,Referral,False
3404,Wood-Hart,United States,,2024-01-26,LinkedIn Ads,False
3405,"Collins, Thomas and Soto",United States,1-10,2025-03-29,Google Ads,False
3406,"Wright, Thomas and Jensen",United Kingdom,201-1000,2025-01-18,,False
3407,Mills-Franco,India,1-10,2023-04-18,Google Ads,False
3408,Jenkins-Yang,Canada,1-10,2024-09-17,Organic Search,False
3409,"George, Savage and Adams",United States,51-200,2025-11-11,Google Ads,False
3410,Fischer Group,Australia,201-1000,2024-12-08,Meta Ads,False
3411,"Porter, Chung and Young",India,11-50,2023-05-21,Referral,False
3412,Fletcher-Robertson,United States,11-50,2025-03-14,Google Ads,False
3413,"Haney, Miller and Garcia",Canada,1-10,2024-05-18,Referral,False
3414,"Jones, Martinez and Smith",India,201-1000,2025-01-16,Organic Search,False
3415,"Goodman, Martin and Kim",United Kingdom,1-10,2024-02-10,Google Ads,True
3416,Jackson-Pratt,United Kingdom,11-50,2025-05-10,LinkedIn Ads,True
3417,Taylor-Sawyer,India,201-1000,2023-02-19,LinkedIn Ads,False
3418,Ross-Phillips,United States,51-200,2025-05-05,Referral,True
3419,Forbes-Cortez,Australia,11-50,2025-10-22,LinkedIn Ads,False
3420,"Nelson, Morris and Preston",India,11-50,2024-05-12,Google Ads,False
3421,"Santos, Thomas and Mills",United States,201-1000,2025-11-05,,True
3422,Lang Ltd,United States,,2023-11-25,Google Ads,False
3423,Stone-King,India,51-200,2023-01-04,Direct,False
3424,Clark-Rivera,United Kingdom,,2025-07-27,LinkedIn Ads,False
3425,"Cortez, Phelps and Taylor",Canada,51-200,2023-04-12,Organic Search,False
3426,"Espinoza, Wells and Stewart",United States,1000+,2024-12-10,Organic Search,False
3427,Collins and Sons,United States,11-50,2024-06-23,Direct,False
3428,Benson PLC,United Kingdom,51-200,2024-11-22,Referral,False
3429,Rivera-Brown,United States,1-10,2025-04-03,Meta Ads,False
3430,Wheeler-Jones,Canada,11-50,2024-03-05,Google Ads,False
3431,"Hansen, Perez and Fuller",United Kingdom,51-200,2024-05-06,Organic Search,True
3432,"Daniel, Richardson and Wang",United States,1-10,2025-09-12,Referral,False
3433,Hoffman-May,United Kingdom,201-1000,2023-01-26,Google Ads,False
3434,Cross LLC,Canada,1-10,2024-11-21,Organic Search,False
3435,Robles PLC,United Kingdom,11-50,2024-03-03,LinkedIn Ads,True
3436,"Miranda, Rivera and Ingram",United States,11-50,2023-07-19,Google Ads,False
3437,"Jacobs, Levy and Mclaughlin",United Kingdom,1-10,2023-02-26,Google Ads,False
3438,"Barnett, Kennedy and Jackson",India,11-50,2023-06-02,Direct,True
3439,Hays Inc,United States,51-200,2025-04-26,Google Ads,False
3440,"Thomas, Martin and Baxter",United States,1-10,2023-11-18,Google Ads,False
3441,Miller-Booker,United States,1-10,2024-05-26,,False
3442,Ortega-Murphy,India,1-10,2023-07-29,Google Ads,False
3443,"Wolf, Allen and Long",Australia,201-1000,2025-11-23,Google Ads,False
3444,Mccarthy-Kelly,United States,11-50,2025-04-04,Organic Search,True
3445,"Stewart, Miller and Jacobs",United Kingdom,11-50,2025-12-15,Referral,False
3446,Moses Ltd,India,1-10,2023-06-19,LinkedIn Ads,False
3447,Dawson-Larsen,United States,1-10,2023-01-31,Referral,False
3448,"Alexander, Neal and King",United Kingdom,51-200,2024-01-27,Google Ads,False
3449,Grant Group,United States,51-200,2023-05-31,,False
3450,"Bailey, Johnson and Diaz",United States,201-1000,2023-07-09,Referral,True
3451,Townsend-Reed,United States,1-10,2023-02-20,Direct,False
3452,Lewis-Castro,Australia,51-200,2023-09-14,Referral,False
3453,"Cowan, Gonzalez and Ward",Australia,11-50,2025-09-22,Organic Search,False
3454,Davis-Wood,United States,1-10,2024-07-29,Referral,False
3455,Johnson-Hill,United States,51-200,2023-06-25,Google Ads,False
3456,Sanders-Forbes,United States,11-50,2023-03-20,LinkedIn Ads,False
3457,"King, Garrett and Maddox",Australia,1-10,2025-07-17,Organic Search,False
3458,Roy Group,United States,51-200,2024-06-21,Meta Ads,False
3459,"Chen, Henry and Wells",United States,1-10,2025-07-26,Direct,False
3460,"Christensen, Aguirre and Johnson",India,1-10,2024-03-31,Direct,False
3461,Salazar Ltd,United States,11-50,2024-05-20,Organic Search,False
3462,Thornton and Sons,United States,,2024-07-09,Referral,True
3463,Ramos Ltd,United States,1-10,2023-04-04,Direct,False
3464,Edwards PLC,United States,1-10,2024-11-11,Referral,False
3465,Lucero-Lee,United States,1-10,2023-02-13,LinkedIn Ads,False
3466,"Mclaughlin, Cook and Powers",Australia,11-50,2025-11-28,LinkedIn Ads,False
3467,Hurst-Jackson,United Kingdom,1000+,2023-02-21,Direct,False
3468,"Bowen, Diaz and Smith",United Kingdom,1-10,2025-09-11,Direct,False
3469,"Powell, Monroe and Caldwell",United Kingdom,201-1000,2023-08-15,Google Ads,False
3470,Lee PLC,Australia,11-50,2024-07-23,Google Ads,False
3471,Daniel Inc,Canada,51-200,2024-11-15,LinkedIn Ads,False
3472,Ramos LLC,India,1000+,2025-04-13,Direct,False
3473,"Gonzalez, Wagner and Thompson",United Kingdom,51-200,2024-03-08,Meta Ads,False
3474,"Wilkinson, Everett and Collins",United States,11-50,2025-02-26,Direct,False
3475,"Bell, Peterson and Carroll",Canada,1-10,2025-07-23,Direct,False
3476,"Miller, Conrad and Davis",India,1-10,2023-11-13,LinkedIn Ads,False
3477,Wang Inc,India,51-200,2024-12-15,Meta Ads,False
3478,Little Group,Australia,11-50,2025-03-05,,True
3479,Wiley and Sons,United States,201-1000,2023-09-12,LinkedIn Ads,False
3480,Hood-May,United Kingdom,11-50,2025-01-15,Google Ads,False
3481,Burgess Ltd,India,11-50,2023-09-06,Meta Ads,True
3482,"Mitchell, Ramirez and Cunningham",Canada,11-50,2024-06-22,LinkedIn Ads,False
3483,Perez-Lopez,United States,11-50,2024-11-02,Google Ads,True
3484,Wolfe-Baker,United States,51-200,2025-08-31,Direct,False
3485,Kelly-Cox,Canada,1-10,2025-01-11,,False
3486,"Mills, Gallegos and Mcdaniel",India,1000+,2025-03-08,Google Ads,False
3487,Moore-Carroll,India,1-10,2023-04-24,,False
3488,"Hamilton, Brewer and Fleming",United States,1000+,2024-05-31,Organic Search,False
3489,Clark-Lyons,Australia,51-200,2023-04-07,Organic Search,False
3490,"Arnold, Paul and Adams",India,51-200,2023-04-15,Organic Search,False
3491,"Ayala, Scott and Mcdonald",United Kingdom,1-10,2024-03-22,Meta Ads,False
3492,Weeks PLC,Canada,201-1000,2025-04-25,Direct,False
3493,"Welch, Alvarez and Mcdonald",India,51-200,2023-05-28,LinkedIn Ads,False
3494,Watson-Gray,United States,51-200,2025-12-13,Meta Ads,False
3495,"Valenzuela, Morris and Garcia",India,51-200,2024-02-04,Google Ads,True
3496,Booth-Smith,India,1-10,2025-03-11,,True
3497,Alvarez-Rogers,United Kingdom,1-10,2024-05-14,Referral,False
3498,Lopez LLC,India,51-200,2023-10-14,LinkedIn Ads,False
3499,Martin-Payne,Australia,11-50,2023-12-25,Organic Search,False
3500,Watkins-Neal,Australia,1-10,2024-01-17,Direct,False
3501,"Ross, Flowers and King",India,51-200,2024-05-23,Organic Search,False
3502,Burke-Olson,United Kingdom,1-10,2023-06-02,Direct,False
3503,Evans-Arellano,India,1-10,2023-02-20,LinkedIn Ads,False
3504,Hines PLC,United Kingdom,51-200,2025-03-06,Google Ads,False
3505,Fisher LLC,United States,51-200,2023-07-20,Google Ads,False
3506,"Morales, Johnson and Hunt",United Kingdom,1-10,2025-04-24,Organic Search,False
3507,Tanner-Sanford,United States,,2025-11-07,LinkedIn Ads,False
3508,"Gonzalez, Compton and Walton",India,11-50,2025-09-29,Google Ads,False
3509,Alvarado Inc,India,201-1000,2025-09-28,Meta Ads,False
3510,Parker and Sons,United States,51-200,2024-05-07,Google Ads,True
3511,Hopkins and Sons,Canada,1-10,2023-01-25,LinkedIn Ads,False
3512,Turner Inc,Australia,1-10,2023-07-31,Direct,False
3513,Young and Sons,United States,,2023-03-29,Direct,False
3514,Davis-Sanchez,United Kingdom,1000+,2024-06-01,Organic Search,True
3515,"Peters, Rowe and Smith",India,51-200,2025-08-24,LinkedIn Ads,False
3516,"Mcdaniel, Hale and Durham",United States,51-200,2024-12-24,Meta Ads,False
3517,"Bennett, Ford and Sanchez",United States,51-200,2025-07-08,Organic Search,False
3518,Hughes LLC,United Kingdom,11-50,2025-09-30,LinkedIn Ads,False
3519,Weiss-Cross,United States,,2024-12-24,Organic Search,False
3520,Carlson-Ferguson,United States,51-200,2024-09-13,Referral,False
3521,Freeman-Yang,United States,1-10,2023-01-27,Google Ads,False
3522,"Johnson, Blackwell and Thompson",United States,51-200,2023-01-06,Google Ads,False
3523,"Morrow, Bishop and Walton",United States,51-200,2024-11-08,Organic Search,True
3524,Brewer and Sons,Australia,201-1000,2023-03-03,Google Ads,False
3525,Lopez-Clark,United Kingdom,51-200,2025-02-28,,False
3526,Davis-Cruz,Australia,1-10,2025-04-02,Meta Ads,True
3527,Simmons LLC,United States,1-10,2023-01-09,LinkedIn Ads,False
3528,Hughes-Nicholson,United States,11-50,2025-09-30,Google Ads,False
3529,Martin Ltd,United Kingdom,1-10,2024-08-28,,False
3530,"Flowers, Marshall and Miller",India,1-10,2025-05-01,Organic Search,True
3531,"Oconnor, Rios and Sullivan",India,51-200,2023-11-24,Organic Search,False
3532,"Hunter, Parks and Smith",United States,11-50,2025-07-22,Organic Search,False
3533,"Choi, Morales and Wise",Canada,1000+,2025-10-14,Google Ads,False
3534,Coleman-Harmon,United Kingdom,1-10,2023-08-07,Direct,False
3535,Munoz Group,United Kingdom,11-50,2024-01-07,Organic Search,False
3536,"Watson, Wells and Rogers",United States,11-50,2024-07-19,Google Ads,False
3537,"Bonilla, Rodriguez and White",Australia,1-10,2025-05-11,Referral,True
3538,Schmidt-Reyes,United States,1-10,2023-09-26,Direct,False
3539,"Miller, Smith and Vaughan",Canada,11-50,2025-01-16,Google Ads,False
3540,"Lawrence, Gonzalez and Hess",United Kingdom,11-50,2025-12-10,Direct,True
3541,"Brennan, Graham and Marshall",Canada,51-200,2023-07-02,Referral,True
3542,Richardson-Small,Australia,1-10,2023-08-02,Meta Ads,False
3543,"Wood, Simmons and Leonard",Canada,51-200,2023-03-21,Google Ads,False
3544,Kelly-Smith,United States,11-50,2024-02-17,,False
3545,Evans-Johnson,United States,1-10,2023-05-25,LinkedIn Ads,False
3546,"Rodgers, Wright and Miller",United States,11-50,2024-07-29,Google Ads,False
3547,"Snyder, Orozco and Reed",United Kingdom,1-10,2025-08-13,Direct,False
3548,Barker-Sanchez,Canada,11-50,2024-03-08,LinkedIn Ads,False
3549,"Hoover, Carroll and Williams",Australia,11-50,2025-11-17,Organic Search,False
3550,Watson-Thomas,United Kingdom,51-200,2024-06-12,Direct,False
3551,"Little, Macias and Reyes",India,11-50,2023-01-18,LinkedIn Ads,False
3552,"Miller, Pennington and Curry",India,51-200,2025-08-05,Organic Search,False
3553,Morales-White,United States,11-50,2025-07-14,Direct,False
3554,"Scott, Delgado and Andrade",India,51-200,2024-08-06,Meta Ads,False
3555,Sanford-Leon,India,1-10,2024-06-14,Organic Search,False
3556,"Green, Turner and Palmer",Canada,51-200,2025-08-04,Organic Search,False
3557,Benson Inc,United Kingdom,1-10,2025-10-14,,False
3558,Berry-Lewis,United Kingdom,51-200,2024-09-19,LinkedIn Ads,False
3559,Hill-Barker,India,11-50,2025-08-12,Meta Ads,True
3560,Jacobs and Sons,United States,11-50,2023-01-06,LinkedIn Ads,True
3561,"Mitchell, Smith and Clark",United States,1-10,2024-08-01,Direct,False
3562,Sandoval-Hill,United States,51-200,2023-03-30,Google Ads,False
3563,George-Daugherty,United States,1-10,2025-07-28,Organic Search,False
3564,Davis-Walker,India,11-50,2024-06-21,Google Ads,False
3565,"Nguyen, Brown and Roberts",United Kingdom,11-50,2024-08-21,Organic Search,False
3566,"Lynch, Murray and Fisher",United States,1000+,2025-07-13,,False
3567,"Murphy, Price and Spears",United States,1-10,2023-05-31,Direct,False
3568,Cooper LLC,United Kingdom,1-10,2025-03-13,Google Ads,False
3569,Carson-Hernandez,Canada,,2025-09-05,Referral,False
3570,"Porter, Patel and Jackson",United Kingdom,201-1000,2023-07-31,Google Ads,False
3571,Scott-Johnson,India,11-50,2023-02-24,Meta Ads,False
3572,"Faulkner, Welch and Hoffman",India,11-50,2025-01-29,Referral,False
3573,Miller-Adkins,Canada,11-50,2024-11-12,LinkedIn Ads,False
3574,"Wood, Carter and Stewart",Canada,11-50,2024-04-20,LinkedIn Ads,False
3575,"Mcdonald, Moore and Richards",United States,1-10,2023-03-14,Google Ads,False
3576,"Bell, Reynolds and Forbes",India,201-1000,2025-05-18,Organic Search,False
3577,Potter LLC,United States,201-1000,2025-02-06,Organic Search,False
3578,"Manning, Fritz and Brooks",United Kingdom,201-1000,2023-02-18,Google Ads,False
3579,"Anderson, Lawson and Atkinson",United States,1-10,2024-06-01,Google Ads,True
3580,Foster and Sons,Canada,51-200,2024-01-09,Organic Search,True
3581,Duncan and Sons,United Kingdom,11-50,2023-11-19,Meta Ads,False
3582,Wang Ltd,Australia,11-50,2023-02-20,,False
3583,Pierce-Bell,Australia,11-50,2023-10-25,Organic Search,False
3584,Flores-Cox,India,11-50,2024-08-08,Meta Ads,True
3585,Beck Ltd,India,1-10,2023-10-25,Google Ads,False
3586,"Gill, Stewart and Nichols",Canada,1000+,2025-05-13,Organic Search,False
3587,Perez-Powell,United States,51-200,2023-09-10,Meta Ads,True
3588,Mitchell-Middleton,Australia,201-1000,2025-05-23,Direct,False
3589,Bradshaw and Sons,Canada,11-50,2023-12-29,Google Ads,False
3590,Roberts-Patel,United Kingdom,11-50,2023-01-29,Referral,False
3591,Hines-Douglas,United Kingdom,1000+,2023-04-19,Google Ads,False
3592,"Solomon, Reyes and Delgado",Canada,1-10,2024-09-19,LinkedIn Ads,False
3593,Jenkins-Fields,Australia,51-200,2023-05-26,Referral,False
3594,"Walker, Lynch and Gordon",United States,,2023-02-06,Direct,True
3595,Greene Ltd,United Kingdom,1-10,2024-02-17,Referral,False
3596,Dougherty-Nguyen,Canada,1-10,2023-05-12,Organic Search,True
3597,Jackson Ltd,India,11-50,2023-10-01,Meta Ads,False
3598,Cohen-Crane,United States,1-10,2023-02-06,Organic Search,False
3599,Paul Ltd,United Kingdom,,2023-06-01,Google Ads,True
3600,Arnold-Boyer,United Kingdom,1-10,2025-01-21,LinkedIn Ads,False
3601,Ellis Ltd,United Kingdom,1-10,2023-04-30,Google Ads,False
3602,Morris LLC,United Kingdom,11-50,2023-11-07,,False
3603,Kline and Sons,United States,51-200,2023-04-15,Google Ads,False
3604,"Murray, Sanchez and Morrison",United States,11-50,2023-01-25,Google Ads,False
3605,Robles Group,India,,2024-04-15,,False
3606,"Davidson, Lara and Massey",India,201-1000,2025-01-16,Referral,False
3607,"Rhodes, Camacho and Cowan",India,1-10,2025-05-14,Referral,False
3608,Jones-Butler,Australia,1-10,2024-12-10,Organic Search,False
3609,Ware-Medina,India,1-10,2023-04-26,LinkedIn Ads,False
3610,"Frank, Holland and Ferguson",United Kingdom,1-10,2025-01-20,Referral,False
3611,Gonzales Ltd,Australia,51-200,2025-03-20,Referral,False
3612,Carter Group,India,51-200,2023-10-01,Meta Ads,True
3613,"Mack, Cox and Moran",United States,11-50,2025-01-13,Organic Search,False
3614,"Soto, Alexander and Cobb",United States,1-10,2025-11-21,Direct,False
3615,"Molina, Rodriguez and Jackson",United States,,2024-12-29,Meta Ads,False
3616,Douglas-Thomas,United States,51-200,2025-02-04,Meta Ads,False
3617,Pope and Sons,United States,51-200,2023-07-05,Google Ads,False
3618,Davis-May,Canada,51-200,2025-04-20,Referral,False
3619,Goodwin-Sherman,United Kingdom,1-10,2023-06-06,Referral,True
3620,Phillips-Wallace,United States,51-200,2024-02-11,,False
3621,Lyons-Carroll,Australia,1-10,2025-05-07,Meta Ads,True
3622,"Johnson, Taylor and Boyd",United States,11-50,2024-08-30,Google Ads,False
3623,"Cox, Carter and Duffy",Canada,1000+,2023-10-16,Referral,False
3624,Bradley LLC,India,11-50,2024-07-27,Meta Ads,False
3625,Marquez-Nunez,Canada,51-200,2024-05-31,Direct,False
3626,Manning Ltd,United States,1-10,2025-10-19,Google Ads,False
3627,Scott-Perez,United Kingdom,11-50,2025-10-28,Organic Search,False
3628,Aguilar and Sons,Canada,1-10,2024-08-23,LinkedIn Ads,False
3629,"Smith, Diaz and Romero",United States,201-1000,2023-08-25,Direct,False
3630,"Sullivan, Montgomery and Jackson",United Kingdom,1000+,2024-11-03,LinkedIn Ads,False
3631,Schneider-Matthews,Canada,11-50,2024-05-29,Google Ads,False
3632,"Edwards, Brooks and Grimes",Australia,51-200,2024-08-09,LinkedIn Ads,False
3633,Wong-Harrell,United Kingdom,11-50,2025-01-07,Referral,True
3634,Thompson-Prince,Australia,1-10,2025-08-11,LinkedIn Ads,False
3635,Barnett Inc,Canada,1-10,2025-02-14,Organic Search,False
3636,Walker-Clark,United States,1000+,2025-06-20,Google Ads,False
3637,Ramirez Ltd,United States,1-10,2023-11-28,LinkedIn Ads,False
3638,Santos LLC,India,11-50,2023-09-24,Google Ads,False
3639,Stevens-Durham,United Kingdom,201-1000,2023-04-08,LinkedIn Ads,False
3640,Larsen PLC,India,11-50,2024-11-09,Meta Ads,False
3641,Figueroa LLC,United States,11-50,2023-12-05,Organic Search,False
3642,"Johnson, Sims and Crane",Canada,11-50,2025-06-05,Direct,False
3643,"Jones, Tran and Nichols",United States,11-50,2023-12-26,Referral,False
3644,"Medina, Miller and Yates",United Kingdom,1-10,2024-11-03,Google Ads,True
3645,Knight-Wright,Australia,1-10,2025-07-31,Organic Search,False
3646,Robles-White,Canada,201-1000,2025-04-06,LinkedIn Ads,True
3647,"Mathews, Perez and Love",Canada,1-10,2025-03-08,Direct,True
3648,Arnold-Davis,United Kingdom,1000+,2025-02-14,Organic Search,False
3649,Quinn Inc,United Kingdom,11-50,2024-07-04,Google Ads,True
3650,Perez PLC,Australia,51-200,2024-12-11,Referral,False
3651,"Woods, Garcia and Keith",United Kingdom,1-10,2025-05-20,Direct,False
3652,Flores Ltd,United Kingdom,1-10,2023-04-25,Google Ads,False
3653,Miller-Gonzalez,United States,1-10,2025-08-04,Organic Search,False
3654,"Lawrence, George and Evans",Australia,1-10,2023-02-16,Google Ads,False
3655,Perkins Inc,United States,201-1000,2024-08-17,LinkedIn Ads,False
3656,"Tanner, Waters and Lee",Canada,11-50,2025-07-27,Meta Ads,False
3657,"Mendez, Bryant and Smith",United States,11-50,2024-08-07,Organic Search,False
3658,Guzman-Vasquez,United States,1000+,2024-08-31,Meta Ads,False
3659,Murphy Group,United Kingdom,1-10,2024-02-29,Google Ads,False
3660,"Campbell, Brewer and Baker",United States,11-50,2024-12-22,,False
3661,"Wright, Hill and Hoffman",Australia,201-1000,2024-06-20,Organic Search,False
3662,Garrett-Rodriguez,United Kingdom,11-50,2025-09-26,Organic Search,False
3663,Freeman LLC,United States,201-1000,2024-04-06,Google Ads,True
3664,"Ruiz, Martin and Jones",India,1-10,2025-10-18,Referral,False
3665,Chambers-Davis,United Kingdom,201-1000,2024-10-18,,False
3666,Peterson-Mcdaniel,Canada,1-10,2024-03-23,Meta Ads,False
3667,Lewis PLC,United States,1-10,2025-02-10,Referral,True
3668,Flores-Moreno,United States,11-50,2025-01-23,Direct,False
3669,Cohen PLC,United States,1000+,2025-01-29,Google Ads,False
3670,Moore-Miranda,India,11-50,2023-10-02,Organic Search,False
3671,Phelps PLC,Australia,11-50,2023-06-02,Organic Search,True
3672,"Moore, Frye and Zavala",India,1-10,2025-01-21,Direct,False
3673,"Larson, Butler and Barber",India,51-200,2025-03-18,Google Ads,False
3674,Cantu Group,United States,1-10,2025-10-03,Meta Ads,False
3675,Wood-Torres,India,11-50,2023-10-05,Meta Ads,True
3676,"Gomez, Mcgee and Cole",United States,1000+,2024-09-06,Google Ads,True
3677,Elliott-Farmer,United States,51-200,2023-12-12,,True
3678,Schmitt LLC,United Kingdom,1-10,2024-04-23,Referral,False
3679,"Trujillo, Proctor and Wang",United States,11-50,2023-03-21,Referral,False
3680,Cardenas and Sons,United Kingdom,1-10,2023-02-25,Referral,False
3681,Wall-Johnson,Australia,201-1000,2024-04-29,Meta Ads,False
3682,Gibbs-Nguyen,Canada,51-200,2024-02-22,Organic Search,False
3683,"Stevenson, Salinas and Williamson",United Kingdom,11-50,2024-03-14,Organic Search,False
3684,Gates-Rodriguez,United Kingdom,1-10,2023-06-28,Google Ads,False
3685,David-Watkins,United States,201-1000,2023-06-26,Organic Search,False
3686,Harrington Group,United States,1-10,2023-03-12,LinkedIn Ads,False
3687,"Moyer, Mccarthy and Wright",United Kingdom,51-200,2024-09-10,Google Ads,False
3688,"Willis, Brown and Brown",United Kingdom,1-10,2024-03-20,Meta Ads,False
3689,Hill-Wood,United States,51-200,2024-04-23,Referral,False
3690,Rodriguez-Taylor,Canada,1-10,2025-09-18,Referral,False
3691,"Jones, Rowland and Oconnor",India,1-10,2025-09-08,Meta Ads,True
3692,Sawyer PLC,India,1-10,2024-05-24,Referral,False
3693,Andrews-Hoffman,United States,1-10,2025-03-11,Referral,True
3694,Sanchez-Armstrong,United States,1-10,2023-08-11,Referral,True
3695,"Green, Schmidt and Carter",United States,1000+,2025-10-15,LinkedIn Ads,False
3696,"Dawson, Edwards and Castaneda",United States,1000+,2023-03-05,Referral,True
3697,Burgess-Lewis,United States,1-10,2025-03-08,Meta Ads,True
3698,Mcdonald-Murray,United States,1000+,2023-08-10,,True
3699,Gonzalez-Mata,United States,51-200,2025-12-06,Referral,False
3700,Scott-Adkins,United States,1-10,2025-11-05,Google Ads,True
3701,Taylor Ltd,United States,1-10,2024-08-23,Organic Search,False
3702,Simmons-Shaffer,United States,51-200,2023-01-11,LinkedIn Ads,False
3703,"Brooks, Knight and Forbes",Canada,11-50,2025-02-04,Meta Ads,False
3704,"Marks, Murphy and Ryan",United States,51-200,2025-05-11,Direct,True
3705,Andrews-Walters,India,11-50,2025-05-27,Organic Search,False
3706,"Jones, Davis and Grant",United States,,2023-10-25,LinkedIn Ads,False
3707,"Santos, Lee and Jones",United States,1-10,2025-11-28,LinkedIn Ads,False
3708,"Jordan, Hill and Hayes",Canada,11-50,2023-07-21,,False
3709,"Hernandez, Rivera and White",United States,201-1000,2024-12-07,,False
3710,"Morgan, Rose and Schwartz",United States,11-50,2023-01-10,Google Ads,False
3711,Preston-Morales,United States,51-200,2023-08-19,Organic Search,False
3712,Smith-Clayton,United Kingdom,,2023-08-31,Meta Ads,False
3713,Hernandez-Foley,United States,51-200,2025-03-29,Google Ads,False
3714,"Craig, Nguyen and Ellis",United States,1-10,2024-06-12,Meta Ads,False
3715,"Gonzalez, Underwood and Schaefer",Canada,11-50,2025-10-20,Direct,False
3716,"Camacho, Hernandez and Mejia",India,1000+,2024-07-29,Referral,False
3717,Parker Inc,United States,201-1000,2023-01-15,Google Ads,False
3718,Harrell-Hebert,United States,1000+,2024-03-27,Meta Ads,False
3719,"Clark, Turner and Coleman",India,51-200,2025-06-30,Referral,False
3720,Hall-Gillespie,India,,2024-10-27,Organic Search,False
3721,Johnson-Rich,United States,,2025-04-12,Direct,True
3722,Martinez-Gould,United Kingdom,1-10,2023-02-09,Referral,True
3723,Wallace Ltd,Australia,1-10,2025-08-07,Organic Search,False
3724,"Clark, Williams and Gonzales",India,201-1000,2024-11-17,Google Ads,False
3725,Harris Group,United States,11-50,2025-05-26,Meta Ads,False
3726,"Olsen, Davis and Thompson",Australia,51-200,2024-12-25,Google Ads,False
3727,"Ramsey, Martinez and Sherman",United States,1-10,2025-07-04,Meta Ads,False
3728,Shepard Ltd,United Kingdom,51-200,2024-10-03,Referral,True
3729,"Howard, Cowan and Perry",United Kingdom,,2023-07-06,Organic Search,False
3730,Galloway PLC,United Kingdom,51-200,2023-09-14,Organic Search,False
3731,Woods-Hicks,Canada,201-1000,2023-03-25,Referral,False
3732,Smith-James,United Kingdom,1-10,2024-08-13,Organic Search,False
3733,Ross-Mathews,United States,51-200,2023-11-03,Referral,True
3734,Ward-Collins,United Kingdom,201-1000,2025-01-05,Organic Search,True
3735,Perez-Haynes,United States,201-1000,2025-04-29,Meta Ads,False
3736,"Schneider, Price and Ruiz",United States,11-50,2024-11-30,Google Ads,False
3737,Blair-Merritt,Canada,201-1000,2023-05-30,Direct,False
3738,Cunningham and Sons,Canada,1-10,2023-06-05,LinkedIn Ads,False
3739,"Moore, Neal and Farmer",Canada,51-200,2023-05-04,LinkedIn Ads,False
3740,Carlson and Sons,Australia,1000+,2024-03-11,Referral,False
3741,"Guerrero, Watson and Perry",Canada,11-50,2024-08-05,Organic Search,True
3742,Barnes and Sons,United Kingdom,11-50,2025-08-18,Referral,False
3743,"Sanford, Harmon and Patrick",United States,1-10,2023-11-18,Organic Search,False
3744,Powell-Brooks,India,11-50,2025-09-16,Organic Search,False
3745,Howell-Johnson,India,11-50,2025-05-31,Organic Search,False
3746,Rivera Group,United Kingdom,11-50,2024-09-21,Referral,False
3747,Moss and Sons,Australia,1-10,2025-08-25,Referral,False
3748,Williams-Bennett,United States,11-50,2025-09-25,Google Ads,False
3749,"Sharp, Jackson and Garcia",Canada,1-10,2024-04-05,LinkedIn Ads,False
3750,Prince-Davis,United Kingdom,11-50,2024-07-13,Organic Search,False
3751,Rodriguez Group,India,201-1000,2025-06-20,Direct,False
3752,Lucero-Chase,Australia,51-200,2024-04-07,Meta Ads,True
3753,"Alexander, Vincent and Pacheco",United States,51-200,2023-07-03,LinkedIn Ads,False
3754,Anderson-Douglas,United Kingdom,201-1000,2023-01-08,Referral,True
3755,Krueger-Barnett,India,11-50,2024-01-16,Google Ads,False
3756,"Gonzalez, Robinson and Anderson",United States,1-10,2024-06-07,Direct,True
3757,"Davis, Powell and Eaton",United States,51-200,2025-03-08,,True
3758,Wright LLC,United States,11-50,2025-05-06,Google Ads,True
3759,Blair LLC,United States,51-200,2024-12-02,Google Ads,False
3760,Page-Murray,United States,11-50,2024-03-05,Direct,True
3761,"Meyer, Ray and Stephenson",United States,1-10,2024-04-17,Meta Ads,False
3762,Murphy LLC,United States,1-10,2025-08-11,Referral,True
3763,"Thomas, Doyle and Rosales",United States,1-10,2023-07-28,Referral,False
3764,"Bullock, Cruz and Williams",United States,51-200,2023-10-19,Meta Ads,False
3765,Petty Inc,United States,1-10,2024-01-27,Referral,False
3766,Walters and Sons,United Kingdom,11-50,2025-03-27,Direct,False
3767,"Castillo, Mathews and Lopez",United States,1-10,2025-06-19,LinkedIn Ads,False
3768,"Sullivan, Haney and Chavez",United Kingdom,11-50,2025-02-28,Referral,False
3769,Gardner-Wilson,Australia,1-10,2024-09-21,Referral,False
3770,Rios-Robertson,United Kingdom,1-10,2025-10-06,Meta Ads,True
3771,Rogers-Stafford,United States,11-50,2025-12-05,Organic Search,True
3772,Peterson-Wiggins,India,1-10,2023-03-19,LinkedIn Ads,False
3773,"Bryant, Davis and Chase",India,1-10,2025-01-02,Google Ads,True
3774,"Baker, Casey and Simmons",Canada,51-200,2023-06-15,,False
3775,Oconnell and Sons,United Kingdom,11-50,2023-03-17,LinkedIn Ads,False
3776,Martinez-Bailey,United States,11-50,2025-12-25,Google Ads,False
3777,Graham-Joyce,Australia,11-50,2024-04-18,Google Ads,False
3778,Burch PLC,United States,11-50,2024-12-22,LinkedIn Ads,False
3779,Parsons and Sons,United Kingdom,11-50,2024-04-11,Meta Ads,False
3780,"Garner, Fox and Chan",United States,51-200,2024-10-18,Meta Ads,False
3781,"Heath, Warren and Mcbride",United States,,2023-04-30,Google Ads,False
3782,Ryan-Steele,United States,201-1000,2025-08-15,Meta Ads,False
3783,"Jackson, Moore and Becker",United States,1-10,2025-08-02,Organic Search,True
3784,"Walters, Montgomery and Bridges",United States,11-50,2024-07-02,Organic Search,False
3785,"Hernandez, Dunlap and Lynch",India,1-10,2023-09-11,Google Ads,False
3786,Price-Boyd,India,11-50,2023-11-12,Meta Ads,True
3787,English-Mcdonald,India,11-50,2025-01-01,Organic Search,True
3788,Griffith LLC,India,11-50,2023-02-17,LinkedIn Ads,False
3789,"Barnett, Clark and Quinn",India,1-10,2023-08-09,Meta Ads,False
3790,"Chung, Brown and Jenkins",United Kingdom,201-1000,2024-06-06,Referral,True
3791,Myers and Sons,India,,2024-10-28,Direct,False
3792,"Barnes, Vargas and Wright",United States,11-50,2024-01-27,Referral,False
3793,Jones-Richmond,United Kingdom,1-10,2025-06-30,Referral,False
3794,Taylor-Morales,United Kingdom,1-10,2025-10-27,Google Ads,False
3795,"Singh, Blackburn and Hernandez",United Kingdom,11-50,2024-07-28,Organic Search,False
3796,Thomas-Hill,United States,1-10,2025-01-03,LinkedIn Ads,True
3797,Smith-Wilson,Australia,11-50,2024-12-29,,False
3798,Warren-Ingram,United States,,2025-05-09,Meta Ads,False
3799,"Ruiz, Guerrero and Evans",United States,11-50,2024-06-15,LinkedIn Ads,False
3800,Weaver PLC,United Kingdom,1-10,2023-12-30,Meta Ads,False
3801,Hernandez-Beard,India,51-200,2025-04-17,Organic Search,False
3802,"Peterson, Nelson and Travis",United States,1-10,2023-09-09,Organic Search,True
3803,Massey-Scott,India,1-10,2025-04-01,Referral,False
3804,"Owens, Richards and Walter",India,11-50,2023-12-09,Referral,False
3805,"Glenn, Freeman and Carter",United States,1-10,2023-05-21,Meta Ads,False
3806,"Garcia, Bright and Morrison",Canada,51-200,2025-02-27,Organic Search,False
3807,"Grimes, Allen and Horn",United States,1-10,2025-02-04,Meta Ads,True
3808,Copeland-Richmond,Australia,11-50,2025-04-23,Google Ads,False
3809,Brown-Garcia,United Kingdom,11-50,2024-09-29,Google Ads,False
3810,Kirby-Oconnor,United States,1-10,2025-05-15,Direct,False
3811,Bowman-Murphy,India,1-10,2024-12-23,Google Ads,False
3812,"Huff, Bird and Miller",United States,11-50,2024-03-12,Organic Search,False
3813,Marquez Group,United Kingdom,1-10,2025-02-28,LinkedIn Ads,False
3814,"Hamilton, Baker and Osborn",United States,51-200,2025-04-28,Organic Search,False
3815,"Freeman, Obrien and Cunningham",Canada,11-50,2023-05-31,LinkedIn Ads,False
3816,"Stone, Schaefer and Reyes",United States,201-1000,2023-06-17,Organic Search,False
3817,"Rodriguez, Massey and Day",Australia,1-10,2024-03-29,Google Ads,False
3818,Ward Ltd,United Kingdom,11-50,2023-05-02,Google Ads,False
3819,"Mckee, Fisher and Long",India,51-200,2025-10-31,Direct,False
3820,"Williams, Holland and Alexander",India,201-1000,2025-04-08,,True
3821,Berry-Mills,United States,,2023-04-11,Referral,False
3822,Li-Fuller,India,1-10,2023-01-28,Organic Search,False
3823,Caldwell-Johnson,India,1-10,2023-07-29,Referral,False
3824,"White, Mccoy and Murphy",United Kingdom,11-50,2024-07-28,,False
3825,Knapp-Pham,Australia,11-50,2023-03-13,Google Ads,False
3826,"Bryant, Macdonald and Howard",United Kingdom,11-50,2024-12-14,Google Ads,False
3827,"Cooper, Beltran and Wright",United States,1-10,2023-02-02,Meta Ads,True
3828,Bowers-Nguyen,Canada,51-200,2024-09-10,Organic Search,True
3829,"Ritter, Baker and Leon",India,201-1000,2023-06-25,Referral,False
3830,Hansen PLC,United Kingdom,11-50,2023-09-10,Meta Ads,False
3831,"Morris, Morales and Bailey",United Kingdom,1000+,2023-03-10,Direct,True
3832,Kirk Inc,Canada,51-200,2023-05-09,Meta Ads,True
3833,Bell-Medina,United States,11-50,2024-09-23,Google Ads,False
3834,Stewart LLC,United Kingdom,11-50,2023-09-13,Meta Ads,False
3835,Sloan Inc,United States,51-200,2025-01-15,LinkedIn Ads,False
3836,"Sullivan, Howell and Fowler",United States,1000+,2024-01-03,Meta Ads,False
3837,Harris-Chase,United States,51-200,2025-12-06,,True
3838,Bell-Shaffer,United States,51-200,2024-11-26,Google Ads,False
3839,Fischer-Chung,United States,51-200,2024-01-21,LinkedIn Ads,False
3840,Smith-Lopez,India,1-10,2024-04-15,Google Ads,False
3841,Stout-Graves,United States,201-1000,2023-10-28,Organic Search,False
3842,"Phillips, Castro and Thompson",India,1-10,2023-03-06,Google Ads,True
3843,"Dominguez, Gonzalez and Davis",United Kingdom,51-200,2024-02-08,Organic Search,True
3844,"Melendez, Alvarado and Phelps",India,51-200,2023-04-03,Google Ads,True
3845,Baldwin PLC,United States,11-50,2025-10-04,Organic Search,False
3846,Sanders-Morse,United Kingdom,51-200,2023-03-29,Organic Search,False
3847,Kirk Ltd,United States,51-200,2025-11-29,Referral,False
3848,Austin-Arellano,United States,1000+,2025-07-13,Referral,False
3849,Key-Ramos,United States,11-50,2025-10-25,LinkedIn Ads,False
3850,Sanchez and Sons,Australia,1-10,2024-10-06,Organic Search,False
3851,"Haney, Johnson and Walker",United States,51-200,2025-12-14,Referral,False
3852,"Lucero, Sanchez and Perez",United States,11-50,2024-04-16,LinkedIn Ads,False
3853,"Cain, Thomas and Phillips",Canada,11-50,2025-03-23,,False
3854,Mathews Group,United Kingdom,1-10,2024-09-04,,True
3855,Perry-Arnold,United States,1-10,2024-03-10,Organic Search,True
3856,"Lee, Lopez and Stone",United Kingdom,11-50,2023-07-30,Referral,False
3857,Burton-Oneal,United Kingdom,1-10,2023-06-18,Direct,False
3858,Francis-Mann,United States,1-10,2023-06-17,Meta Ads,False
3859,Lara-Baker,Canada,1-10,2025-02-08,Direct,True
3860,Diaz-Schaefer,United States,1-10,2025-12-01,Referral,True
3861,Rubio and Sons,United States,,2025-08-15,Google Ads,False
3862,Heath-Andersen,United States,11-50,2025-10-13,Organic Search,False
3863,"Alvarez, Edwards and Aguirre",India,11-50,2025-12-22,Google Ads,False
3864,"Perez, Bailey and Park",Canada,11-50,2023-08-25,Organic Search,False
3865,"Nicholson, Walker and Adams",United Kingdom,1-10,2025-11-20,,False
3866,Stevens Group,United States,1-10,2023-09-12,Referral,True
3867,Garza-Brown,United States,51-200,2024-02-28,Direct,False
3868,"Santos, Huang and Woods",India,1-10,2025-06-08,LinkedIn Ads,True
3869,"Hernandez, Fleming and Jones",United States,11-50,2025-02-27,Direct,False
3870,"Hill, King and Mosley",India,1000+,2025-02-12,Google Ads,True
3871,Padilla-Bender,United States,1-10,2023-09-18,Referral,False
3872,Lewis-Hayes,Australia,11-50,2023-12-04,Referral,False
3873,"Terry, Torres and Hall",India,1-10,2024-02-26,Google Ads,False
3874,"Shah, Thomas and Ryan",United Kingdom,,2025-04-03,Direct,False
3875,"Matthews, Huffman and Arellano",Canada,1-10,2024-01-08,Organic Search,False
3876,"Wilson, Madden and Austin",United Kingdom,1000+,2023-08-19,Organic Search,False
3877,"Gutierrez, Martin and Lee",United States,1-10,2024-01-07,Referral,False
3878,"Ayala, Mayo and Houston",United Kingdom,11-50,2024-09-20,Organic Search,False
3879,Banks Group,United States,11-50,2024-11-23,Direct,False
3880,"Wilson, Davis and Shah",United Kingdom,1-10,2023-12-08,Google Ads,False
3881,"Haynes, Jennings and Ballard",United States,201-1000,2024-01-02,Meta Ads,True
3882,Horton-Taylor,United Kingdom,11-50,2025-09-02,Organic Search,False
3883,White-Collins,United States,11-50,2023-07-02,Direct,False
3884,Davis-Green,Canada,11-50,2024-01-02,LinkedIn Ads,False
3885,"Miller, Hayes and Davis",India,,2025-04-11,,True
3886,Smith-Obrien,India,11-50,2024-09-22,Google Ads,False
3887,"Brown, Brooks and Jackson",Canada,51-200,2023-11-17,,False
3888,"Smith, Murphy and Torres",Australia,1-10,2025-03-17,Direct,False
3889,"Elliott, Villarreal and Sosa",Australia,1-10,2023-02-07,Organic Search,False
3890,Fields Group,United States,11-50,2024-04-04,Direct,True
3891,Nichols LLC,United Kingdom,11-50,2025-03-03,Direct,False
3892,Wiggins and Sons,Australia,1-10,2025-07-27,,False
3893,"Brooks, Thompson and Alexander",United Kingdom,201-1000,2023-11-21,Direct,False
3894,Howell PLC,United States,1-10,2024-02-05,Referral,False
3895,Rodriguez-Vega,United States,51-200,2025-08-13,Google Ads,False
3896,"Stone, Mccullough and Jimenez",United States,1-10,2025-06-11,LinkedIn Ads,True
3897,"Moore, Austin and Rogers",India,1-10,2025-08-12,Organic Search,True
3898,Mcfarland-Kelley,Canada,51-200,2024-08-23,Direct,False
3899,Bowers-Raymond,United States,1-10,2023-04-15,Google Ads,False
3900,"Spencer, Morgan and Diaz",Australia,51-200,2025-03-17,Referral,False
3901,Horne Group,United States,1000+,2024-06-26,Organic Search,False
3902,Bauer Inc,United States,201-1000,2024-06-01,Organic Search,False
3903,Brown-Haas,India,,2025-06-25,Organic Search,False
3904,Cochran-Browning,United States,1-10,2024-06-13,Google Ads,False
3905,"Webster, Garza and Abbott",United Kingdom,11-50,2025-09-14,Meta Ads,False
3906,Alvarado LLC,Canada,51-200,2024-01-18,Google Ads,False
3907,"Hart, Park and Boyd",India,,2023-03-01,LinkedIn Ads,False
3908,"Day, Campbell and Taylor",United States,1-10,2025-03-02,Referral,False
3909,Carter Ltd,United States,11-50,2025-04-14,Google Ads,False
3910,Powell-Bennett,United States,11-50,2025-03-19,Organic Search,False
3911,Johnson-Garcia,Australia,1-10,2023-03-18,Referral,False
3912,"Webb, Price and Jimenez",Australia,1-10,2025-08-29,,False
3913,Townsend-Hale,Australia,201-1000,2023-04-20,Google Ads,False
3914,"Guerra, Lopez and Davis",Australia,1-10,2024-02-11,Meta Ads,True
3915,"Adkins, Duncan and Thompson",United Kingdom,11-50,2024-02-19,,False
3916,Stevenson-Ferguson,United States,11-50,2024-10-20,Organic Search,False
3917,Rasmussen Group,Australia,51-200,2024-12-05,Referral,True
3918,Bell PLC,India,201-1000,2025-06-04,LinkedIn Ads,True
3919,Colon Ltd,United States,11-50,2023-11-24,Google Ads,False
3920,Rodgers-Warren,United Kingdom,11-50,2024-01-20,Meta Ads,False
3921,"Williams, Lewis and Bryant",Canada,201-1000,2024-02-29,Google Ads,False
3922,Stafford Ltd,United States,11-50,2025-09-29,Referral,False
3923,Jones-Harris,United States,1-10,2025-05-25,LinkedIn Ads,False
3924,Duncan PLC,United Kingdom,1000+,2025-11-15,Referral,False
3925,Mccullough Inc,United Kingdom,,2024-11-03,Organic Search,False
3926,Smith-Allen,India,11-50,2024-01-14,Organic Search,False
3927,Joyce-Benitez,India,1-10,2024-06-08,Direct,False
3928,Moore PLC,India,201-1000,2024-06-30,Direct,False
3929,Becker-Mckinney,Canada,1-10,2023-02-19,Google Ads,False
3930,"Collins, Bentley and Valdez",United Kingdom,,2023-11-13,Organic Search,False
3931,Ortiz-Smith,United States,11-50,2023-09-24,Organic Search,False
3932,Bennett-Kirby,United States,11-50,2024-05-18,Direct,False
3933,Montoya Group,United States,1-10,2024-12-24,Referral,False
3934,Greene-Sims,United States,1-10,2023-02-22,Referral,False
3935,Williams-Wang,United Kingdom,1-10,2023-01-09,Google Ads,True
3936,Alvarado and Sons,India,201-1000,2025-02-26,Google Ads,False
3937,Walsh Inc,India,201-1000,2024-05-01,Google Ads,False
3938,Barrera Group,India,11-50,2025-11-23,Referral,False
3939,Harding LLC,United Kingdom,51-200,2024-07-08,Meta Ads,False
3940,"Espinoza, Neal and Mitchell",United States,11-50,2023-11-18,Referral,False
3941,Mitchell-Hudson,United Kingdom,11-50,2023-09-27,Referral,False
3942,Juarez Group,United States,51-200,2025-05-07,,False
3943,Clements PLC,United Kingdom,201-1000,2023-04-20,Google Ads,False
3944,Gonzalez-Holmes,Australia,11-50,2025-10-24,,False
3945,Harrison Inc,United Kingdom,201-1000,2023-08-24,Referral,False
3946,Allen PLC,India,51-200,2025-04-13,,False
3947,Kim-Thomas,United Kingdom,51-200,2024-12-10,Organic Search,False
3948,"Hammond, Bates and Gordon",Australia,1-10,2025-11-12,Google Ads,True
3949,Mack Ltd,United Kingdom,11-50,2024-09-06,Referral,False
3950,Peterson LLC,United States,1-10,2025-01-27,Organic Search,False
3951,Bell and Sons,Australia,,2024-05-23,LinkedIn Ads,False
3952,"Brown, James and Arroyo",Australia,11-50,2024-08-05,Meta Ads,False
3953,"Brown, White and Lee",Canada,11-50,2025-12-06,Google Ads,True
3954,"Griffith, Johnson and Alexander",United States,,2025-01-15,Meta Ads,False
3955,Guzman LLC,United Kingdom,11-50,2023-02-12,Google Ads,True
3956,"Martin, Payne and Stewart",United Kingdom,11-50,2025-03-24,Referral,False
3957,"Ferguson, Montgomery and Jackson",India,1-10,2024-07-19,,False
3958,Wood-Thomas,United States,11-50,2024-11-19,Referral,False
3959,Sutton Inc,Australia,51-200,2025-06-10,Direct,True
3960,Smith-Brown,United States,11-50,2025-04-29,Google Ads,False
3961,Mack-Wilson,United States,,2023-03-03,Referral,True
3962,Gill Inc,United States,11-50,2025-08-23,Referral,False
3963,"Gardner, Smith and Holloway",United Kingdom,11-50,2025-03-11,Referral,True
3964,Pineda-Newman,Australia,1-10,2025-05-10,Organic Search,False
3965,Jennings-Hughes,India,1-10,2023-06-30,Meta Ads,False
3966,"Young, Henry and Wright",United States,1-10,2024-02-24,,False
3967,"Gibson, Calhoun and Hernandez",India,51-200,2024-05-01,Direct,False
3968,"Suarez, Walker and Mitchell",United States,11-50,2024-04-28,Organic Search,False
3969,"Thompson, Coffey and Kidd",United Kingdom,1-10,2025-12-17,Direct,False
3970,Richardson Inc,India,1-10,2025-04-07,Referral,False
3971,Trujillo-Thomas,United Kingdom,51-200,2025-11-15,Google Ads,False
3972,Jenkins-Hobbs,United States,51-200,2023-01-11,,True
3973,Archer and Sons,India,51-200,2023-12-07,Organic Search,False
3974,"Gomez, Mcmahon and Fisher",United Kingdom,51-200,2025-06-27,Meta Ads,False
3975,Murray-Chavez,United Kingdom,201-1000,2024-09-18,Meta Ads,False
3976,Ford-Morgan,United States,51-200,2024-11-07,LinkedIn Ads,False
3977,"Ross, Cummings and Harris",United States,,2025-02-14,Organic Search,False
3978,Gould Ltd,United States,11-50,2025-03-10,Direct,False
3979,"Mueller, Cox and Ford",India,51-200,2024-01-08,Organic Search,True
3980,Brooks-Parker,United States,1-10,2023-10-09,Google Ads,False
3981,Thomas-Rodriguez,United States,1-10,2023-05-12,LinkedIn Ads,False
3982,"Chavez, Conway and Sosa",United Kingdom,201-1000,2023-04-16,Referral,False
3983,"Jenkins, Gonzalez and Morgan",India,51-200,2025-03-28,Organic Search,False
3984,Keller PLC,United Kingdom,201-1000,2023-04-21,Meta Ads,False
3985,White-Ramos,India,1-10,2025-05-19,Meta Ads,False
3986,"Clark, Bradley and Jackson",Canada,1-10,2025-08-14,LinkedIn Ads,False
3987,"Becker, Hammond and Davidson",Australia,1-10,2023-12-30,Meta Ads,False
3988,"Casey, Gonzalez and Jenkins",United Kingdom,201-1000,2023-07-24,Google Ads,False
3989,Sanchez-Rodgers,United Kingdom,51-200,2023-02-14,LinkedIn Ads,False
3990,Stewart-Fitzpatrick,Australia,1-10,2024-10-16,Google Ads,False
3991,"Schmidt, Fuller and Johnson",Australia,201-1000,2025-10-22,LinkedIn Ads,False
3992,Buchanan Inc,United States,51-200,2023-08-04,Google Ads,True
3993,Phelps-Edwards,United States,1-10,2025-10-02,Meta Ads,False
3994,Harris-Hernandez,United States,11-50,2025-04-12,Organic Search,False
3995,Hanson-Stewart,India,1-10,2025-05-29,Google Ads,False
3996,Alvarez-Padilla,United States,11-50,2025-09-18,Referral,False
3997,Turner-Lang,United Kingdom,201-1000,2023-10-11,Direct,True
3998,Lester and Sons,United States,1-10,2025-07-30,Direct,False
3999,Perry PLC,United States,11-50,2023-09-16,Google Ads,False
4000,"Ortiz, Hoffman and Fuller",United States,1-10,2023-12-26,LinkedIn Ads,False
