subscription_id,customer_id,plan_id,start_date,end_date,billing_cycle,status
1,1,2,2024-07-17,2024-12-06,monthly,cancelled
2,2,1,2023-03-03,,monthly,active
3,3,1,2023-01-14,2024-04-29,annual,cancelled
4,3,2,2024-06-19,,annual,active
5,4,1,2023-07-29,,monthly,active
6,5,1,2023-09-13,,monthly,active
7,6,2,2023-04-04,,annual,active
8,7,1,2025-01-17,,annual,active
9,8,2,2025-12-29,,annual,active
10,9,1,2024-04-14,,annual,active
11,10,3,2025-03-21,,monthly,active
12,11,1,2025-03-28,,annual,active
13,12,3,2023-11-24,2024-07-30,monthly,cancelled
14,13,1,2023-08-23,2023-11-01,monthly,cancelled
15,14,2,2025-07-18,,monthly,active
16,15,1,2024-03-09,2024-04-23,annual,cancelled
17,15,2,2024-05-24,,annual,active
18,16,2,2024-10-25,2024-11-22,annual,cancelled
19,16,2,2025-02-20,,annual,active
20,17,2,2023-06-11,2025-04-01,monthly,cancelled
21,18,2,2023-05-12,,monthly,active
22,19,1,2025-02-03,,monthly,active
23,20,1,2024-03-27,2024-08-31,monthly,cancelled
24,20,3,2024-10-10,,monthly,active
25,21,2,2025-11-18,,monthly,active
26,22,1,2025-04-13,,monthly,active
27,23,1,2023-07-21,,annual,active
28,24,1,2023-10-15,,annual,active
29,25,2,2023-07-20,2023-08-23,monthly,cancelled
30,26,3,2025-09-12,,monthly,active
31,27,1,2024-08-07,2025-11-08,monthly,cancelled
32,28,3,2024-03-21,,monthly,active
33,29,2,2025-10-26,2025-12-20,monthly,cancelled
34,30,2,2024-04-26,,annual,active
35,31,1,2025-12-06,,annual,active
36,32,2,2025-07-25,2025-09-13,annual,cancelled
37,33,1,2025-11-02,,monthly,active
38,34,2,2024-09-11,2024-10-31,monthly,cancelled
39,34,1,2024-12-21,,monthly,active
40,35,2,2023-10-03,,annual,active
41,36,1,2024-03-12,,annual,active
42,37,2,2024-07-20,2024-11-14,annual,cancelled
43,38,2,2025-05-25,2025-12-19,annual,cancelled
44,39,1,2023-10-31,,monthly,active
45,40,3,2024-05-26,,annual,active
46,41,3,2023-11-29,,annual,active
47,42,2,2024-05-23,,monthly,active
48,43,1,2024-12-17,2025-05-31,monthly,cancelled
49,44,2,2023-05-23,,monthly,active
50,45,1,2024-06-18,2024-10-08,monthly,cancelled
51,46,2,2025-06-12,,monthly,active
52,47,2,2023-04-01,2023-12-14,monthly,cancelled
53,48,1,2024-11-07,2024-12-19,annual,cancelled
54,48,1,2025-04-08,,annual,active
55,49,2,2025-04-04,,monthly,active
56,50,1,2024-09-08,2024-11-18,monthly,cancelled
57,50,1,2024-11-12,,monthly,active
58,51,1,2024-03-13,2024-07-30,monthly,cancelled
59,52,3,2023-11-07,,monthly,active
60,53,3,2024-05-16,,monthly,active
61,54,1,2025-10-09,,monthly,active
62,55,2,2023-12-27,2025-01-29,annual,cancelled
63,56,2,2025-12-23,,monthly,active
64,57,3,2025-02-07,,annual,active
65,58,1,2025-03-12,2025-10-01,annual,cancelled
66,59,2,2023-06-15,2024-02-15,monthly,cancelled
67,60,2,2025-08-12,2025-09-22,annual,cancelled
68,61,1,2025-02-18,,monthly,active
69,62,1,2025-09-26,,annual,active
70,63,3,2023-09-19,,monthly,active
71,64,2,2023-10-05,,monthly,active
72,65,1,2024-07-23,,annual,active
73,66,1,2024-12-17,,annual,active
74,67,2,2023-11-02,2023-12-20,monthly,cancelled
75,67,2,2024-03-18,,monthly,active
76,68,2,2025-01-25,,monthly,active
77,69,3,2023-02-22,2023-04-09,monthly,cancelled
78,70,2,2023-07-28,,annual,active
79,71,1,2025-01-28,,monthly,active
80,72,1,2025-07-30,,monthly,active
81,73,1,2025-09-17,,monthly,active
82,74,3,2024-07-25,,monthly,active
83,75,1,2024-10-27,,monthly,active
84,76,1,2023-06-25,,monthly,active
85,77,1,2025-07-06,,annual,active
86,78,1,2025-08-27,,monthly,active
87,79,1,2024-09-19,,annual,active
88,80,2,2024-07-20,,monthly,active
89,81,1,2024-04-10,,monthly,active
90,82,1,2023-09-16,2024-11-15,monthly,cancelled
91,83,3,2024-11-28,,monthly,active
92,84,1,2023-04-20,,monthly,active
93,85,3,2024-04-07,,monthly,active
94,86,2,2023-07-23,2023-11-17,monthly,cancelled
95,87,1,2023-11-17,2024-01-10,monthly,cancelled
96,88,1,2025-07-18,,monthly,active
97,89,2,2023-02-11,2024-09-03,annual,cancelled
98,90,1,2025-06-18,2025-12-04,monthly,cancelled
99,91,2,2025-06-03,2025-08-03,monthly,cancelled
100,92,2,2023-03-24,2023-07-24,monthly,cancelled
101,92,2,2023-10-30,,monthly,active
102,93,3,2025-10-04,2025-11-11,annual,cancelled
103,94,2,2025-04-23,,monthly,active
104,95,2,2024-05-31,2024-09-09,monthly,cancelled
105,96,1,2025-08-04,,monthly,active
106,97,1,2024-06-30,,monthly,active
107,98,1,2023-11-21,2024-02-05,monthly,cancelled
108,98,1,2024-04-13,,monthly,active
109,99,2,2023-11-12,2024-06-05,monthly,cancelled
110,100,1,2025-07-24,2025-12-09,monthly,cancelled
111,101,2,2025-04-29,,annual,active
112,102,3,2025-09-29,2025-12-17,monthly,cancelled
113,103,3,2024-01-22,,monthly,active
114,104,1,2025-02-19,,monthly,active
115,105,2,2025-10-25,,monthly,active
116,106,2,2023-02-01,2025-01-04,annual,cancelled
117,107,2,2024-11-24,,monthly,active
118,108,2,2023-03-15,,monthly,active
119,109,3,2023-07-21,2025-02-10,annual,cancelled
120,110,2,2024-10-26,,monthly,active
121,111,1,2023-12-15,2024-05-19,monthly,cancelled
122,111,2,2024-06-11,,monthly,active
123,112,2,2024-04-20,2025-05-27,monthly,cancelled
124,112,1,2025-08-23,,monthly,active
125,113,2,2023-06-01,,monthly,active
126,114,3,2024-09-10,2024-10-13,annual,cancelled
127,114,1,2025-06-01,,annual,active
128,115,3,2023-02-14,,annual,active
129,116,2,2024-08-09,2024-11-29,monthly,cancelled
130,117,1,2023-10-08,,monthly,active
131,118,2,2023-09-27,,monthly,active
132,119,1,2025-12-23,,monthly,active
133,120,2,2024-11-24,2025-02-11,annual,cancelled
134,120,2,2025-03-13,,annual,active
135,121,2,2025-03-24,2025-06-25,annual,cancelled
136,121,3,2025-08-10,,annual,active
137,122,1,2025-07-20,2025-09-25,annual,cancelled
138,123,1,2025-08-23,,annual,active
139,124,3,2025-08-08,,monthly,active
140,125,1,2023-08-26,,monthly,active
141,126,3,2025-04-29,,annual,active
142,127,1,2024-03-20,,monthly,active
143,128,1,2023-05-05,2023-09-17,annual,cancelled
144,129,1,2023-02-13,,annual,active
145,130,1,2024-03-18,,monthly,active
146,131,2,2023-09-24,2024-01-11,monthly,cancelled
147,132,2,2024-10-25,,monthly,active
148,133,3,2025-07-07,,monthly,active
149,134,1,2025-03-12,,monthly,active
150,135,2,2025-01-10,,annual,active
151,136,1,2024-10-27,,monthly,active
152,137,1,2024-03-16,,monthly,active
153,138,2,2024-10-02,,monthly,active
154,139,2,2023-07-10,2023-08-21,monthly,cancelled
155,139,1,2023-10-12,,monthly,active
156,140,1,2023-09-08,,monthly,active
157,141,1,2024-12-21,,annual,active
158,142,2,2023-08-24,2024-10-15,annual,cancelled
159,143,1,2024-07-01,2024-08-18,annual,cancelled
160,144,2,2025-03-31,,monthly,active
161,145,2,2024-11-29,,monthly,active
162,146,2,2023-11-19,2024-12-08,monthly,cancelled
163,147,1,2025-04-28,2025-07-20,annual,cancelled
164,148,1,2025-09-23,2025-10-13,annual,cancelled
165,149,2,2024-03-08,,monthly,active
166,150,1,2023-09-22,,monthly,active
167,151,1,2025-12-06,,monthly,active
168,152,1,2024-08-15,,monthly,active
169,153,2,2023-06-30,2024-05-19,annual,cancelled
170,154,1,2024-11-26,,monthly,active
171,155,2,2024-12-20,,monthly,active
172,156,1,2023-11-10,,annual,active
173,157,2,2024-10-23,,monthly,active
174,158,2,2023-04-26,2024-04-03,monthly,cancelled
175,159,1,2023-07-04,,annual,active
176,160,1,2024-10-20,2025-11-08,monthly,cancelled
177,161,1,2025-10-30,,monthly,active
178,162,1,2025-03-04,,annual,active
179,163,2,2025-02-03,2025-03-23,monthly,cancelled
180,164,2,2024-12-17,2025-03-13,annual,cancelled
181,164,3,2025-05-01,,annual,active
182,165,2,2024-11-03,2024-12-11,monthly,cancelled
183,165,1,2025-01-30,,monthly,active
184,166,1,2025-11-07,,monthly,active
185,167,2,2023-11-14,,monthly,active
186,168,1,2023-09-26,,monthly,active
187,169,1,2025-04-21,,annual,active
188,170,3,2024-09-25,,monthly,active
189,171,1,2025-02-21,,annual,active
190,172,2,2025-11-09,2025-11-30,annual,cancelled
191,173,1,2024-12-07,,annual,active
192,174,1,2023-02-24,2023-04-10,monthly,cancelled
193,175,1,2024-10-14,,monthly,active
194,176,3,2023-10-12,,annual,active
195,177,1,2025-12-16,,monthly,active
196,178,2,2023-09-05,,monthly,active
197,179,2,2025-05-29,2025-09-30,monthly,cancelled
198,180,3,2023-05-19,2024-04-26,monthly,cancelled
199,181,1,2023-03-31,2023-12-29,monthly,cancelled
200,182,2,2024-11-11,,monthly,active
201,183,2,2024-01-09,,monthly,active
202,184,2,2023-03-27,,annual,active
203,185,1,2024-08-08,,monthly,active
204,186,1,2025-03-30,2025-09-29,monthly,cancelled
205,187,1,2025-11-29,,annual,active
206,188,2,2023-07-30,,monthly,active
207,189,2,2024-12-20,2025-11-14,annual,cancelled
208,190,2,2023-03-06,2023-10-26,monthly,cancelled
209,190,2,2023-12-11,,monthly,active
210,191,2,2025-06-16,,monthly,active
211,192,2,2023-11-11,,monthly,active
212,193,2,2024-05-10,,monthly,active
213,194,2,2024-06-20,,monthly,active
214,195,2,2023-06-01,2023-10-22,annual,cancelled
215,195,2,2024-01-30,,annual,active
216,196,1,2023-05-13,,monthly,active
217,197,1,2024-04-04,2025-04-22,monthly,cancelled
218,198,2,2025-08-15,,monthly,active
219,199,1,2025-12-12,,monthly,active
220,200,1,2025-12-08,,annual,active
221,201,1,2025-05-06,2025-10-13,monthly,cancelled
222,202,2,2024-04-06,2024-09-16,monthly,cancelled
223,203,1,2023-09-14,,annual,active
224,204,2,2023-03-26,2023-05-01,monthly,cancelled
225,205,1,2025-05-03,2025-06-29,monthly,cancelled
226,206,2,2024-09-01,2024-10-08,monthly,cancelled
227,207,3,2024-02-10,,monthly,active
228,208,1,2025-11-20,,monthly,active
229,209,1,2024-08-17,2025-02-04,monthly,cancelled
230,209,1,2025-05-08,,monthly,active
231,210,1,2024-10-02,2025-01-30,monthly,cancelled
232,211,2,2025-03-16,2025-10-02,annual,cancelled
233,212,2,2024-08-08,,monthly,active
234,213,1,2023-04-03,,annual,active
235,214,2,2024-07-26,,annual,active
236,215,2,2025-01-18,2025-03-22,monthly,cancelled
237,215,2,2025-07-13,,monthly,active
238,216,1,2025-08-28,,monthly,active
239,217,1,2024-11-19,,monthly,active
240,218,2,2024-11-09,,monthly,active
241,219,2,2024-04-11,2025-04-14,monthly,cancelled
242,220,2,2023-03-06,2023-06-06,annual,cancelled
243,221,2,2025-04-20,,monthly,active
244,222,1,2024-02-29,,monthly,active
245,223,3,2024-12-26,2025-01-27,annual,cancelled
246,223,2,2025-02-09,,annual,active
247,224,1,2024-05-19,2024-09-08,monthly,cancelled
248,225,3,2025-09-28,,annual,active
249,226,2,2025-03-19,2025-05-30,monthly,cancelled
250,227,3,2024-12-10,,monthly,active
251,228,1,2023-09-10,2024-11-01,monthly,cancelled
252,228,1,2024-11-29,,monthly,active
253,229,1,2023-07-25,2024-09-23,monthly,cancelled
254,230,3,2025-04-13,,annual,active
255,231,3,2023-07-03,2024-03-29,monthly,cancelled
256,232,3,2025-05-05,,annual,active
257,233,3,2024-08-15,,monthly,active
258,234,2,2023-02-10,2024-07-16,monthly,cancelled
259,235,2,2024-06-10,2025-11-30,monthly,cancelled
260,236,2,2025-05-25,2025-07-14,monthly,cancelled
261,236,1,2025-10-18,,monthly,active
262,237,2,2023-01-14,2024-01-03,annual,cancelled
263,237,1,2024-04-27,,annual,active
264,238,3,2024-06-19,,monthly,active
265,239,1,2023-08-29,2024-01-12,monthly,cancelled
266,239,1,2024-05-05,,monthly,active
267,240,1,2025-02-04,2025-12-25,monthly,cancelled
268,241,3,2023-06-17,,monthly,active
269,242,1,2023-03-11,2024-10-27,monthly,cancelled
270,242,2,2024-11-12,,monthly,active
271,243,2,2023-04-24,2023-07-10,monthly,cancelled
272,243,2,2023-08-22,,monthly,active
273,244,1,2023-02-14,2023-03-23,monthly,cancelled
274,244,1,2023-04-14,,monthly,active
275,245,1,2023-05-04,,annual,active
276,246,3,2025-05-10,2025-08-10,annual,cancelled
277,247,2,2024-12-13,,monthly,active
278,248,1,2024-03-09,,annual,active
279,249,1,2023-11-14,,monthly,active
280,250,3,2024-07-05,2024-10-17,monthly,cancelled
281,251,1,2025-04-03,,monthly,active
282,252,1,2024-04-24,,annual,active
283,253,2,2025-12-03,,monthly,active
284,254,1,2025-12-10,2025-11-02,monthly,cancelled
285,254,1,2025-12-17,,monthly,active
286,255,1,2023-11-02,,monthly,active
287,256,2,2025-08-06,,monthly,active
288,257,1,2024-02-21,,monthly,active
289,258,1,2023-03-22,,annual,active
290,259,1,2024-12-09,,monthly,active
291,260,1,2024-05-11,2024-09-15,monthly,cancelled
292,260,2,2024-11-22,,monthly,active
293,261,1,2025-12-08,,annual,active
294,262,3,2024-10-17,,monthly,active
295,263,1,2024-06-18,,annual,active
296,264,2,2024-05-18,,monthly,active
297,265,1,2025-01-08,2025-10-30,monthly,cancelled
298,266,2,2025-12-09,,annual,active
299,267,2,2023-05-20,2023-09-25,annual,cancelled
300,268,2,2023-01-14,2024-12-31,annual,cancelled
301,269,1,2024-01-03,,monthly,active
302,270,1,2025-03-23,,monthly,active
303,271,1,2023-03-06,2023-07-07,monthly,cancelled
304,272,2,2025-10-20,,monthly,active
305,273,1,2024-04-15,2025-03-02,monthly,cancelled
306,274,1,2023-09-03,,monthly,active
307,275,1,2025-03-26,2025-08-11,monthly,cancelled
308,276,1,2024-11-10,,annual,active
309,277,1,2023-04-20,2025-09-22,annual,cancelled
310,278,2,2023-03-02,,annual,active
311,279,1,2023-06-25,2025-09-19,monthly,cancelled
312,280,1,2025-03-08,2025-06-15,annual,cancelled
313,281,2,2023-09-29,,annual,active
314,282,2,2023-07-10,,annual,active
315,283,1,2024-05-12,,monthly,active
316,284,1,2023-05-10,2023-11-21,monthly,cancelled
317,285,1,2025-10-12,,monthly,active
318,286,2,2024-05-11,2024-07-20,monthly,cancelled
319,286,1,2024-11-12,,monthly,active
320,287,1,2025-09-08,,monthly,active
321,288,1,2024-10-29,,monthly,active
322,289,3,2023-02-25,,monthly,active
323,290,2,2025-04-17,,monthly,active
324,291,1,2023-01-06,2023-07-10,monthly,cancelled
325,292,2,2023-06-24,2024-03-05,monthly,cancelled
326,293,1,2024-11-10,2025-02-12,monthly,cancelled
327,293,2,2025-04-08,,monthly,active
328,294,2,2025-08-06,,monthly,active
329,295,2,2025-01-05,2025-06-12,monthly,cancelled
330,296,1,2024-02-28,2024-05-06,annual,cancelled
331,296,1,2024-08-14,,annual,active
332,297,2,2023-04-02,2024-02-17,monthly,cancelled
333,297,2,2024-05-04,,monthly,active
334,298,2,2025-11-22,,annual,active
335,299,2,2024-01-13,2024-03-14,annual,cancelled
336,299,1,2024-07-04,,annual,active
337,300,2,2025-03-07,,annual,active
338,301,1,2025-01-19,2025-03-03,monthly,cancelled
339,301,2,2025-03-15,,monthly,active
340,302,2,2023-08-22,2023-12-20,monthly,cancelled
341,302,2,2024-01-14,,monthly,active
342,303,1,2023-02-10,,monthly,active
343,304,2,2023-10-10,,monthly,active
344,305,2,2024-08-14,,monthly,active
345,306,3,2023-10-07,2024-01-11,annual,cancelled
346,307,1,2025-06-28,,monthly,active
347,308,3,2024-08-14,,monthly,active
348,309,2,2025-01-21,2025-07-27,monthly,cancelled
349,309,1,2025-10-08,,monthly,active
350,310,1,2024-05-21,,monthly,active
351,311,1,2024-04-30,,monthly,active
352,312,2,2024-02-28,,annual,active
353,313,1,2024-08-15,,monthly,active
354,314,2,2023-02-05,2024-02-14,monthly,cancelled
355,315,1,2024-05-21,,monthly,active
356,316,1,2025-07-14,,monthly,active
357,317,3,2025-07-20,2025-10-23,annual,cancelled
358,318,2,2025-03-01,,annual,active
359,319,2,2024-08-03,,monthly,active
360,320,2,2023-05-04,2023-07-31,monthly,cancelled
361,320,1,2023-11-20,,monthly,active
362,321,2,2025-05-26,,annual,active
363,322,2,2023-11-07,,monthly,active
364,323,1,2024-04-24,,monthly,active
365,324,3,2025-11-29,,monthly,active
366,325,2,2023-05-26,,monthly,active
367,326,2,2025-02-22,,monthly,active
368,327,1,2023-03-12,,monthly,active
369,328,1,2024-03-20,,monthly,active
370,329,1,2024-10-06,2025-07-03,monthly,cancelled
371,330,3,2023-02-24,,monthly,active
372,331,2,2023-04-22,,annual,active
373,332,2,2025-12-17,,annual,active
374,333,1,2025-05-11,,monthly,active
375,334,3,2023-01-29,2023-08-31,annual,cancelled
376,335,1,2025-04-30,,monthly,active
377,336,2,2023-06-11,,monthly,active
378,337,1,2024-09-27,,monthly,active
379,338,1,2025-07-17,2025-08-20,monthly,cancelled
380,338,2,2025-09-02,,monthly,active
381,339,1,2023-01-24,,monthly,active
382,340,2,2024-07-04,,monthly,active
383,341,2,2024-06-22,,monthly,active
384,342,1,2025-01-23,,monthly,active
385,343,2,2023-01-04,2023-10-21,monthly,cancelled
386,343,3,2024-01-22,,monthly,active
387,344,1,2025-05-08,2025-09-07,annual,cancelled
388,345,2,2025-10-25,,monthly,active
389,346,3,2025-08-10,,monthly,active
390,347,3,2024-08-20,2024-11-07,monthly,cancelled
391,348,1,2024-05-17,,monthly,active
392,349,1,2025-02-09,,annual,active
393,350,2,2023-10-19,,annual,active
394,351,3,2025-07-27,2025-08-22,annual,cancelled
395,351,3,2025-11-08,,annual,active
396,352,2,2025-06-09,,monthly,active
397,353,1,2024-10-30,,monthly,active
398,354,2,2025-07-09,,annual,active
399,355,3,2024-06-26,,monthly,active
400,356,1,2023-10-31,2023-12-04,monthly,cancelled
401,357,3,2023-03-05,2023-09-23,monthly,cancelled
402,358,2,2023-09-06,2023-12-06,annual,cancelled
403,359,3,2024-06-14,,monthly,active
404,360,1,2024-11-10,,annual,active
405,361,1,2025-10-13,,monthly,active
406,362,1,2023-01-11,2023-12-19,monthly,cancelled
407,362,1,2024-12-04,,monthly,active
408,363,1,2023-05-05,2024-03-11,monthly,cancelled
409,364,2,2023-02-09,,monthly,active
410,365,2,2025-06-03,,monthly,active
411,366,1,2025-12-20,,annual,active
412,367,1,2025-12-28,,annual,active
413,368,2,2024-12-27,,monthly,active
414,369,3,2025-01-04,,monthly,active
415,370,1,2025-05-10,,monthly,active
416,371,1,2023-02-01,2023-06-28,annual,cancelled
417,372,1,2023-05-02,,monthly,active
418,373,1,2025-03-21,,monthly,active
419,374,3,2024-10-11,2024-12-15,monthly,cancelled
420,375,1,2025-02-13,,annual,active
421,376,1,2023-03-08,2023-05-29,monthly,cancelled
422,376,1,2023-07-10,,monthly,active
423,377,1,2024-11-09,2025-01-06,monthly,cancelled
424,378,1,2024-11-18,,monthly,active
425,379,1,2023-03-01,2024-10-14,monthly,cancelled
426,380,3,2024-12-20,,annual,active
427,381,1,2023-10-03,,monthly,active
428,382,1,2023-06-03,,monthly,active
429,383,1,2023-04-12,2023-06-15,monthly,cancelled
430,383,2,2023-07-08,,monthly,active
431,384,1,2024-07-30,,monthly,active
432,385,1,2023-08-01,,monthly,active
433,386,2,2023-12-16,2024-06-14,annual,cancelled
434,386,1,2024-01-10,,annual,active
435,387,1,2023-07-06,,monthly,active
436,388,1,2025-06-19,,annual,active
437,389,3,2025-04-27,,monthly,active
438,390,2,2024-04-27,2024-12-07,monthly,cancelled
439,391,3,2023-12-21,2024-07-19,annual,cancelled
440,392,3,2024-02-18,2024-05-24,monthly,cancelled
441,393,3,2024-10-29,,annual,active
442,394,2,2023-10-31,2023-12-23,annual,cancelled
443,395,3,2024-08-08,,monthly,active
444,396,2,2023-03-18,2024-03-18,monthly,cancelled
445,396,2,2024-06-23,,monthly,active
446,397,2,2024-05-01,2025-01-26,monthly,cancelled
447,398,1,2024-09-28,,monthly,active
448,399,2,2024-10-19,,annual,active
449,400,2,2025-09-19,2025-12-10,monthly,cancelled
450,401,2,2023-05-10,,monthly,active
451,402,2,2023-03-09,2023-07-20,annual,cancelled
452,403,1,2023-03-04,2024-02-07,monthly,cancelled
453,404,1,2024-12-06,,monthly,active
454,405,2,2023-11-30,,monthly,active
455,406,3,2025-04-18,,annual,active
456,407,2,2023-01-18,2024-08-15,annual,cancelled
457,408,1,2024-12-15,,monthly,active
458,409,3,2025-11-13,,monthly,active
459,410,1,2025-09-13,,monthly,active
460,411,1,2024-09-03,,annual,active
461,412,2,2023-10-14,,annual,active
462,413,2,2024-01-24,2024-10-26,monthly,cancelled
463,414,1,2025-04-11,2025-12-07,monthly,cancelled
464,415,3,2024-06-13,,annual,active
465,416,2,2024-12-28,,monthly,active
466,417,3,2025-08-07,2025-10-18,monthly,cancelled
467,418,1,2025-10-21,,monthly,active
468,419,1,2024-12-02,,monthly,active
469,420,1,2023-06-15,,annual,active
470,421,1,2023-12-12,,monthly,active
471,422,3,2025-05-29,2025-11-04,monthly,cancelled
472,423,2,2024-10-21,2024-11-22,monthly,cancelled
473,424,2,2024-01-10,,monthly,active
474,425,2,2025-07-22,,monthly,active
475,426,3,2025-01-05,,monthly,active
476,427,2,2024-03-08,2024-05-02,monthly,cancelled
477,428,1,2025-12-31,,monthly,active
478,429,1,2025-03-05,,monthly,active
479,430,1,2023-01-20,2023-02-20,monthly,cancelled
480,431,1,2025-11-13,,annual,active
481,432,3,2025-12-07,,annual,active
482,433,1,2024-11-08,,monthly,active
483,434,2,2025-11-13,,annual,active
484,435,1,2024-06-24,,annual,active
485,436,2,2025-05-22,,annual,active
486,437,1,2024-11-04,,monthly,active
487,438,2,2024-01-10,,monthly,active
488,439,1,2023-08-12,,monthly,active
489,440,1,2025-06-16,,annual,active
490,441,3,2023-08-20,,annual,active
491,442,1,2025-12-10,,annual,active
492,443,2,2025-06-05,,annual,active
493,444,1,2023-01-24,2023-11-03,annual,cancelled
494,445,2,2024-10-18,,annual,active
495,446,1,2023-06-11,,monthly,active
496,447,1,2023-02-06,,monthly,active
497,448,2,2024-09-15,2024-12-14,annual,cancelled
498,449,2,2024-04-01,2024-10-24,annual,cancelled
499,449,2,2025-01-19,,annual,active
500,450,1,2023-07-19,,monthly,active
501,451,2,2023-06-08,2023-10-05,monthly,cancelled
502,451,1,2023-10-18,,monthly,active
503,452,1,2024-01-20,,monthly,active
504,453,1,2025-04-28,,annual,active
505,454,1,2025-10-18,,monthly,active
506,455,1,2023-12-22,2024-12-15,monthly,cancelled
507,456,2,2025-05-07,,monthly,active
508,457,2,2023-10-01,,monthly,active
509,458,1,2024-03-21,,monthly,active
510,459,1,2025-10-28,,monthly,active
511,460,1,2025-12-29,,annual,active
512,461,2,2023-04-26,2024-02-07,monthly,cancelled
513,462,2,2024-08-27,,monthly,active
514,463,2,2025-03-07,2025-10-24,annual,cancelled
515,464,3,2025-03-05,,annual,active
516,465,2,2025-06-26,2025-08-18,monthly,cancelled
517,466,2,2024-08-25,,monthly,active
518,467,1,2024-07-25,,monthly,active
519,468,2,2023-03-23,2023-08-10,annual,cancelled
520,469,2,2023-05-30,,monthly,active
521,470,1,2025-05-01,2025-08-12,monthly,cancelled
522,471,3,2024-03-23,2024-06-28,monthly,cancelled
523,472,2,2025-07-01,,monthly,active
524,473,2,2025-02-20,,monthly,active
525,474,1,2025-11-19,,annual,active
526,475,2,2023-07-16,,annual,active
527,476,1,2025-05-18,2025-08-20,monthly,cancelled
528,476,2,2025-11-02,,monthly,active
529,477,1,2023-11-11,,monthly,active
530,478,2,2023-05-25,,monthly,active
531,479,1,2025-03-08,,monthly,active
532,480,3,2025-01-02,2025-09-28,monthly,cancelled
533,481,1,2025-02-20,,monthly,active
534,482,2,2024-08-27,2025-05-11,annual,cancelled
535,482,3,2025-07-16,,annual,active
536,483,1,2023-10-17,,monthly,active
537,484,2,2024-09-03,,monthly,active
538,485,2,2024-02-02,,annual,active
539,486,2,2024-08-18,,monthly,active
540,487,2,2023-07-24,2024-02-06,monthly,cancelled
541,488,2,2023-11-09,2024-04-06,annual,cancelled
542,488,2,2024-05-14,,annual,active
543,489,2,2025-06-12,2025-10-11,monthly,cancelled
544,489,2,2025-12-03,,monthly,active
545,490,1,2024-09-17,2024-11-08,monthly,cancelled
546,490,3,2024-12-11,,monthly,active
547,491,1,2024-02-07,,monthly,active
548,492,2,2023-03-05,,monthly,active
549,493,1,2023-11-01,,annual,active
550,494,1,2025-03-23,,annual,active
551,495,2,2025-07-02,,monthly,active
552,496,1,2025-01-04,,annual,active
553,497,3,2025-11-26,,annual,active
554,498,1,2023-07-31,,monthly,active
555,499,3,2025-02-10,2025-04-20,monthly,cancelled
556,499,1,2025-06-03,,monthly,active
557,500,2,2025-11-23,2025-12-28,monthly,cancelled
558,501,1,2025-06-19,,monthly,active
559,502,1,2024-04-16,,annual,active
560,503,2,2025-04-21,2025-06-09,monthly,cancelled
561,503,2,2025-08-14,,monthly,active
562,504,2,2023-04-25,,annual,active
563,505,3,2024-08-03,,monthly,active
564,506,2,2023-10-20,,annual,active
565,507,1,2025-07-17,,monthly,active
566,508,1,2023-11-03,,monthly,active
567,509,3,2023-03-01,2025-02-09,annual,cancelled
568,510,3,2025-12-21,,annual,active
569,511,1,2025-05-21,,monthly,active
570,512,2,2024-11-06,,annual,active
571,513,2,2024-02-25,,annual,active
572,514,2,2025-01-18,2025-04-17,annual,cancelled
573,514,1,2025-07-26,,annual,active
574,515,2,2024-03-06,,monthly,active
575,516,3,2023-01-09,,annual,active
576,517,1,2023-04-17,2023-05-20,monthly,cancelled
577,518,2,2023-06-30,,monthly,active
578,519,1,2025-03-12,,monthly,active
579,520,1,2023-01-22,2024-11-14,monthly,cancelled
580,521,2,2025-11-22,,monthly,active
581,522,2,2024-07-19,,monthly,active
582,523,2,2023-07-04,2023-12-15,monthly,cancelled
583,524,1,2024-08-04,,monthly,active
584,525,2,2023-05-29,,annual,active
585,526,2,2024-05-27,,annual,active
586,527,3,2025-08-01,,monthly,active
587,528,1,2024-04-15,,monthly,active
588,529,2,2025-03-28,,monthly,active
589,530,1,2024-07-05,2024-08-28,monthly,cancelled
590,531,1,2024-06-27,2024-11-20,annual,cancelled
591,532,1,2023-06-10,2024-10-09,annual,cancelled
592,533,1,2024-10-07,,monthly,active
593,534,1,2025-03-25,2025-07-24,annual,cancelled
594,535,2,2025-10-26,,monthly,active
595,536,2,2024-10-08,,monthly,active
596,537,2,2024-01-19,2024-06-09,annual,cancelled
597,537,2,2024-09-23,,annual,active
598,538,2,2024-07-03,,annual,active
599,539,2,2024-04-13,,annual,active
600,540,2,2025-08-26,,monthly,active
601,541,1,2024-05-28,,annual,active
602,542,2,2025-02-09,,monthly,active
603,543,2,2024-05-12,,annual,active
604,544,1,2024-08-05,2025-06-16,monthly,cancelled
605,545,1,2025-07-08,,monthly,active
606,546,1,2023-05-27,,annual,active
607,547,2,2024-09-07,,monthly,active
608,548,1,2023-02-17,2023-04-12,monthly,cancelled
609,549,2,2023-07-30,2024-04-14,monthly,cancelled
610,550,1,2023-08-01,,monthly,active
611,551,1,2025-06-26,2025-08-31,monthly,cancelled
612,552,1,2025-02-09,2025-09-02,monthly,cancelled
613,553,1,2025-07-24,,monthly,active
614,554,1,2024-04-10,,monthly,active
615,555,2,2024-12-05,,monthly,active
616,556,1,2024-08-22,2025-04-01,monthly,cancelled
617,556,2,2025-07-25,,monthly,active
618,557,1,2025-03-09,,monthly,active
619,558,2,2025-04-25,,annual,active
620,559,2,2025-04-10,,monthly,active
621,560,1,2024-07-05,,monthly,active
622,561,1,2025-05-10,,monthly,active
623,562,1,2023-04-25,,monthly,active
624,563,2,2023-07-09,2024-01-24,monthly,cancelled
625,563,3,2024-03-18,,monthly,active
626,564,3,2024-12-02,,monthly,active
627,565,1,2024-10-23,,monthly,active
628,566,2,2024-11-02,2025-05-22,monthly,cancelled
629,566,1,2025-08-24,,monthly,active
630,567,1,2023-01-31,,monthly,active
631,568,2,2023-11-14,,annual,active
632,569,3,2023-03-05,,annual,active
633,570,3,2025-06-17,2025-09-11,monthly,cancelled
634,570,2,2025-11-28,,monthly,active
635,571,1,2025-06-15,,monthly,active
636,572,2,2024-07-17,,annual,active
637,573,1,2025-01-21,2025-05-14,monthly,cancelled
638,574,1,2024-04-05,2025-06-06,monthly,cancelled
639,575,2,2023-12-11,2024-08-07,monthly,cancelled
640,575,1,2024-11-02,,monthly,active
641,576,3,2024-01-01,,annual,active
642,577,1,2024-08-06,,annual,active
643,578,2,2025-08-16,,monthly,active
644,579,1,2023-04-30,2024-05-20,monthly,cancelled
645,579,1,2024-07-27,,monthly,active
646,580,1,2025-11-29,,annual,active
647,581,3,2025-04-30,2025-09-01,monthly,cancelled
648,581,2,2025-09-27,,monthly,active
649,582,2,2024-01-05,2025-02-22,annual,cancelled
650,583,2,2024-10-26,2025-08-03,monthly,cancelled
651,584,2,2024-03-14,2025-01-28,annual,cancelled
652,585,3,2023-01-01,,annual,active
653,586,3,2024-03-15,,monthly,active
654,587,1,2023-07-13,2024-08-27,annual,cancelled
655,588,2,2023-07-08,2025-01-17,monthly,cancelled
656,589,3,2025-09-26,,annual,active
657,590,3,2023-06-10,2023-10-16,annual,cancelled
658,591,2,2024-04-09,,monthly,active
659,592,1,2024-10-15,,monthly,active
660,593,2,2025-07-01,2025-09-29,monthly,cancelled
661,593,1,2025-11-23,,monthly,active
662,594,1,2023-06-19,,monthly,active
663,595,1,2023-04-10,,monthly,active
664,596,3,2025-05-30,,monthly,active
665,597,1,2024-10-18,2024-11-21,monthly,cancelled
666,597,1,2025-03-07,,monthly,active
667,598,1,2023-10-26,2024-03-23,monthly,cancelled
668,598,1,2024-04-09,,monthly,active
669,599,2,2023-08-19,2023-09-26,monthly,cancelled
670,600,1,2024-09-16,,monthly,active
671,601,2,2025-09-16,,annual,active
672,602,2,2024-06-07,,annual,active
673,603,2,2023-05-17,2023-09-07,monthly,cancelled
674,603,2,2023-12-03,,monthly,active
675,604,1,2024-04-18,,monthly,active
676,605,2,2023-06-30,,monthly,active
677,606,2,2024-11-14,,monthly,active
678,607,1,2025-10-23,,monthly,active
679,608,2,2024-04-06,,annual,active
680,609,2,2025-05-04,2025-12-07,monthly,cancelled
681,610,2,2024-02-28,,monthly,active
682,611,2,2025-05-30,,monthly,active
683,612,1,2024-01-13,,monthly,active
684,613,2,2025-06-26,,monthly,active
685,614,1,2023-09-27,,annual,active
686,615,1,2023-02-23,,annual,active
687,616,2,2024-01-12,2024-05-02,annual,cancelled
688,617,2,2024-07-06,,monthly,active
689,618,1,2025-09-30,,monthly,active
690,619,1,2024-10-02,,monthly,active
691,620,2,2025-07-24,,annual,active
692,621,1,2025-03-04,,monthly,active
693,622,2,2025-02-08,2025-03-17,monthly,cancelled
694,623,3,2023-07-05,2023-06-01,monthly,cancelled
695,623,2,2023-09-22,,monthly,active
696,624,1,2025-07-12,,annual,active
697,625,1,2023-02-12,2024-02-26,monthly,cancelled
698,625,1,2024-06-25,,monthly,active
699,626,1,2025-11-13,,monthly,active
700,627,2,2023-11-29,2024-06-23,monthly,cancelled
701,628,1,2024-08-14,,annual,active
702,629,2,2025-10-18,,monthly,active
703,630,1,2023-12-06,,annual,active
704,631,3,2023-04-23,,monthly,active
705,632,2,2023-11-04,2024-07-01,annual,cancelled
706,632,2,2024-11-10,,annual,active
707,633,1,2023-03-15,2023-06-11,monthly,cancelled
708,634,2,2023-05-13,,monthly,active
709,635,1,2023-04-30,,monthly,active
710,636,2,2024-11-08,2025-05-02,annual,cancelled
711,637,2,2025-11-30,,monthly,active
712,638,1,2023-04-01,2023-05-04,annual,cancelled
713,638,2,2023-05-14,,annual,active
714,639,1,2025-04-27,2025-05-24,monthly,cancelled
715,639,1,2025-07-29,,monthly,active
716,640,1,2023-05-19,,monthly,active
717,641,1,2023-12-26,2024-05-07,monthly,cancelled
718,641,2,2024-07-13,,monthly,active
719,642,1,2023-10-06,,monthly,active
720,643,3,2023-04-25,2023-11-27,monthly,cancelled
721,644,1,2024-12-25,2025-09-24,monthly,cancelled
722,645,2,2025-03-08,,monthly,active
723,646,3,2025-04-27,,monthly,active
724,647,1,2023-12-25,2025-07-25,annual,cancelled
725,647,1,2025-09-15,,annual,active
726,648,1,2025-10-21,,monthly,active
727,649,2,2023-07-21,,monthly,active
728,650,1,2023-01-09,2023-08-01,monthly,cancelled
729,651,2,2023-07-31,2023-12-01,monthly,cancelled
730,652,2,2024-10-19,2025-12-03,monthly,cancelled
731,653,2,2024-07-14,2024-09-19,monthly,cancelled
732,653,2,2024-11-04,,monthly,active
733,654,3,2023-10-17,2024-04-02,monthly,cancelled
734,655,2,2025-06-27,,monthly,active
735,656,1,2025-03-13,2025-04-14,monthly,cancelled
736,656,2,2025-02-05,,monthly,active
737,657,2,2024-11-11,2024-12-17,monthly,cancelled
738,658,3,2025-08-17,,monthly,active
739,659,2,2023-10-22,,annual,active
740,660,1,2025-07-17,,monthly,active
741,661,1,2023-09-18,2024-07-05,annual,cancelled
742,661,2,2024-08-13,,annual,active
743,662,1,2025-08-02,,monthly,active
744,663,3,2024-03-02,,annual,active
745,664,2,2023-12-21,2024-10-31,monthly,cancelled
746,665,1,2024-10-28,,annual,active
747,666,2,2024-11-01,,monthly,active
748,667,1,2023-11-02,2023-07-17,monthly,cancelled
749,668,1,2024-05-09,,monthly,active
750,669,1,2023-07-02,,monthly,active
751,670,3,2023-02-01,,monthly,active
752,671,2,2024-10-13,,monthly,active
753,672,1,2025-02-26,,monthly,active
754,673,1,2023-02-02,2023-04-18,monthly,cancelled
755,674,2,2025-07-22,,monthly,active
756,675,2,2025-02-26,2025-05-07,monthly,cancelled
757,676,1,2025-04-21,,monthly,active
758,677,3,2025-09-13,2025-11-15,monthly,cancelled
759,678,3,2025-12-07,,annual,active
760,679,1,2024-01-10,2025-08-27,annual,cancelled
761,680,2,2024-11-09,,annual,active
762,681,1,2024-09-14,,monthly,active
763,682,1,2023-02-25,,annual,active
764,683,3,2024-07-17,2025-05-02,monthly,cancelled
765,684,1,2023-12-26,,annual,active
766,685,1,2023-10-25,2024-01-02,monthly,cancelled
767,685,2,2024-02-29,,monthly,active
768,686,2,2025-06-20,,monthly,active
769,687,2,2023-04-18,2024-04-03,monthly,cancelled
770,688,1,2025-08-29,,monthly,active
771,689,3,2025-12-21,,annual,active
772,690,1,2024-12-07,2025-03-26,monthly,cancelled
773,691,1,2024-02-04,,monthly,active
774,692,1,2023-01-25,,monthly,active
775,693,2,2023-02-18,2023-07-28,monthly,cancelled
776,694,2,2023-03-09,2023-06-15,monthly,cancelled
777,695,1,2024-01-13,2024-04-08,monthly,cancelled
778,695,2,2024-07-18,,monthly,active
779,696,1,2024-10-24,2025-10-29,monthly,cancelled
780,697,3,2024-06-12,,monthly,active
781,698,2,2025-10-04,,monthly,active
782,699,2,2023-07-31,2023-09-02,monthly,cancelled
783,700,3,2023-01-02,,annual,active
784,701,1,2025-09-06,2025-07-17,monthly,cancelled
785,701,1,2025-09-03,,monthly,active
786,702,2,2023-09-06,,monthly,active
787,703,1,2025-01-18,,monthly,active
788,704,3,2023-03-22,2023-05-02,monthly,cancelled
789,705,1,2025-09-23,,monthly,active
790,706,3,2025-09-28,,annual,active
791,707,1,2023-03-17,,annual,active
792,708,1,2025-07-12,2025-08-07,monthly,cancelled
793,708,2,2025-11-22,,monthly,active
794,709,2,2023-10-17,,monthly,active
795,710,1,2023-01-30,,annual,active
796,711,1,2023-11-05,,monthly,active
797,712,2,2025-05-22,,annual,active
798,713,2,2024-10-20,,annual,active
799,714,2,2023-10-17,2025-02-22,monthly,cancelled
800,715,1,2023-10-01,2024-08-17,monthly,cancelled
801,716,2,2023-01-14,2023-07-17,monthly,cancelled
802,717,1,2023-09-17,2023-11-10,annual,cancelled
803,718,2,2024-04-01,2024-07-14,monthly,cancelled
804,719,2,2024-04-27,2024-10-27,monthly,cancelled
805,720,1,2024-07-20,,annual,active
806,721,1,2023-03-30,2023-06-13,monthly,cancelled
807,722,1,2023-12-27,,monthly,active
808,723,1,2024-10-29,,monthly,active
809,724,3,2024-04-30,2024-10-13,monthly,cancelled
810,725,2,2025-11-06,,monthly,active
811,726,2,2025-01-04,2025-09-20,monthly,cancelled
812,727,1,2025-08-11,,monthly,active
813,728,1,2023-12-15,,monthly,active
814,729,1,2025-08-27,,annual,active
815,730,2,2024-03-31,2024-12-27,monthly,cancelled
816,731,2,2023-03-24,,monthly,active
817,732,2,2025-07-15,2025-08-25,monthly,cancelled
818,733,2,2025-01-04,,monthly,active
819,734,2,2023-02-19,2023-05-20,monthly,cancelled
820,734,2,2023-09-02,,monthly,active
821,735,2,2025-08-08,,annual,active
822,736,3,2025-05-22,,annual,active
823,737,2,2024-11-18,,monthly,active
824,738,3,2025-08-11,,annual,active
825,739,3,2023-11-10,2024-03-13,monthly,cancelled
826,739,2,2024-05-02,,monthly,active
827,740,1,2024-10-18,,monthly,active
828,741,1,2025-09-22,,monthly,active
829,742,2,2023-05-15,,monthly,active
830,743,1,2023-12-08,2024-06-06,annual,cancelled
831,743,1,2024-10-02,,annual,active
832,744,1,2024-08-23,2024-10-08,monthly,cancelled
833,744,1,2025-01-18,,monthly,active
834,745,2,2024-08-20,2024-10-06,monthly,cancelled
835,746,1,2024-10-30,2025-08-02,annual,cancelled
836,747,1,2024-09-19,,monthly,active
837,748,3,2025-07-22,,monthly,active
838,749,2,2023-11-27,,annual,active
839,750,2,2023-03-13,,monthly,active
840,751,2,2023-02-21,2023-03-29,monthly,cancelled
841,752,1,2024-08-28,2025-04-26,monthly,cancelled
842,753,1,2025-06-24,,monthly,active
843,754,1,2024-03-27,,monthly,active
844,755,1,2024-02-05,2025-04-22,monthly,cancelled
845,755,1,2025-05-29,,monthly,active
846,756,1,2024-02-03,,monthly,active
847,757,2,2025-01-27,,monthly,active
848,758,1,2024-03-17,2024-08-12,monthly,cancelled
849,758,3,2024-01-12,,monthly,active
850,759,1,2025-04-28,2025-07-30,annual,cancelled
851,759,1,2025-08-09,,annual,active
852,760,2,2023-05-16,,monthly,active
853,761,1,2023-08-10,,monthly,active
854,762,2,2025-10-08,,monthly,active
855,763,2,2023-12-09,2024-09-11,monthly,cancelled
856,764,3,2025-10-06,,monthly,active
857,765,1,2025-09-01,,annual,active
858,766,2,2023-04-30,,monthly,active
859,767,2,2024-12-30,,monthly,active
860,768,1,2023-07-13,,annual,active
861,769,1,2023-07-16,,monthly,active
862,770,1,2025-04-23,,monthly,active
863,771,2,2025-12-12,,monthly,active
864,772,2,2023-08-27,,monthly,active
865,773,2,2025-07-12,,monthly,active
866,774,1,2024-04-09,,monthly,active
867,775,1,2025-06-02,,annual,active
868,776,1,2023-03-30,,annual,active
869,777,3,2024-01-14,,monthly,active
870,778,1,2024-12-22,2025-05-09,monthly,cancelled
871,778,1,2025-06-05,,monthly,active
872,779,1,2025-12-19,,monthly,active
873,780,3,2024-03-14,,monthly,active
874,781,1,2024-01-06,2024-06-01,monthly,cancelled
875,782,1,2023-09-11,,monthly,active
876,783,1,2023-06-18,2024-11-06,monthly,cancelled
877,783,1,2025-01-31,,monthly,active
878,784,1,2024-07-04,,monthly,active
879,785,1,2025-01-22,,monthly,active
880,786,2,2023-02-09,,annual,active
881,787,1,2024-11-24,,monthly,active
882,788,2,2024-07-13,2024-09-03,monthly,cancelled
883,788,2,2024-12-31,,monthly,active
884,789,2,2023-10-29,,monthly,active
885,790,1,2023-05-20,,monthly,active
886,791,3,2023-06-06,2023-07-23,annual,cancelled
887,792,1,2025-10-30,,monthly,active
888,793,2,2025-02-24,,monthly,active
889,794,1,2023-03-12,,annual,active
890,795,1,2025-08-20,,annual,active
891,796,2,2024-12-23,2025-02-16,annual,cancelled
892,797,2,2023-02-25,2023-03-31,monthly,cancelled
893,798,1,2024-05-15,2024-06-18,monthly,cancelled
894,798,2,2024-09-10,,monthly,active
895,799,1,2024-11-22,2025-09-23,monthly,cancelled
896,800,1,2024-06-30,,monthly,active
897,801,1,2025-09-27,,monthly,active
898,802,3,2025-01-14,2025-02-14,monthly,cancelled
899,802,3,2025-06-01,,monthly,active
900,803,1,2024-03-14,,monthly,active
901,804,1,2023-07-14,,annual,active
902,805,1,2024-10-09,2024-11-26,monthly,cancelled
903,805,1,2025-01-31,,monthly,active
904,806,2,2024-01-05,2025-04-26,annual,cancelled
905,807,2,2024-07-02,2024-08-06,annual,cancelled
906,808,2,2025-12-05,,monthly,active
907,809,3,2024-10-14,,monthly,active
908,810,2,2023-11-25,2024-08-23,monthly,cancelled
909,810,2,2024-09-23,,monthly,active
910,811,2,2025-08-08,2025-11-25,monthly,cancelled
911,812,1,2023-03-01,2023-04-30,monthly,cancelled
912,813,1,2023-10-02,,annual,active
913,814,3,2025-01-14,2025-11-26,monthly,cancelled
914,815,2,2025-04-12,,monthly,active
915,816,2,2023-08-09,,monthly,active
916,817,1,2023-10-23,2025-04-08,monthly,cancelled
917,818,1,2023-08-20,,monthly,active
918,819,2,2024-09-23,,annual,active
919,820,2,2024-05-05,2025-04-18,monthly,cancelled
920,821,1,2025-06-25,,monthly,active
921,822,2,2024-09-01,,monthly,active
922,823,3,2023-06-14,2024-08-07,annual,cancelled
923,824,3,2023-11-25,2024-02-02,annual,cancelled
924,824,1,2024-02-05,,annual,active
925,825,2,2023-04-17,,monthly,active
926,826,1,2024-10-04,,monthly,active
927,827,3,2025-04-20,,monthly,active
928,828,1,2024-07-31,2024-09-18,annual,cancelled
929,828,3,2024-10-20,,annual,active
930,829,3,2024-04-13,2025-04-11,monthly,cancelled
931,830,1,2024-06-16,2025-03-09,monthly,cancelled
932,830,1,2025-04-12,,monthly,active
933,831,1,2025-07-18,,monthly,active
934,832,2,2025-02-21,,monthly,active
935,833,2,2025-06-05,,monthly,active
936,834,1,2025-01-27,,monthly,active
937,835,2,2024-03-10,2024-08-14,monthly,cancelled
938,836,2,2024-12-11,,monthly,active
939,837,2,2024-09-11,,annual,active
940,838,1,2023-12-14,,annual,active
941,839,2,2023-10-18,,monthly,active
942,840,2,2024-08-02,,monthly,active
943,841,1,2024-10-08,,annual,active
944,842,2,2023-04-22,,monthly,active
945,843,1,2023-03-25,,monthly,active
946,844,1,2023-11-09,,monthly,active
947,845,1,2023-01-09,,annual,active
948,846,2,2023-02-23,,monthly,active
949,847,1,2023-03-01,2023-07-20,annual,cancelled
950,848,2,2024-05-11,,monthly,active
951,849,1,2024-02-08,,annual,active
952,850,3,2023-12-31,2025-01-23,monthly,cancelled
953,851,1,2024-06-08,2024-10-27,monthly,cancelled
954,851,2,2024-11-28,,monthly,active
955,852,2,2023-09-26,2024-11-19,monthly,cancelled
956,852,2,2025-03-13,,monthly,active
957,853,1,2024-03-07,,monthly,active
958,854,1,2023-10-07,,annual,active
959,855,1,2024-08-18,2025-06-27,annual,cancelled
960,855,2,2025-08-06,,annual,active
961,856,1,2024-05-24,2024-09-05,monthly,cancelled
962,856,1,2024-10-06,,monthly,active
963,857,2,2025-04-25,,annual,active
964,858,3,2023-08-22,,monthly,active
965,859,1,2024-10-04,,annual,active
966,860,2,2024-03-08,2024-10-24,monthly,cancelled
967,860,1,2025-01-22,,monthly,active
968,861,2,2023-01-12,2023-03-09,annual,cancelled
969,862,2,2025-09-23,,monthly,active
970,863,1,2023-09-14,2024-03-30,annual,cancelled
971,864,2,2025-12-09,,monthly,active
972,865,1,2023-10-31,,annual,active
973,866,2,2023-10-02,,monthly,active
974,867,2,2023-07-30,,monthly,active
975,868,3,2025-09-22,,monthly,active
976,869,2,2025-12-17,,annual,active
977,870,3,2025-10-10,,monthly,active
978,871,2,2025-08-19,2025-11-04,monthly,cancelled
979,872,3,2023-09-26,,monthly,active
980,873,2,2024-02-29,,monthly,active
981,874,1,2023-07-26,2025-02-17,annual,cancelled
982,875,1,2024-06-18,2024-09-19,monthly,cancelled
983,875,1,2024-12-17,,monthly,active
984,876,1,2025-05-31,2025-07-02,monthly,cancelled
985,877,3,2024-01-07,,monthly,active
986,878,1,2025-07-25,,monthly,active
987,879,1,2025-04-11,,annual,active
988,880,2,2025-06-23,,monthly,active
989,881,2,2023-09-09,2025-04-26,monthly,cancelled
990,882,2,2024-11-30,2025-01-03,monthly,cancelled
991,882,1,2025-03-28,,monthly,active
992,883,2,2023-11-07,,annual,active
993,884,3,2025-07-28,,annual,active
994,885,3,2025-11-25,,monthly,active
995,886,1,2023-03-17,,annual,active
996,887,3,2024-04-10,,monthly,active
997,888,1,2024-02-25,,monthly,active
998,889,2,2025-04-08,,annual,active
999,890,2,2023-09-16,,monthly,active
1000,891,1,2023-02-17,2023-10-09,monthly,cancelled
1001,892,1,2023-08-15,2024-05-10,monthly,cancelled
1002,893,2,2025-08-07,,monthly,active
1003,894,2,2023-10-14,,annual,active
1004,895,1,2025-07-19,2025-11-05,monthly,cancelled
1005,896,2,2025-09-02,,annual,active
1006,897,2,2025-10-18,,monthly,active
1007,898,3,2025-11-01,,monthly,active
1008,899,2,2025-08-27,,monthly,active
1009,900,1,2023-08-14,,annual,active
1010,901,1,2024-09-13,2025-01-16,annual,cancelled
1011,902,1,2024-08-03,,monthly,active
1012,903,1,2025-05-05,,monthly,active
1013,904,2,2023-10-11,,monthly,active
1014,905,1,2025-03-04,2025-09-07,annual,cancelled
1015,905,1,2025-10-31,,annual,active
1016,906,2,2023-07-01,2024-06-30,monthly,cancelled
1017,907,2,2023-06-24,,monthly,active
1018,908,1,2023-02-08,2024-09-11,annual,cancelled
1019,909,2,2023-06-23,2024-07-31,monthly,cancelled
1020,910,1,2025-04-29,,monthly,active
1021,911,2,2023-10-22,2023-11-25,annual,cancelled
1022,911,2,2024-03-13,,annual,active
1023,912,1,2024-07-01,2024-05-08,monthly,cancelled
1024,912,1,2024-06-19,,monthly,active
1025,913,2,2025-08-02,2025-09-15,annual,cancelled
1026,914,2,2023-08-24,,monthly,active
1027,915,2,2023-08-02,2024-03-10,annual,cancelled
1028,916,2,2025-07-02,2025-12-18,monthly,cancelled
1029,917,2,2024-05-17,2025-11-22,monthly,cancelled
1030,918,3,2024-08-15,2024-11-07,annual,cancelled
1031,918,2,2025-06-03,,annual,active
1032,919,2,2024-12-20,2025-02-17,annual,cancelled
1033,920,1,2023-05-24,2023-07-06,annual,cancelled
1034,920,2,2023-08-26,,annual,active
1035,921,2,2025-10-30,,monthly,active
1036,922,2,2024-07-13,2025-03-05,monthly,cancelled
1037,922,1,2025-06-01,,monthly,active
1038,923,1,2023-01-05,,monthly,active
1039,924,2,2023-06-16,,monthly,active
1040,925,2,2025-02-09,2025-10-28,monthly,cancelled
1041,926,1,2024-01-31,,monthly,active
1042,927,1,2024-03-28,2024-05-02,monthly,cancelled
1043,927,2,2024-06-09,,monthly,active
1044,928,3,2023-08-16,2023-09-18,monthly,cancelled
1045,928,3,2023-12-23,,monthly,active
1046,929,2,2023-05-14,,monthly,active
1047,930,1,2025-12-27,,monthly,active
1048,931,2,2023-04-17,,monthly,active
1049,932,1,2025-10-11,,monthly,active
1050,933,1,2024-09-10,,monthly,active
1051,934,3,2025-05-17,,monthly,active
1052,935,1,2023-02-27,,monthly,active
1053,936,1,2023-08-09,,monthly,active
1054,937,2,2023-07-15,2023-09-01,annual,cancelled
1055,938,2,2023-09-19,,monthly,active
1056,939,3,2023-04-17,,monthly,active
1057,940,2,2023-01-22,2023-10-27,monthly,cancelled
1058,940,3,2023-01-12,,monthly,active
1059,941,2,2025-07-18,,monthly,active
1060,942,2,2023-09-16,,monthly,active
1061,943,2,2023-04-01,2024-02-18,monthly,cancelled
1062,944,2,2023-10-29,,monthly,active
1063,945,1,2025-05-14,,monthly,active
1064,946,1,2025-08-15,,annual,active
1065,947,2,2023-08-03,,monthly,active
1066,948,1,2024-04-16,,annual,active
1067,949,3,2024-02-25,,annual,active
1068,950,1,2023-10-19,,monthly,active
1069,951,1,2024-10-02,,annual,active
1070,952,1,2023-12-27,,monthly,active
1071,953,3,2024-11-24,2024-12-26,monthly,cancelled
1072,953,2,2025-03-10,,monthly,active
1073,954,1,2023-05-14,,annual,active
1074,955,1,2025-05-29,,annual,active
1075,956,2,2023-11-01,2023-12-22,monthly,cancelled
1076,957,2,2025-08-21,,monthly,active
1077,958,1,2024-01-02,,monthly,active
1078,959,1,2023-03-16,2023-08-05,monthly,cancelled
1079,960,3,2023-11-18,2024-04-07,monthly,cancelled
1080,961,3,2024-04-16,2025-06-22,monthly,cancelled
1081,962,1,2025-10-15,,annual,active
1082,963,1,2024-08-26,,monthly,active
1083,964,1,2025-01-07,,annual,active
1084,965,1,2024-07-16,,annual,active
1085,966,3,2024-07-31,,annual,active
1086,967,2,2025-03-25,,monthly,active
1087,968,3,2024-11-28,,annual,active
1088,969,1,2023-03-03,2025-03-08,annual,cancelled
1089,970,1,2024-11-26,,monthly,active
1090,971,3,2023-07-03,,monthly,active
1091,972,1,2025-11-03,,monthly,active
1092,973,1,2023-07-10,,monthly,active
1093,974,2,2023-05-23,,monthly,active
1094,975,2,2025-11-27,,annual,active
1095,976,1,2025-06-09,,monthly,active
1096,977,1,2023-11-22,,monthly,active
1097,978,3,2023-10-20,2024-06-05,monthly,cancelled
1098,978,2,2024-08-29,,monthly,active
1099,979,2,2025-07-31,2025-10-29,monthly,cancelled
1100,980,2,2025-03-11,,annual,active
1101,981,2,2023-07-15,,monthly,active
1102,982,2,2024-08-20,,monthly,active
1103,983,2,2025-01-25,,monthly,active
1104,984,1,2025-11-02,,monthly,active
1105,985,1,2024-03-02,,monthly,active
1106,986,1,2025-09-19,,monthly,active
1107,987,1,2023-11-27,2023-12-30,annual,cancelled
1108,987,1,2024-03-16,,annual,active
1109,988,1,2024-07-13,,monthly,active
1110,989,1,2025-12-06,,monthly,active
1111,990,2,2023-10-04,,monthly,active
1112,991,1,2025-05-13,,annual,active
1113,992,2,2023-12-10,2024-04-30,monthly,cancelled
1114,992,2,2024-08-04,,monthly,active
1115,993,3,2024-02-29,2024-08-09,monthly,cancelled
1116,994,1,2023-01-31,,monthly,active
1117,995,1,2025-01-25,,monthly,active
1118,996,1,2023-12-18,,monthly,active
1119,997,2,2023-09-30,,annual,active
1120,998,1,2025-07-08,,annual,active
1121,999,1,2024-09-24,,monthly,active
1122,1000,1,2024-02-18,2024-04-16,annual,cancelled
1123,1001,1,2023-02-10,,monthly,active
1124,1002,2,2023-02-18,,monthly,active
1125,1003,1,2024-03-31,2024-10-09,monthly,cancelled
1126,1004,3,2023-05-24,2023-06-25,annual,cancelled
1127,1005,1,2024-04-28,2024-10-26,monthly,cancelled
1128,1006,1,2024-05-24,,monthly,active
1129,1007,2,2025-03-26,2025-05-08,annual,cancelled
1130,1008,2,2023-10-02,,annual,active
1131,1009,1,2023-12-26,2024-02-24,monthly,cancelled
1132,1010,1,2025-08-19,2025-10-18,monthly,cancelled
1133,1011,3,2025-03-19,,monthly,active
1134,1012,1,2023-09-12,,monthly,active
1135,1013,1,2024-12-14,2025-06-09,monthly,cancelled
1136,1013,1,2025-07-19,,monthly,active
1137,1014,1,2024-11-05,2025-05-04,monthly,cancelled
1138,1015,1,2023-10-30,,monthly,active
1139,1016,2,2025-02-26,,monthly,active
1140,1017,1,2025-05-24,,annual,active
1141,1018,1,2023-07-02,,monthly,active
1142,1019,1,2025-03-26,,monthly,active
1143,1020,1,2025-11-12,,monthly,active
1144,1021,2,2025-09-23,,annual,active
1145,1022,2,2024-01-28,2024-09-24,monthly,cancelled
1146,1023,2,2023-06-13,,monthly,active
1147,1024,1,2023-01-20,2025-04-14,monthly,cancelled
1148,1025,1,2025-02-08,,monthly,active
1149,1026,1,2025-05-29,2025-08-27,monthly,cancelled
1150,1026,1,2025-09-13,,monthly,active
1151,1027,1,2025-02-14,2025-06-04,monthly,cancelled
1152,1028,1,2023-12-10,2024-10-29,annual,cancelled
1153,1028,2,2024-12-01,,annual,active
1154,1029,2,2025-11-20,,annual,active
1155,1030,2,2023-04-04,,monthly,active
1156,1031,1,2024-12-14,2025-02-09,monthly,cancelled
1157,1031,1,2025-05-28,,monthly,active
1158,1032,2,2024-02-04,,monthly,active
1159,1033,2,2024-09-09,,monthly,active
1160,1034,1,2024-08-05,,monthly,active
1161,1035,1,2023-11-25,2023-12-27,monthly,cancelled
1162,1036,1,2023-09-10,,monthly,active
1163,1037,1,2023-05-13,,monthly,active
1164,1038,2,2025-06-13,,monthly,active
1165,1039,1,2023-08-26,,monthly,active
1166,1040,3,2025-05-03,2025-06-12,monthly,cancelled
1167,1041,1,2023-08-07,2025-02-19,monthly,cancelled
1168,1042,2,2025-07-22,,annual,active
1169,1043,2,2025-10-25,,annual,active
1170,1044,1,2025-10-10,,annual,active
1171,1045,2,2024-04-05,,annual,active
1172,1046,3,2023-11-23,,monthly,active
1173,1047,1,2023-05-28,,monthly,active
1174,1048,2,2023-04-21,,monthly,active
1175,1049,3,2024-08-19,,annual,active
1176,1050,1,2023-10-30,,annual,active
1177,1051,3,2024-01-03,2024-02-20,annual,cancelled
1178,1052,2,2024-05-16,2024-12-25,monthly,cancelled
1179,1053,2,2023-03-07,,monthly,active
1180,1054,1,2023-08-27,2025-02-19,annual,cancelled
1181,1054,2,2025-03-09,,annual,active
1182,1055,1,2024-07-14,,annual,active
1183,1056,1,2023-07-23,2024-02-15,monthly,cancelled
1184,1057,2,2025-03-17,,monthly,active
1185,1058,1,2023-08-29,2024-05-23,monthly,cancelled
1186,1059,3,2024-02-27,,monthly,active
1187,1060,2,2025-01-14,,monthly,active
1188,1061,2,2025-12-29,,monthly,active
1189,1062,1,2024-05-03,2025-03-14,monthly,cancelled
1190,1063,2,2023-02-10,2024-03-25,annual,cancelled
1191,1064,2,2024-06-17,,annual,active
1192,1065,1,2023-10-21,,monthly,active
1193,1066,2,2025-11-13,,monthly,active
1194,1067,1,2023-06-08,2024-03-01,annual,cancelled
1195,1068,1,2024-11-14,2025-04-14,monthly,cancelled
1196,1068,2,2025-06-05,,monthly,active
1197,1069,3,2025-02-14,,monthly,active
1198,1070,2,2023-07-15,2025-02-19,annual,cancelled
1199,1071,2,2024-10-13,,monthly,active
1200,1072,1,2024-06-14,,annual,active
1201,1073,3,2023-04-19,,monthly,active
1202,1074,3,2025-06-17,2025-07-28,monthly,cancelled
1203,1075,2,2024-09-17,,monthly,active
1204,1076,2,2024-06-05,,annual,active
1205,1077,2,2025-05-18,,monthly,active
1206,1078,2,2023-01-15,,monthly,active
1207,1079,3,2025-08-12,,monthly,active
1208,1080,1,2025-11-10,,monthly,active
1209,1081,2,2024-08-17,2024-12-04,monthly,cancelled
1210,1082,1,2025-11-21,,annual,active
1211,1083,1,2025-07-31,,annual,active
1212,1084,1,2023-07-27,,monthly,active
1213,1085,1,2023-01-15,2024-07-28,annual,cancelled
1214,1086,1,2024-07-05,,annual,active
1215,1087,2,2025-05-01,2025-10-23,annual,cancelled
1216,1088,1,2023-03-06,2023-11-23,monthly,cancelled
1217,1089,2,2025-10-11,,annual,active
1218,1090,2,2023-09-27,2023-12-04,annual,cancelled
1219,1090,2,2023-12-23,,annual,active
1220,1091,1,2023-04-17,2023-07-06,monthly,cancelled
1221,1092,1,2025-09-22,,monthly,active
1222,1093,3,2024-06-23,2024-11-04,annual,cancelled
1223,1094,1,2024-01-07,,monthly,active
1224,1095,2,2024-07-14,,monthly,active
1225,1096,1,2025-04-14,2025-12-10,annual,cancelled
1226,1097,2,2023-04-16,2023-06-04,annual,cancelled
1227,1098,3,2024-08-01,,annual,active
1228,1099,1,2025-01-06,,monthly,active
1229,1100,2,2023-09-24,,monthly,active
1230,1101,1,2024-03-06,2025-01-17,monthly,cancelled
1231,1102,2,2024-01-31,,monthly,active
1232,1103,1,2024-02-18,2024-07-02,monthly,cancelled
1233,1103,1,2024-09-06,,monthly,active
1234,1104,3,2024-12-12,2025-02-25,monthly,cancelled
1235,1104,3,2025-04-04,,monthly,active
1236,1105,2,2023-12-08,,monthly,active
1237,1106,3,2024-01-25,2025-04-02,monthly,cancelled
1238,1107,1,2025-10-03,,monthly,active
1239,1108,1,2025-11-16,,monthly,active
1240,1109,1,2023-01-09,,monthly,active
1241,1110,2,2023-09-30,2023-11-15,monthly,cancelled
1242,1110,1,2024-12-01,,monthly,active
1243,1111,1,2024-12-12,,monthly,active
1244,1112,2,2024-08-26,,monthly,active
1245,1113,2,2023-12-28,,monthly,active
1246,1114,3,2025-02-21,,monthly,active
1247,1115,1,2024-10-26,,monthly,active
1248,1116,1,2025-01-24,,monthly,active
1249,1117,1,2024-05-01,2025-09-06,monthly,cancelled
1250,1118,2,2023-05-23,2024-02-26,monthly,cancelled
1251,1118,2,2024-05-16,,monthly,active
1252,1119,1,2023-01-25,2025-02-11,annual,cancelled
1253,1120,1,2024-02-07,2025-02-01,monthly,cancelled
1254,1120,1,2025-06-04,,monthly,active
1255,1121,1,2023-06-24,,monthly,active
1256,1122,1,2023-11-13,2024-07-28,annual,cancelled
1257,1123,1,2024-08-30,,annual,active
1258,1124,1,2025-02-28,,monthly,active
1259,1125,1,2023-08-19,,monthly,active
1260,1126,1,2023-08-31,,monthly,active
1261,1127,2,2024-01-07,,monthly,active
1262,1128,3,2024-07-09,,annual,active
1263,1129,1,2023-10-28,2024-04-05,annual,cancelled
1264,1130,3,2025-05-25,,annual,active
1265,1131,1,2024-10-15,,annual,active
1266,1132,1,2025-02-23,,annual,active
1267,1133,1,2025-12-15,,monthly,active
1268,1134,1,2023-05-02,2024-12-13,monthly,cancelled
1269,1135,2,2024-08-26,,monthly,active
1270,1136,1,2023-04-25,,monthly,active
1271,1137,2,2025-01-31,,monthly,active
1272,1138,1,2023-10-17,2023-11-12,monthly,cancelled
1273,1138,1,2024-01-05,,monthly,active
1274,1139,3,2023-10-14,,monthly,active
1275,1140,2,2024-08-10,2024-11-13,monthly,cancelled
1276,1141,1,2025-03-22,2025-08-12,annual,cancelled
1277,1142,1,2024-10-04,2025-12-07,annual,cancelled
1278,1143,2,2023-04-25,,monthly,active
1279,1144,2,2025-09-04,,monthly,active
1280,1145,1,2024-07-06,2024-09-13,monthly,cancelled
1281,1146,2,2023-07-08,2024-03-10,monthly,cancelled
1282,1147,2,2024-05-07,2024-09-29,monthly,cancelled
1283,1148,3,2023-07-10,2025-01-05,monthly,cancelled
1284,1148,3,2025-03-05,,monthly,active
1285,1149,1,2025-03-11,,monthly,active
1286,1150,2,2023-07-26,2024-05-14,monthly,cancelled
1287,1150,1,2024-09-08,,monthly,active
1288,1151,1,2024-08-17,,annual,active
1289,1152,2,2023-10-16,2024-04-14,monthly,cancelled
1290,1153,1,2024-11-25,,monthly,active
1291,1154,1,2023-11-09,,monthly,active
1292,1155,1,2025-10-18,,monthly,active
1293,1156,1,2023-02-07,2023-12-07,annual,cancelled
1294,1157,3,2023-10-15,2024-01-29,annual,cancelled
1295,1158,2,2025-06-21,2025-08-03,monthly,cancelled
1296,1159,1,2023-03-29,,monthly,active
1297,1160,1,2024-08-18,,annual,active
1298,1161,1,2025-12-08,,monthly,active
1299,1162,2,2025-06-06,,monthly,active
1300,1163,1,2023-08-23,2024-10-28,monthly,cancelled
1301,1164,1,2025-02-17,,monthly,active
1302,1165,1,2025-05-16,,annual,active
1303,1166,2,2025-09-05,,monthly,active
1304,1167,1,2024-12-01,,monthly,active
1305,1168,1,2025-06-13,,annual,active
1306,1169,3,2024-10-25,,monthly,active
1307,1170,2,2023-10-30,,annual,active
1308,1171,3,2025-07-11,,monthly,active
1309,1172,2,2025-05-10,,monthly,active
1310,1173,3,2025-01-28,2025-09-09,monthly,cancelled
1311,1174,1,2025-07-22,,annual,active
1312,1175,1,2025-07-28,,annual,active
1313,1176,3,2024-08-03,2025-08-19,monthly,cancelled
1314,1177,1,2023-07-03,,monthly,active
1315,1178,2,2023-03-08,,monthly,active
1316,1179,1,2023-12-09,,monthly,active
1317,1180,1,2024-04-03,,annual,active
1318,1181,2,2025-04-29,,monthly,active
1319,1182,2,2024-05-10,,monthly,active
1320,1183,2,2025-05-28,,monthly,active
1321,1184,2,2024-04-18,,annual,active
1322,1185,1,2024-06-16,2024-09-22,annual,cancelled
1323,1186,1,2023-02-26,2023-06-15,monthly,cancelled
1324,1186,1,2023-10-03,,monthly,active
1325,1187,2,2025-07-18,,monthly,active
1326,1188,2,2025-02-13,2025-03-25,monthly,cancelled
1327,1188,2,2025-06-26,,monthly,active
1328,1189,2,2023-07-31,2025-09-07,annual,cancelled
1329,1190,1,2023-06-08,,annual,active
1330,1191,1,2023-05-31,,monthly,active
1331,1192,1,2023-11-26,,monthly,active
1332,1193,1,2024-12-11,,annual,active
1333,1194,3,2023-03-02,2023-08-08,monthly,cancelled
1334,1194,2,2023-09-25,,monthly,active
1335,1195,2,2023-03-02,2023-06-02,monthly,cancelled
1336,1196,2,2023-08-07,2024-04-30,annual,cancelled
1337,1197,1,2024-01-31,2024-07-13,monthly,cancelled
1338,1197,1,2024-09-08,,monthly,active
1339,1198,2,2023-12-06,,monthly,active
1340,1199,2,2024-10-14,2025-02-27,annual,cancelled
1341,1200,2,2025-07-09,2025-09-05,annual,cancelled
1342,1201,1,2025-12-22,,monthly,active
1343,1202,2,2024-03-16,2024-09-19,annual,cancelled
1344,1202,2,2024-12-24,,annual,active
1345,1203,2,2024-11-04,,monthly,active
1346,1204,2,2025-12-15,,annual,active
1347,1205,1,2025-10-06,,annual,active
1348,1206,2,2025-05-12,,monthly,active
1349,1207,2,2023-02-06,2023-08-31,monthly,cancelled
1350,1208,1,2023-03-17,,annual,active
1351,1209,1,2024-09-08,2025-09-28,monthly,cancelled
1352,1210,2,2025-03-16,2025-10-08,monthly,cancelled
1353,1211,1,2023-07-30,,annual,active
1354,1212,1,2025-11-06,,monthly,active
1355,1213,2,2024-06-15,,annual,active
1356,1214,2,2024-07-06,,annual,active
1357,1215,2,2025-04-26,2025-09-13,annual,cancelled
1358,1215,1,2025-12-21,,annual,active
1359,1216,2,2024-10-21,2025-03-13,monthly,cancelled
1360,1216,3,2025-06-28,,monthly,active
1361,1217,2,2024-02-26,2025-08-11,monthly,cancelled
1362,1218,1,2024-01-20,2024-04-26,annual,cancelled
1363,1218,1,2024-06-21,,annual,active
1364,1219,2,2025-07-18,,monthly,active
1365,1220,1,2025-11-17,,monthly,active
1366,1221,2,2023-10-29,,monthly,active
1367,1222,1,2025-02-09,,annual,active
1368,1223,1,2023-05-11,2023-12-16,monthly,cancelled
1369,1223,1,2024-02-28,,monthly,active
1370,1224,1,2025-05-15,,monthly,active
1371,1225,2,2023-04-13,,monthly,active
1372,1226,2,2023-05-15,,monthly,active
1373,1227,2,2024-03-26,2024-05-02,monthly,cancelled
1374,1228,2,2024-08-12,,monthly,active
1375,1229,1,2024-05-03,2025-05-05,annual,cancelled
1376,1230,1,2025-08-29,,monthly,active
1377,1231,3,2024-12-22,,monthly,active
1378,1232,3,2024-08-18,,monthly,active
1379,1233,1,2025-07-15,,monthly,active
1380,1234,2,2024-12-23,,monthly,active
1381,1235,2,2023-10-30,,monthly,active
1382,1236,1,2025-01-06,2025-04-03,annual,cancelled
1383,1237,1,2025-12-15,,annual,active
1384,1238,1,2024-09-25,,monthly,active
1385,1239,1,2024-11-12,,monthly,active
1386,1240,1,2024-08-16,,monthly,active
1387,1241,2,2024-03-21,,monthly,active
1388,1242,2,2023-04-13,,annual,active
1389,1243,3,2023-10-20,2023-11-22,monthly,cancelled
1390,1244,2,2024-05-24,,monthly,active
1391,1245,1,2024-09-28,2025-02-08,monthly,cancelled
1392,1246,1,2024-05-27,2025-01-25,annual,cancelled
1393,1247,2,2025-06-13,,monthly,active
1394,1248,1,2025-08-13,,annual,active
1395,1249,2,2024-11-09,,monthly,active
1396,1250,1,2023-09-15,,annual,active
1397,1251,1,2023-04-23,,annual,active
1398,1252,1,2023-05-05,2023-10-20,monthly,cancelled
1399,1253,1,2023-10-07,2024-10-12,annual,cancelled
1400,1253,1,2024-12-09,,annual,active
1401,1254,2,2025-09-20,,monthly,active
1402,1255,1,2024-02-23,,monthly,active
1403,1256,2,2024-01-12,2024-08-02,monthly,cancelled
1404,1257,2,2023-10-09,2024-11-09,annual,cancelled
1405,1258,2,2025-09-02,,monthly,active
1406,1259,1,2025-03-01,,monthly,active
1407,1260,1,2025-03-08,2025-08-06,monthly,cancelled
1408,1261,1,2023-10-13,2024-07-02,annual,cancelled
1409,1262,3,2024-12-15,2025-10-28,annual,cancelled
1410,1262,3,2025-11-24,,annual,active
1411,1263,2,2025-07-30,,annual,active
1412,1264,2,2025-09-17,,monthly,active
1413,1265,3,2024-12-13,,annual,active
1414,1266,3,2025-10-19,,annual,active
1415,1267,1,2025-02-25,,monthly,active
1416,1268,1,2025-06-23,,monthly,active
1417,1269,1,2025-02-12,,monthly,active
1418,1270,2,2024-04-06,2024-08-11,monthly,cancelled
1419,1271,2,2023-07-17,,monthly,active
1420,1272,1,2024-11-28,,monthly,active
1421,1273,1,2025-08-28,,monthly,active
1422,1274,2,2023-05-26,2023-12-04,annual,cancelled
1423,1275,1,2023-02-16,,monthly,active
1424,1276,1,2024-08-12,,monthly,active
1425,1277,1,2023-08-16,,annual,active
1426,1278,1,2024-02-15,,monthly,active
1427,1279,2,2024-04-27,2024-06-30,monthly,cancelled
1428,1279,1,2024-10-28,,monthly,active
1429,1280,1,2025-02-05,2025-08-01,annual,cancelled
1430,1281,1,2023-08-02,,annual,active
1431,1282,3,2023-02-13,,annual,active
1432,1283,2,2023-07-02,,monthly,active
1433,1284,2,2023-10-10,,monthly,active
1434,1285,2,2023-04-29,,annual,active
1435,1286,1,2024-05-26,,annual,active
1436,1287,1,2024-08-21,,monthly,active
1437,1288,2,2025-10-10,,monthly,active
1438,1289,3,2024-08-22,2025-03-02,monthly,cancelled
1439,1290,2,2025-09-22,,monthly,active
1440,1291,1,2023-09-09,2024-02-26,monthly,cancelled
1441,1291,1,2024-11-06,,monthly,active
1442,1292,1,2023-08-22,,annual,active
1443,1293,2,2023-05-03,2023-08-06,annual,cancelled
1444,1294,1,2024-02-26,2024-03-28,monthly,cancelled
1445,1294,1,2024-05-14,,monthly,active
1446,1295,3,2023-02-23,2023-04-04,annual,cancelled
1447,1295,2,2023-07-30,,annual,active
1448,1296,2,2024-03-19,,monthly,active
1449,1297,2,2023-04-27,2023-06-28,monthly,cancelled
1450,1298,1,2025-08-07,,monthly,active
1451,1299,2,2023-09-28,,annual,active
1452,1300,2,2024-11-22,,annual,active
1453,1301,1,2023-01-26,,monthly,active
1454,1302,2,2025-06-19,2025-08-27,monthly,cancelled
1455,1303,2,2024-07-20,2024-09-23,monthly,cancelled
1456,1304,3,2024-06-15,,monthly,active
1457,1305,1,2024-01-13,2024-10-14,monthly,cancelled
1458,1306,1,2024-06-11,,monthly,active
1459,1307,1,2023-08-12,2023-10-29,monthly,cancelled
1460,1308,1,2023-05-27,,monthly,active
1461,1309,2,2025-02-06,2025-06-17,monthly,cancelled
1462,1310,1,2023-02-22,,monthly,active
1463,1311,2,2023-03-08,2024-10-03,monthly,cancelled
1464,1312,2,2025-10-28,,monthly,active
1465,1313,2,2023-04-16,,annual,active
1466,1314,1,2024-05-14,2025-03-04,annual,cancelled
1467,1315,1,2024-05-08,2024-07-22,annual,cancelled
1468,1316,1,2024-04-16,,annual,active
1469,1317,1,2025-04-14,,monthly,active
1470,1318,1,2025-04-16,,annual,active
1471,1319,1,2023-01-02,,monthly,active
1472,1320,1,2023-11-03,2023-05-31,monthly,cancelled
1473,1321,1,2023-09-19,2023-10-29,monthly,cancelled
1474,1322,1,2023-04-03,2023-05-20,monthly,cancelled
1475,1322,1,2023-08-18,,monthly,active
1476,1323,2,2024-08-15,2024-12-01,monthly,cancelled
1477,1324,1,2025-01-27,,monthly,active
1478,1325,2,2024-04-20,2024-06-08,monthly,cancelled
1479,1325,1,2024-08-04,,monthly,active
1480,1326,2,2024-10-14,,monthly,active
1481,1327,1,2024-10-05,2024-11-26,monthly,cancelled
1482,1328,2,2024-08-13,,monthly,active
1483,1329,1,2023-07-16,,monthly,active
1484,1330,2,2023-01-14,,monthly,active
1485,1331,2,2023-09-16,,annual,active
1486,1332,2,2025-10-07,,annual,active
1487,1333,2,2024-03-31,2024-05-09,monthly,cancelled
1488,1333,3,2024-08-24,,monthly,active
1489,1334,1,2023-03-20,2023-09-14,monthly,cancelled
1490,1335,2,2024-05-18,,monthly,active
1491,1336,2,2024-01-19,,monthly,active
1492,1337,2,2025-10-01,2025-11-24,annual,cancelled
1493,1338,2,2024-04-25,,monthly,active
1494,1339,2,2025-09-20,,monthly,active
1495,1340,1,2024-11-08,,annual,active
1496,1341,1,2023-08-21,2024-03-06,monthly,cancelled
1497,1342,2,2024-04-25,2025-03-02,monthly,cancelled
1498,1343,3,2024-06-19,2024-07-15,monthly,cancelled
1499,1343,2,2024-09-21,,monthly,active
1500,1344,2,2025-09-21,,monthly,active
1501,1345,3,2024-02-27,,monthly,active
1502,1346,2,2023-02-13,,monthly,active
1503,1347,2,2024-03-07,2025-03-27,monthly,cancelled
1504,1348,1,2025-02-04,,monthly,active
1505,1349,2,2023-07-29,2023-09-17,monthly,cancelled
1506,1350,1,2023-03-11,,annual,active
1507,1351,2,2023-06-23,,monthly,active
1508,1352,2,2023-07-15,,annual,active
1509,1353,2,2025-11-15,,monthly,active
1510,1354,1,2023-10-07,,annual,active
1511,1355,2,2025-03-17,,monthly,active
1512,1356,1,2025-07-04,,monthly,active
1513,1357,3,2024-03-01,2024-03-30,monthly,cancelled
1514,1357,2,2024-06-23,,monthly,active
1515,1358,2,2023-05-01,,monthly,active
1516,1359,1,2023-12-01,,annual,active
1517,1360,1,2024-10-21,,annual,active
1518,1361,1,2023-06-08,,annual,active
1519,1362,3,2023-03-21,,annual,active
1520,1363,2,2025-05-06,,monthly,active
1521,1364,1,2023-12-06,2024-03-22,annual,cancelled
1522,1365,1,2025-08-24,,monthly,active
1523,1366,2,2023-01-21,2024-01-17,monthly,cancelled
1524,1367,2,2024-02-13,,annual,active
1525,1368,1,2024-12-18,,monthly,active
1526,1369,2,2024-09-18,,monthly,active
1527,1370,1,2023-07-30,2023-10-16,monthly,cancelled
1528,1371,1,2025-08-27,,monthly,active
1529,1372,1,2023-01-01,2023-03-28,monthly,cancelled
1530,1373,1,2024-10-31,,monthly,active
1531,1374,1,2024-09-30,2025-02-18,monthly,cancelled
1532,1375,3,2023-10-20,2024-04-26,monthly,cancelled
1533,1376,1,2024-12-14,,monthly,active
1534,1377,1,2024-01-27,,annual,active
1535,1378,2,2023-01-12,,monthly,active
1536,1379,2,2024-07-17,,monthly,active
1537,1380,3,2023-03-04,2023-11-20,monthly,cancelled
1538,1381,3,2023-03-20,,monthly,active
1539,1382,3,2023-06-19,2023-11-06,monthly,cancelled
1540,1383,2,2024-02-02,,monthly,active
1541,1384,2,2025-01-20,2025-07-18,monthly,cancelled
1542,1385,2,2024-06-30,2025-06-25,monthly,cancelled
1543,1386,1,2024-09-29,2024-11-06,annual,cancelled
1544,1387,1,2023-06-30,,monthly,active
1545,1388,2,2024-03-21,2024-05-23,monthly,cancelled
1546,1388,1,2024-07-19,,monthly,active
1547,1389,3,2024-01-27,,annual,active
1548,1390,1,2024-10-08,2025-09-02,monthly,cancelled
1549,1391,2,2024-06-25,,annual,active
1550,1392,2,2023-12-16,2025-07-09,monthly,cancelled
1551,1393,2,2024-12-11,2025-04-17,annual,cancelled
1552,1393,1,2025-07-29,,annual,active
1553,1394,2,2024-12-06,2025-04-18,annual,cancelled
1554,1394,2,2025-08-13,,annual,active
1555,1395,1,2024-10-23,2024-12-19,monthly,cancelled
1556,1396,1,2023-11-22,,annual,active
1557,1397,2,2024-01-17,,annual,active
1558,1398,1,2024-05-13,,monthly,active
1559,1399,2,2025-11-04,,monthly,active
1560,1400,2,2024-09-07,,monthly,active
1561,1401,3,2023-04-21,2023-08-07,monthly,cancelled
1562,1401,1,2023-08-24,,monthly,active
1563,1402,1,2023-02-01,,annual,active
1564,1403,1,2025-06-13,,monthly,active
1565,1404,1,2024-06-12,,annual,active
1566,1405,3,2024-05-12,2025-07-05,annual,cancelled
1567,1406,2,2024-08-02,,monthly,active
1568,1407,3,2024-03-30,,annual,active
1569,1408,1,2023-06-08,,annual,active
1570,1409,3,2024-04-01,2024-04-09,monthly,cancelled
1571,1410,2,2024-01-03,,monthly,active
1572,1411,2,2025-04-08,,monthly,active
1573,1412,2,2025-09-22,,monthly,active
1574,1413,2,2025-11-07,,annual,active
1575,1414,1,2025-05-18,,monthly,active
1576,1415,1,2024-02-09,2024-04-16,monthly,cancelled
1577,1415,1,2024-07-08,,monthly,active
1578,1416,1,2025-09-29,,annual,active
1579,1417,1,2023-02-18,,monthly,active
1580,1418,1,2023-08-17,2023-11-16,annual,cancelled
1581,1418,1,2024-01-30,,annual,active
1582,1419,2,2023-10-24,,monthly,active
1583,1420,1,2023-03-25,,monthly,active
1584,1421,3,2024-11-22,,annual,active
1585,1422,3,2023-12-06,,monthly,active
1586,1423,1,2023-04-11,2023-11-27,annual,cancelled
1587,1423,1,2024-02-05,,annual,active
1588,1424,3,2025-03-27,2025-07-28,monthly,cancelled
1589,1425,1,2023-09-23,,annual,active
1590,1426,1,2024-10-26,,monthly,active
1591,1427,2,2025-03-07,2025-06-02,monthly,cancelled
1592,1428,1,2024-07-03,2024-05-25,monthly,cancelled
1593,1428,2,2024-06-18,,monthly,active
1594,1429,1,2024-12-08,,monthly,active
1595,1430,1,2023-03-02,2023-04-10,monthly,cancelled
1596,1430,1,2023-07-24,,monthly,active
1597,1431,1,2024-04-08,,monthly,active
1598,1432,1,2023-07-18,2024-07-03,monthly,cancelled
1599,1432,1,2024-09-17,,monthly,active
1600,1433,1,2025-04-01,,monthly,active
1601,1434,2,2023-05-08,2024-01-07,annual,cancelled
1602,1434,3,2024-04-22,,annual,active
1603,1435,2,2025-10-10,,monthly,active
1604,1436,3,2025-12-26,,monthly,active
1605,1437,1,2025-05-06,2025-11-12,monthly,cancelled
1606,1438,2,2023-02-16,,annual,active
1607,1439,3,2025-03-08,2025-11-16,monthly,cancelled
1608,1439,1,2025-11-30,,monthly,active
1609,1440,1,2023-12-25,,annual,active
1610,1441,1,2025-08-02,,annual,active
1611,1442,3,2024-11-09,2025-03-12,monthly,cancelled
1612,1442,3,2025-06-19,,monthly,active
1613,1443,3,2025-04-12,2025-05-15,monthly,cancelled
1614,1443,2,2025-08-04,,monthly,active
1615,1444,1,2025-12-29,,monthly,active
1616,1445,1,2023-03-23,,monthly,active
1617,1446,2,2023-10-26,,monthly,active
1618,1447,3,2023-10-18,2024-03-01,annual,cancelled
1619,1447,3,2024-05-07,,annual,active
1620,1448,2,2024-05-16,,annual,active
1621,1449,2,2024-07-17,,monthly,active
1622,1450,1,2025-01-12,,annual,active
1623,1451,1,2024-08-26,,annual,active
1624,1452,3,2023-02-27,,monthly,active
1625,1453,1,2025-11-24,,annual,active
1626,1454,1,2025-07-12,,monthly,active
1627,1455,2,2023-01-30,2023-09-29,monthly,cancelled
1628,1456,1,2024-02-08,2025-07-26,monthly,cancelled
1629,1457,2,2023-09-03,,annual,active
1630,1458,2,2025-03-07,2025-08-19,monthly,cancelled
1631,1459,1,2023-12-30,,annual,active
1632,1460,2,2023-09-29,2023-11-08,monthly,cancelled
1633,1460,1,2023-11-18,,monthly,active
1634,1461,2,2024-10-15,2025-02-02,monthly,cancelled
1635,1462,1,2025-09-24,,monthly,active
1636,1463,1,2025-07-23,2025-12-08,annual,cancelled
1637,1464,3,2025-11-19,,monthly,active
1638,1465,2,2025-06-20,,monthly,active
1639,1466,3,2023-05-15,2024-01-02,monthly,cancelled
1640,1467,2,2024-01-10,2024-04-05,annual,cancelled
1641,1467,1,2024-06-19,,annual,active
1642,1468,2,2023-07-30,,monthly,active
1643,1469,1,2023-12-18,,annual,active
1644,1470,1,2024-07-05,,monthly,active
1645,1471,2,2024-12-25,2025-06-02,monthly,cancelled
1646,1471,2,2025-06-17,,monthly,active
1647,1472,2,2023-04-24,,monthly,active
1648,1473,3,2024-03-03,,monthly,active
1649,1474,3,2024-02-13,2024-05-17,monthly,cancelled
1650,1475,1,2025-09-09,2025-10-15,monthly,cancelled
1651,1475,2,2025-11-22,,monthly,active
1652,1476,2,2025-09-24,2025-12-02,annual,cancelled
1653,1477,2,2025-01-26,,monthly,active
1654,1478,2,2023-11-07,,monthly,active
1655,1479,1,2025-12-23,,monthly,active
1656,1480,2,2025-07-02,,monthly,active
1657,1481,2,2024-06-06,2024-08-07,monthly,cancelled
1658,1481,2,2024-09-23,,monthly,active
1659,1482,3,2023-04-09,2023-06-20,annual,cancelled
1660,1483,1,2025-10-04,2025-12-22,monthly,cancelled
1661,1484,2,2025-12-25,,monthly,active
1662,1485,1,2023-05-30,,annual,active
1663,1486,2,2024-01-08,,monthly,active
1664,1487,1,2024-08-24,2024-12-12,annual,cancelled
1665,1488,2,2024-10-30,,monthly,active
1666,1489,1,2023-09-11,2024-01-23,monthly,cancelled
1667,1490,1,2024-12-14,,monthly,active
1668,1491,2,2025-05-18,,monthly,active
1669,1492,2,2023-10-09,2023-11-10,monthly,cancelled
1670,1492,2,2023-12-05,,monthly,active
1671,1493,1,2025-06-17,2025-10-26,monthly,cancelled
1672,1494,2,2023-11-30,,monthly,active
1673,1495,2,2023-07-05,,monthly,active
1674,1496,1,2025-10-05,2025-10-13,monthly,cancelled
1675,1497,2,2024-04-14,,monthly,active
1676,1498,1,2024-10-24,,monthly,active
1677,1499,2,2023-03-21,2024-12-05,annual,cancelled
1678,1499,2,2025-01-08,,annual,active
1679,1500,1,2025-08-05,,monthly,active
1680,1501,1,2023-11-29,,monthly,active
1681,1502,2,2023-02-22,2023-03-31,annual,cancelled
1682,1502,1,2023-05-29,,annual,active
1683,1503,2,2025-12-11,,monthly,active
1684,1504,2,2025-09-01,,monthly,active
1685,1505,2,2024-10-06,,monthly,active
1686,1506,1,2023-09-15,2025-02-07,monthly,cancelled
1687,1507,2,2025-07-04,,annual,active
1688,1508,1,2025-11-30,,annual,active
1689,1509,1,2023-12-03,2025-02-12,monthly,cancelled
1690,1510,1,2024-05-02,2024-08-11,monthly,cancelled
1691,1511,3,2025-07-14,,monthly,active
1692,1512,1,2024-11-21,,monthly,active
1693,1513,2,2023-07-17,2023-09-29,monthly,cancelled
1694,1514,1,2023-09-16,2024-07-07,monthly,cancelled
1695,1515,2,2024-09-20,,annual,active
1696,1516,1,2023-10-18,,monthly,active
1697,1517,1,2025-12-22,,monthly,active
1698,1518,2,2023-06-12,,monthly,active
1699,1519,2,2024-02-19,2025-04-11,annual,cancelled
1700,1519,2,2025-06-03,,annual,active
1701,1520,1,2024-10-21,2025-06-03,monthly,cancelled
1702,1521,3,2023-02-05,2023-07-02,monthly,cancelled
1703,1521,3,2023-10-25,,monthly,active
1704,1522,1,2025-05-08,,monthly,active
1705,1523,2,2023-10-09,2023-12-17,monthly,cancelled
1706,1523,1,2024-02-18,,monthly,active
1707,1524,1,2023-01-23,,annual,active
1708,1525,2,2024-03-09,2025-09-20,monthly,cancelled
1709,1526,2,2025-02-20,,monthly,active
1710,1527,1,2025-09-24,2025-11-14,monthly,cancelled
1711,1528,1,2025-06-04,,monthly,active
1712,1529,2,2025-09-05,,monthly,active
1713,1530,2,2024-03-29,,annual,active
1714,1531,2,2025-11-28,,monthly,active
1715,1532,1,2024-05-03,,monthly,active
1716,1533,2,2024-12-12,,annual,active
1717,1534,1,2023-02-22,2023-06-25,monthly,cancelled
1718,1535,2,2025-07-24,,monthly,active
1719,1536,1,2024-10-26,,monthly,active
1720,1537,2,2025-04-01,2025-10-18,annual,cancelled
1721,1538,1,2024-10-10,,monthly,active
1722,1539,2,2024-01-17,,monthly,active
1723,1540,3,2023-11-23,,monthly,active
1724,1541,2,2023-12-31,,annual,active
1725,1542,1,2024-11-27,,monthly,active
1726,1543,2,2024-10-25,,monthly,active
1727,1544,2,2024-03-24,,monthly,active
1728,1545,1,2025-09-16,,monthly,active
1729,1546,2,2025-03-03,2025-05-03,monthly,cancelled
1730,1546,3,2025-05-08,,monthly,active
1731,1547,1,2024-04-25,,monthly,active
1732,1548,2,2023-09-21,,monthly,active
1733,1549,3,2024-12-14,,monthly,active
1734,1550,1,2025-07-31,,monthly,active
1735,1551,3,2023-04-28,2023-06-26,monthly,cancelled
1736,1552,3,2024-05-31,2025-02-11,monthly,cancelled
1737,1553,2,2025-07-14,,annual,active
1738,1554,2,2023-01-14,2023-05-05,monthly,cancelled
1739,1555,2,2025-04-27,,monthly,active
1740,1556,2,2025-10-10,,monthly,active
1741,1557,1,2025-08-29,,annual,active
1742,1558,3,2023-07-05,2023-09-13,annual,cancelled
1743,1559,1,2025-12-08,,monthly,active
1744,1560,2,2025-12-19,,monthly,active
1745,1561,1,2024-01-22,2024-06-04,monthly,cancelled
1746,1561,2,2024-09-13,,monthly,active
1747,1562,2,2025-05-02,,monthly,active
1748,1563,2,2023-03-04,,monthly,active
1749,1564,2,2024-08-19,2024-09-15,monthly,cancelled
1750,1564,1,2024-06-12,,monthly,active
1751,1565,3,2024-11-21,2025-03-29,annual,cancelled
1752,1566,1,2024-11-23,2025-01-26,monthly,cancelled
1753,1567,2,2025-09-10,2025-10-25,monthly,cancelled
1754,1568,3,2024-10-18,,monthly,active
1755,1569,1,2025-06-07,,annual,active
1756,1570,1,2025-10-03,,monthly,active
1757,1571,3,2023-04-23,2024-06-24,monthly,cancelled
1758,1572,1,2023-09-04,2023-07-18,monthly,cancelled
1759,1573,1,2025-06-07,,monthly,active
1760,1574,3,2025-07-25,,monthly,active
1761,1575,2,2023-03-04,2023-11-23,annual,cancelled
1762,1575,3,2024-02-04,,annual,active
1763,1576,3,2023-12-29,2024-09-01,annual,cancelled
1764,1577,3,2024-12-06,2024-12-12,annual,cancelled
1765,1578,1,2025-04-18,2025-09-22,monthly,cancelled
1766,1579,1,2024-06-03,2024-10-13,monthly,cancelled
1767,1580,1,2023-05-25,2025-03-21,annual,cancelled
1768,1581,3,2024-06-09,,monthly,active
1769,1582,2,2023-08-11,,monthly,active
1770,1583,1,2024-02-16,2025-05-17,monthly,cancelled
1771,1584,1,2024-01-13,,monthly,active
1772,1585,2,2025-06-24,,annual,active
1773,1586,1,2024-10-13,,monthly,active
1774,1587,1,2025-08-04,,annual,active
1775,1588,1,2024-01-12,,monthly,active
1776,1589,1,2025-12-18,,annual,active
1777,1590,1,2025-11-26,,annual,active
1778,1591,3,2024-04-23,,monthly,active
1779,1592,1,2023-03-14,,monthly,active
1780,1593,3,2025-09-07,,annual,active
1781,1594,1,2025-07-19,,monthly,active
1782,1595,1,2024-10-06,,monthly,active
1783,1596,3,2024-04-09,2024-05-28,monthly,cancelled
1784,1596,2,2024-07-18,,monthly,active
1785,1597,2,2025-08-01,,monthly,active
1786,1598,1,2025-12-21,,monthly,active
1787,1599,2,2025-02-06,,annual,active
1788,1600,2,2023-04-15,2023-05-15,monthly,cancelled
1789,1600,1,2023-05-07,,monthly,active
1790,1601,2,2023-02-18,2024-02-07,monthly,cancelled
1791,1602,1,2024-02-10,,monthly,active
1792,1603,1,2023-07-18,2024-03-09,monthly,cancelled
1793,1604,3,2024-10-03,,monthly,active
1794,1605,3,2024-08-10,2025-07-31,monthly,cancelled
1795,1605,1,2025-10-22,,monthly,active
1796,1606,1,2023-11-08,,monthly,active
1797,1607,3,2024-05-25,2024-07-30,annual,cancelled
1798,1608,1,2025-08-26,,monthly,active
1799,1609,3,2025-07-05,,annual,active
1800,1610,1,2023-05-22,,annual,active
1801,1611,2,2024-10-18,,monthly,active
1802,1612,2,2023-12-13,2024-02-04,monthly,cancelled
1803,1612,1,2024-02-20,,monthly,active
1804,1613,1,2023-04-17,2023-06-02,monthly,cancelled
1805,1613,2,2023-09-28,,monthly,active
1806,1614,1,2023-06-14,,monthly,active
1807,1615,1,2024-09-11,2024-10-27,annual,cancelled
1808,1615,1,2025-01-07,,annual,active
1809,1616,2,2025-01-21,,monthly,active
1810,1617,1,2024-06-19,,monthly,active
1811,1618,3,2025-08-11,,monthly,active
1812,1619,2,2023-05-14,,annual,active
1813,1620,3,2024-11-29,2025-04-09,annual,cancelled
1814,1620,2,2025-04-28,,annual,active
1815,1621,1,2023-08-05,2023-12-19,monthly,cancelled
1816,1622,2,2023-08-01,,monthly,active
1817,1623,3,2025-09-01,,monthly,active
1818,1624,1,2025-06-25,,annual,active
1819,1625,2,2024-01-23,,monthly,active
1820,1626,2,2023-11-29,,monthly,active
1821,1627,2,2024-07-12,,annual,active
1822,1628,3,2023-05-13,,monthly,active
1823,1629,3,2023-01-25,,monthly,active
1824,1630,2,2023-05-15,,annual,active
1825,1631,2,2025-09-28,,monthly,active
1826,1632,3,2025-08-10,2025-11-12,annual,cancelled
1827,1633,2,2025-07-15,,monthly,active
1828,1634,2,2023-02-11,,monthly,active
1829,1635,2,2024-03-20,2024-07-04,monthly,cancelled
1830,1635,1,2024-10-18,,monthly,active
1831,1636,3,2024-09-13,2025-02-03,annual,cancelled
1832,1637,3,2025-09-25,,monthly,active
1833,1638,1,2024-08-15,2024-10-27,monthly,cancelled
1834,1638,2,2024-11-26,,monthly,active
1835,1639,1,2023-11-21,,monthly,active
1836,1640,2,2025-02-03,,monthly,active
1837,1641,1,2025-05-04,,monthly,active
1838,1642,2,2024-07-28,2024-11-29,monthly,cancelled
1839,1642,1,2025-03-07,,monthly,active
1840,1643,2,2024-04-30,2024-08-01,monthly,cancelled
1841,1644,1,2025-02-25,,monthly,active
1842,1645,3,2024-01-31,,annual,active
1843,1646,2,2023-01-07,,monthly,active
1844,1647,2,2024-10-05,2025-10-04,monthly,cancelled
1845,1647,1,2025-03-12,,monthly,active
1846,1648,1,2024-02-04,,annual,active
1847,1649,1,2023-10-23,2024-03-17,monthly,cancelled
1848,1650,2,2025-07-03,,monthly,active
1849,1651,1,2024-07-19,2025-02-22,monthly,cancelled
1850,1652,3,2023-04-18,,monthly,active
1851,1653,2,2024-10-25,,monthly,active
1852,1654,1,2025-11-13,,monthly,active
1853,1655,1,2025-12-06,,annual,active
1854,1656,2,2024-12-04,,monthly,active
1855,1657,2,2023-07-03,2024-03-23,annual,cancelled
1856,1658,1,2023-02-19,,monthly,active
1857,1659,3,2023-10-09,,monthly,active
1858,1660,2,2025-05-10,,annual,active
1859,1661,2,2024-04-15,2024-05-23,monthly,cancelled
1860,1661,1,2024-09-12,,monthly,active
1861,1662,3,2025-03-24,,monthly,active
1862,1663,2,2025-12-11,,monthly,active
1863,1664,1,2025-03-15,2025-12-07,annual,cancelled
1864,1665,1,2023-03-27,,monthly,active
1865,1666,3,2024-03-14,2024-07-19,monthly,cancelled
1866,1667,1,2024-03-20,,monthly,active
1867,1668,1,2024-11-01,2024-12-13,monthly,cancelled
1868,1668,1,2025-01-23,,monthly,active
1869,1669,1,2024-05-23,2025-02-04,annual,cancelled
1870,1669,2,2025-03-31,,annual,active
1871,1670,1,2023-01-01,2023-06-15,monthly,cancelled
1872,1670,1,2023-08-25,,monthly,active
1873,1671,2,2025-05-16,2025-09-27,annual,cancelled
1874,1672,1,2024-09-10,,monthly,active
1875,1673,2,2025-09-02,,monthly,active
1876,1674,1,2023-05-10,2024-11-28,annual,cancelled
1877,1675,2,2025-08-11,,monthly,active
1878,1676,3,2024-07-30,,monthly,active
1879,1677,2,2023-01-04,,monthly,active
1880,1678,2,2023-07-04,,monthly,active
1881,1679,1,2023-10-26,2024-01-03,monthly,cancelled
1882,1680,1,2024-08-21,2024-11-05,monthly,cancelled
1883,1680,1,2024-12-14,,monthly,active
1884,1681,1,2023-06-27,2023-10-03,monthly,cancelled
1885,1682,3,2023-03-29,,monthly,active
1886,1683,3,2023-10-13,2024-10-03,monthly,cancelled
1887,1684,2,2023-03-27,2023-04-21,monthly,cancelled
1888,1684,1,2023-07-04,,monthly,active
1889,1685,2,2024-11-16,,monthly,active
1890,1686,1,2024-03-24,2024-08-17,monthly,cancelled
1891,1686,1,2024-10-29,,monthly,active
1892,1687,3,2023-11-15,2024-07-07,monthly,cancelled
1893,1687,2,2024-07-31,,monthly,active
1894,1688,1,2024-09-19,,annual,active
1895,1689,1,2023-02-18,,annual,active
1896,1690,1,2023-01-09,2025-02-14,annual,cancelled
1897,1691,1,2024-03-02,,monthly,active
1898,1692,1,2025-10-20,,monthly,active
1899,1693,2,2025-05-15,,monthly,active
1900,1694,3,2023-03-21,,monthly,active
1901,1695,1,2025-07-20,,monthly,active
1902,1696,3,2024-03-19,,monthly,active
1903,1697,1,2023-05-22,,monthly,active
1904,1698,1,2025-11-24,,monthly,active
1905,1699,2,2023-08-13,,monthly,active
1906,1700,2,2025-02-10,,monthly,active
1907,1701,1,2023-08-26,,monthly,active
1908,1702,3,2025-05-30,,monthly,active
1909,1703,2,2024-07-25,2024-08-31,monthly,cancelled
1910,1703,2,2024-10-11,,monthly,active
1911,1704,1,2023-10-09,,monthly,active
1912,1705,1,2025-03-02,,monthly,active
1913,1706,1,2024-04-20,,monthly,active
1914,1707,1,2023-08-19,,monthly,active
1915,1708,3,2025-09-10,,annual,active
1916,1709,1,2023-10-27,2023-12-28,monthly,cancelled
1917,1710,1,2023-04-12,,monthly,active
1918,1711,3,2023-05-03,2023-06-08,monthly,cancelled
1919,1711,2,2023-07-04,,monthly,active
1920,1712,2,2025-03-11,,monthly,active
1921,1713,2,2025-04-12,,monthly,active
1922,1714,1,2025-05-06,,annual,active
1923,1715,1,2025-01-26,,monthly,active
1924,1716,2,2024-09-23,2024-11-30,monthly,cancelled
1925,1717,2,2025-09-29,,annual,active
1926,1718,1,2025-11-17,,monthly,active
1927,1719,1,2024-01-28,2024-12-30,monthly,cancelled
1928,1720,1,2023-10-13,,annual,active
1929,1721,3,2025-01-12,,monthly,active
1930,1722,2,2024-10-01,2024-08-07,annual,cancelled
1931,1722,3,2024-10-03,,annual,active
1932,1723,1,2024-11-30,2025-09-01,annual,cancelled
1933,1724,3,2024-06-05,,monthly,active
1934,1725,2,2024-02-12,2024-12-22,monthly,cancelled
1935,1726,1,2024-10-03,,monthly,active
1936,1727,1,2024-07-22,2025-02-24,monthly,cancelled
1937,1728,2,2023-01-21,2023-03-25,monthly,cancelled
1938,1728,2,2023-04-22,,monthly,active
1939,1729,2,2024-12-25,,annual,active
1940,1730,2,2024-02-21,2024-07-01,monthly,cancelled
1941,1731,1,2023-07-15,2023-10-01,monthly,cancelled
1942,1732,1,2023-08-08,,monthly,active
1943,1733,2,2023-07-25,,monthly,active
1944,1734,1,2023-02-17,2024-10-12,monthly,cancelled
1945,1735,2,2025-11-05,,annual,active
1946,1736,2,2025-02-12,,monthly,active
1947,1737,3,2024-04-17,,monthly,active
1948,1738,1,2025-07-15,2025-10-19,monthly,cancelled
1949,1739,3,2025-05-18,,annual,active
1950,1740,2,2024-03-24,2024-09-18,annual,cancelled
1951,1741,2,2023-04-09,,monthly,active
1952,1742,1,2025-07-16,,monthly,active
1953,1743,1,2023-12-08,,monthly,active
1954,1744,2,2025-05-16,,monthly,active
1955,1745,2,2024-05-07,,monthly,active
1956,1746,1,2025-12-28,,monthly,active
1957,1747,2,2025-10-22,,annual,active
1958,1748,2,2025-01-22,,monthly,active
1959,1749,2,2023-03-28,2023-06-05,annual,cancelled
1960,1750,3,2025-07-04,,monthly,active
1961,1751,1,2025-04-14,,monthly,active
1962,1752,1,2024-09-03,2025-05-02,monthly,cancelled
1963,1753,1,2023-02-02,,monthly,active
1964,1754,2,2025-03-22,,monthly,active
1965,1755,2,2025-01-30,,monthly,active
1966,1756,2,2024-08-28,2024-12-31,annual,cancelled
1967,1756,1,2025-02-23,,annual,active
1968,1757,1,2024-12-27,2025-09-09,monthly,cancelled
1969,1758,1,2024-01-02,,monthly,active
1970,1759,1,2025-12-03,,monthly,active
1971,1760,1,2025-01-23,2025-02-14,monthly,cancelled
1972,1760,2,2025-04-26,,monthly,active
1973,1761,1,2025-11-02,,monthly,active
1974,1762,2,2024-07-01,,monthly,active
1975,1763,1,2023-04-01,2024-09-05,annual,cancelled
1976,1764,1,2025-05-24,,monthly,active
1977,1765,1,2024-06-27,,annual,active
1978,1766,1,2023-08-22,2024-10-18,monthly,cancelled
1979,1766,1,2024-12-14,,monthly,active
1980,1767,1,2024-11-08,2025-06-25,monthly,cancelled
1981,1768,2,2024-04-08,,annual,active
1982,1769,3,2023-04-16,,monthly,active
1983,1770,1,2024-05-24,,monthly,active
1984,1771,1,2025-05-08,2025-11-22,monthly,cancelled
1985,1772,1,2025-06-11,,annual,active
1986,1773,1,2024-09-22,,annual,active
1987,1774,2,2024-09-08,,monthly,active
1988,1775,1,2023-06-18,2024-05-07,annual,cancelled
1989,1776,2,2023-04-16,2023-05-30,monthly,cancelled
1990,1776,1,2023-06-25,,monthly,active
1991,1777,1,2025-01-01,,monthly,active
1992,1778,2,2023-03-22,2023-11-13,annual,cancelled
1993,1779,2,2023-08-09,,monthly,active
1994,1780,1,2024-06-16,,monthly,active
1995,1781,3,2025-03-16,,monthly,active
1996,1782,2,2024-08-24,,monthly,active
1997,1783,1,2024-05-07,,monthly,active
1998,1784,2,2023-09-16,,monthly,active
1999,1785,1,2025-04-19,2025-12-28,annual,cancelled
2000,1786,3,2025-08-27,,monthly,active
2001,1787,1,2025-08-03,2025-08-17,monthly,cancelled
2002,1788,2,2025-05-14,,monthly,active
2003,1789,1,2024-05-28,,monthly,active
2004,1790,3,2024-07-23,,monthly,active
2005,1791,2,2025-02-02,,monthly,active
2006,1792,1,2025-10-31,,monthly,active
2007,1793,2,2025-07-20,,monthly,active
2008,1794,1,2023-02-06,2023-07-29,monthly,cancelled
2009,1795,1,2024-10-07,2024-12-04,annual,cancelled
2010,1796,2,2024-06-04,,annual,active
2011,1797,2,2025-05-30,,monthly,active
2012,1798,1,2023-04-15,,monthly,active
2013,1799,2,2024-11-03,2025-08-23,annual,cancelled
2014,1799,1,2025-11-27,,annual,active
2015,1800,2,2023-02-12,,monthly,active
2016,1801,2,2023-11-28,,monthly,active
2017,1802,2,2023-06-06,2023-07-15,annual,cancelled
2018,1802,3,2023-08-06,,annual,active
2019,1803,1,2024-01-02,,monthly,active
2020,1804,2,2024-07-23,2025-08-27,annual,cancelled
2021,1804,1,2025-11-30,,annual,active
2022,1805,2,2023-02-07,2024-07-10,monthly,cancelled
2023,1806,2,2023-11-25,,annual,active
2024,1807,1,2025-04-06,2025-10-28,monthly,cancelled
2025,1808,3,2023-05-18,,monthly,active
2026,1809,2,2025-04-03,,annual,active
2027,1810,3,2023-02-05,2023-10-07,annual,cancelled
2028,1811,2,2023-06-24,2023-11-23,monthly,cancelled
2029,1812,1,2023-09-03,,monthly,active
2030,1813,1,2024-08-23,,monthly,active
2031,1814,2,2023-10-11,2023-12-23,monthly,cancelled
2032,1815,2,2024-09-06,,monthly,active
2033,1816,1,2023-07-25,2023-10-14,monthly,cancelled
2034,1816,3,2023-12-13,,monthly,active
2035,1817,3,2023-06-11,,annual,active
2036,1818,3,2024-08-31,2025-10-24,monthly,cancelled
2037,1819,1,2023-10-07,2023-08-10,monthly,cancelled
2038,1820,1,2023-03-29,,monthly,active
2039,1821,1,2024-01-15,,monthly,active
2040,1822,3,2023-12-13,,monthly,active
2041,1823,1,2024-01-20,,monthly,active
2042,1824,1,2024-06-12,,monthly,active
2043,1825,1,2025-10-05,,annual,active
2044,1826,2,2023-09-20,,annual,active
2045,1827,3,2024-04-17,2024-08-22,annual,cancelled
2046,1828,1,2023-08-19,,monthly,active
2047,1829,1,2024-02-27,,monthly,active
2048,1830,2,2025-02-14,2025-05-21,monthly,cancelled
2049,1830,1,2025-08-22,,monthly,active
2050,1831,3,2024-01-21,,annual,active
2051,1832,1,2023-07-01,,annual,active
2052,1833,2,2025-04-26,,annual,active
2053,1834,2,2025-07-19,,monthly,active
2054,1835,1,2024-06-07,,monthly,active
2055,1836,3,2024-03-24,,monthly,active
2056,1837,2,2024-06-05,2025-01-06,monthly,cancelled
2057,1838,3,2024-09-05,2025-10-08,monthly,cancelled
2058,1838,3,2025-12-10,,monthly,active
2059,1839,1,2023-01-07,,annual,active
2060,1840,2,2025-09-12,,annual,active
2061,1841,1,2024-02-13,2024-06-24,monthly,cancelled
2062,1842,3,2024-06-02,2025-05-19,monthly,cancelled
2063,1843,1,2024-11-04,,monthly,active
2064,1844,1,2024-02-24,,monthly,active
2065,1845,1,2024-03-15,,monthly,active
2066,1846,2,2025-07-10,2025-12-31,annual,cancelled
2067,1847,2,2024-05-08,2024-08-07,monthly,cancelled
2068,1848,2,2024-03-19,,monthly,active
2069,1849,1,2023-01-01,,annual,active
2070,1850,2,2023-02-13,,monthly,active
2071,1851,1,2024-04-03,,monthly,active
2072,1852,1,2025-01-20,,monthly,active
2073,1853,2,2025-08-28,,monthly,active
2074,1854,1,2024-09-03,2024-12-22,monthly,cancelled
2075,1854,2,2025-04-21,,monthly,active
2076,1855,1,2025-07-16,2025-09-20,annual,cancelled
2077,1856,1,2024-07-25,2024-09-12,annual,cancelled
2078,1856,1,2024-12-11,,annual,active
2079,1857,1,2025-08-02,,monthly,active
2080,1858,3,2025-12-28,,monthly,active
2081,1859,1,2024-04-19,2024-07-29,monthly,cancelled
2082,1859,2,2024-08-30,,monthly,active
2083,1860,1,2024-11-25,,monthly,active
2084,1861,1,2024-02-25,2025-11-07,monthly,cancelled
2085,1862,1,2025-05-14,,monthly,active
2086,1863,2,2023-03-03,,annual,active
2087,1864,1,2023-03-04,,monthly,active
2088,1865,2,2025-11-09,,monthly,active
2089,1866,3,2023-11-03,,monthly,active
2090,1867,2,2023-11-23,,monthly,active
2091,1868,1,2023-11-05,2024-03-22,monthly,cancelled
2092,1869,1,2025-11-04,,monthly,active
2093,1870,2,2024-08-12,,monthly,active
2094,1871,2,2024-04-27,,annual,active
2095,1872,2,2024-09-27,,monthly,active
2096,1873,1,2025-04-12,2025-09-29,monthly,cancelled
2097,1873,3,2025-10-29,,monthly,active
2098,1874,2,2025-12-12,,annual,active
2099,1875,1,2025-12-18,,annual,active
2100,1876,2,2025-08-28,,annual,active
2101,1877,1,2025-03-29,,monthly,active
2102,1878,1,2024-09-21,,annual,active
2103,1879,1,2024-03-14,2024-12-30,monthly,cancelled
2104,1880,2,2025-03-09,,annual,active
2105,1881,1,2025-01-25,,monthly,active
2106,1882,2,2025-02-11,,monthly,active
2107,1883,1,2023-08-12,,monthly,active
2108,1884,3,2025-08-11,2025-10-27,annual,cancelled
2109,1885,1,2024-08-19,,monthly,active
2110,1886,3,2024-10-07,,monthly,active
2111,1887,1,2025-12-13,,monthly,active
2112,1888,1,2024-10-02,,monthly,active
2113,1889,3,2023-06-07,2023-07-21,monthly,cancelled
2114,1889,2,2023-08-24,,monthly,active
2115,1890,2,2025-08-03,,annual,active
2116,1891,1,2024-03-03,2024-04-05,monthly,cancelled
2117,1891,1,2024-05-31,,monthly,active
2118,1892,2,2025-12-08,,monthly,active
2119,1893,3,2023-09-03,,monthly,active
2120,1894,3,2023-10-02,,monthly,active
2121,1895,1,2024-07-04,,monthly,active
2122,1896,1,2024-03-02,,annual,active
2123,1897,3,2024-07-17,,monthly,active
2124,1898,3,2023-03-29,2023-10-12,monthly,cancelled
2125,1899,2,2025-06-10,,annual,active
2126,1900,1,2023-03-28,2023-04-27,annual,cancelled
2127,1900,2,2023-05-25,,annual,active
2128,1901,2,2023-02-25,,annual,active
2129,1902,2,2024-03-23,,monthly,active
2130,1903,1,2025-09-21,,monthly,active
2131,1904,1,2024-06-24,,monthly,active
2132,1905,2,2024-02-02,2024-09-16,monthly,cancelled
2133,1905,1,2024-09-28,,monthly,active
2134,1906,2,2024-04-23,,annual,active
2135,1907,1,2023-04-08,2023-07-03,monthly,cancelled
2136,1908,1,2023-02-02,,annual,active
2137,1909,2,2025-05-11,,monthly,active
2138,1910,1,2025-07-23,2025-10-16,monthly,cancelled
2139,1911,1,2024-05-23,2024-07-13,annual,cancelled
2140,1911,1,2024-06-08,,annual,active
2141,1912,3,2023-12-25,2024-01-19,monthly,cancelled
2142,1912,3,2024-02-04,,monthly,active
2143,1913,3,2025-05-30,,monthly,active
2144,1914,1,2023-11-14,2024-05-15,monthly,cancelled
2145,1915,2,2024-03-18,,annual,active
2146,1916,2,2024-05-14,2024-12-29,annual,cancelled
2147,1917,2,2023-07-01,,monthly,active
2148,1918,1,2024-11-30,2025-01-15,monthly,cancelled
2149,1919,2,2025-08-06,,monthly,active
2150,1920,2,2024-03-19,,monthly,active
2151,1921,1,2024-04-10,,monthly,active
2152,1922,1,2023-02-11,,monthly,active
2153,1923,3,2025-06-09,,annual,active
2154,1924,3,2023-09-05,,monthly,active
2155,1925,1,2024-11-16,2025-03-06,monthly,cancelled
2156,1925,1,2025-04-26,,monthly,active
2157,1926,1,2023-06-14,2023-10-23,monthly,cancelled
2158,1926,1,2023-12-03,,monthly,active
2159,1927,3,2025-04-12,,annual,active
2160,1928,2,2024-03-27,2024-09-12,monthly,cancelled
2161,1929,3,2025-08-07,,monthly,active
2162,1930,2,2023-02-09,,monthly,active
2163,1931,1,2023-11-26,2024-04-26,monthly,cancelled
2164,1932,2,2023-05-18,2023-12-30,annual,cancelled
2165,1933,1,2025-02-01,2025-03-13,monthly,cancelled
2166,1934,1,2025-08-08,,monthly,active
2167,1935,3,2023-01-01,2023-03-20,monthly,cancelled
2168,1936,1,2024-12-07,,annual,active
2169,1937,3,2023-12-12,,monthly,active
2170,1938,2,2025-06-02,,annual,active
2171,1939,2,2025-08-21,,monthly,active
2172,1940,1,2024-01-18,,monthly,active
2173,1941,1,2024-06-18,,monthly,active
2174,1942,1,2025-06-15,,monthly,active
2175,1943,1,2023-12-29,2024-05-19,monthly,cancelled
2176,1944,2,2025-10-06,,monthly,active
2177,1945,2,2025-04-04,,monthly,active
2178,1946,1,2025-01-17,,monthly,active
2179,1947,3,2024-11-02,,monthly,active
2180,1948,3,2025-07-05,2025-09-10,monthly,cancelled
2181,1949,3,2023-05-29,2024-03-01,monthly,cancelled
2182,1950,1,2024-04-26,,monthly,active
2183,1951,3,2023-03-19,2023-06-25,monthly,cancelled
2184,1951,2,2023-08-03,,monthly,active
2185,1952,2,2025-06-06,,monthly,active
2186,1953,1,2024-11-22,,monthly,active
2187,1954,1,2025-11-05,2025-12-11,monthly,cancelled
2188,1955,3,2024-04-26,2024-06-10,monthly,cancelled
2189,1955,1,2024-07-22,,monthly,active
2190,1956,2,2024-07-16,2025-06-13,monthly,cancelled
2191,1957,1,2025-02-26,2025-12-11,monthly,cancelled
2192,1958,2,2023-09-23,2023-10-29,monthly,cancelled
2193,1959,2,2025-03-27,,monthly,active
2194,1960,3,2025-01-08,,monthly,active
2195,1961,1,2023-09-13,2023-12-12,monthly,cancelled
2196,1962,1,2025-08-12,,annual,active
2197,1963,1,2023-09-30,2024-01-01,monthly,cancelled
2198,1964,1,2023-07-31,2024-05-23,annual,cancelled
2199,1965,3,2025-09-16,,annual,active
2200,1966,3,2024-03-31,,monthly,active
2201,1967,2,2025-01-26,,monthly,active
2202,1968,1,2023-02-02,2023-02-24,monthly,cancelled
2203,1968,1,2023-05-01,,monthly,active
2204,1969,1,2024-09-19,,monthly,active
2205,1970,1,2025-12-09,,monthly,active
2206,1971,1,2023-03-19,2023-05-14,monthly,cancelled
2207,1972,2,2024-11-02,,annual,active
2208,1973,2,2025-12-10,,annual,active
2209,1974,3,2023-11-03,,monthly,active
2210,1975,2,2023-12-30,2024-09-16,monthly,cancelled
2211,1975,1,2024-12-02,,monthly,active
2212,1976,2,2025-09-05,2025-11-21,monthly,cancelled
2213,1977,2,2024-11-08,2025-05-05,monthly,cancelled
2214,1977,2,2025-06-24,,monthly,active
2215,1978,1,2025-03-11,,monthly,active
2216,1979,1,2025-11-10,,monthly,active
2217,1980,2,2025-01-14,2025-02-18,annual,cancelled
2218,1980,2,2025-04-22,,annual,active
2219,1981,2,2023-01-09,,monthly,active
2220,1982,1,2023-03-22,2023-05-22,annual,cancelled
2221,1982,1,2023-08-31,,annual,active
2222,1983,1,2023-09-26,2024-08-28,annual,cancelled
2223,1984,1,2024-03-02,2025-01-06,monthly,cancelled
2224,1984,2,2025-02-25,,monthly,active
2225,1985,1,2023-07-25,2024-10-22,monthly,cancelled
2226,1986,1,2023-10-23,,monthly,active
2227,1987,3,2024-08-22,,monthly,active
2228,1988,3,2024-03-04,,monthly,active
2229,1989,1,2023-05-09,,monthly,active
2230,1990,1,2025-02-11,,monthly,active
2231,1991,1,2024-12-07,2025-03-12,monthly,cancelled
2232,1991,2,2025-06-10,,monthly,active
2233,1992,2,2024-01-06,2024-07-09,monthly,cancelled
2234,1992,3,2024-08-28,,monthly,active
2235,1993,1,2025-09-17,,annual,active
2236,1994,1,2025-07-17,,monthly,active
2237,1995,3,2025-06-19,2025-09-12,monthly,cancelled
2238,1996,2,2024-01-17,2024-05-09,annual,cancelled
2239,1997,2,2023-07-26,2024-07-19,annual,cancelled
2240,1997,3,2024-10-07,,annual,active
2241,1998,2,2024-04-29,,monthly,active
2242,1999,2,2024-06-30,2024-08-02,monthly,cancelled
2243,2000,1,2024-08-16,2024-10-06,annual,cancelled
2244,2001,2,2023-08-27,,annual,active
2245,2002,3,2025-06-20,,monthly,active
2246,2003,1,2023-08-19,,monthly,active
2247,2004,2,2023-07-21,,monthly,active
2248,2005,3,2023-03-19,2023-05-12,monthly,cancelled
2249,2005,2,2023-06-28,,monthly,active
2250,2006,1,2024-12-16,2025-01-09,monthly,cancelled
2251,2006,2,2025-02-21,,monthly,active
2252,2007,1,2023-05-05,2023-06-24,annual,cancelled
2253,2007,2,2023-10-15,,annual,active
2254,2008,2,2024-09-10,,monthly,active
2255,2009,2,2024-12-11,,monthly,active
2256,2010,1,2023-09-12,,annual,active
2257,2011,1,2025-05-09,,monthly,active
2258,2012,1,2025-08-20,,annual,active
2259,2013,2,2023-06-11,,annual,active
2260,2014,1,2023-04-20,2024-11-05,monthly,cancelled
2261,2015,1,2024-06-01,,monthly,active
2262,2016,3,2025-06-15,,annual,active
2263,2017,1,2025-06-02,,monthly,active
2264,2018,2,2023-11-03,2024-03-12,annual,cancelled
2265,2019,3,2024-11-21,,monthly,active
2266,2020,2,2024-01-02,2024-05-13,monthly,cancelled
2267,2021,2,2023-01-03,2023-07-23,monthly,cancelled
2268,2022,2,2025-10-13,,annual,active
2269,2023,1,2025-01-05,,annual,active
2270,2024,1,2024-06-15,2025-02-14,monthly,cancelled
2271,2025,2,2023-10-09,2023-12-23,annual,cancelled
2272,2026,2,2025-06-26,,annual,active
2273,2027,2,2023-09-17,2024-03-01,monthly,cancelled
2274,2027,3,2024-06-25,,monthly,active
2275,2028,2,2023-01-16,2023-06-21,monthly,cancelled
2276,2029,3,2025-04-10,,monthly,active
2277,2030,2,2023-05-13,2023-09-30,monthly,cancelled
2278,2030,1,2024-01-25,,monthly,active
2279,2031,2,2024-05-19,,annual,active
2280,2032,2,2023-04-01,2023-07-15,monthly,cancelled
2281,2032,1,2023-11-03,,monthly,active
2282,2033,1,2024-04-15,2024-08-06,monthly,cancelled
2283,2034,1,2023-01-27,2025-02-06,monthly,cancelled
2284,2035,2,2024-12-02,,monthly,active
2285,2036,2,2025-08-04,,monthly,active
2286,2037,2,2025-10-04,,monthly,active
2287,2038,1,2024-08-01,2025-01-18,monthly,cancelled
2288,2039,1,2023-02-03,,monthly,active
2289,2040,2,2025-06-19,,monthly,active
2290,2041,2,2025-12-10,,annual,active
2291,2042,2,2025-04-29,,monthly,active
2292,2043,2,2025-04-07,,monthly,active
2293,2044,2,2024-04-28,2024-11-04,monthly,cancelled
2294,2045,2,2024-05-25,2025-12-15,annual,cancelled
2295,2046,2,2023-03-19,,monthly,active
2296,2047,2,2025-10-06,,annual,active
2297,2048,3,2024-08-22,2025-10-12,annual,cancelled
2298,2049,1,2025-09-20,,monthly,active
2299,2050,2,2025-11-21,,monthly,active
2300,2051,1,2024-06-24,,annual,active
2301,2052,1,2025-11-21,2025-12-26,monthly,cancelled
2302,2053,2,2023-02-26,2023-05-03,monthly,cancelled
2303,2053,1,2023-06-05,,monthly,active
2304,2054,3,2023-10-28,,monthly,active
2305,2055,3,2023-05-25,,annual,active
2306,2056,2,2025-07-13,,annual,active
2307,2057,1,2025-11-04,,monthly,active
2308,2058,3,2025-07-05,,monthly,active
2309,2059,2,2024-05-09,2025-02-03,monthly,cancelled
2310,2060,1,2024-07-07,2024-10-16,monthly,cancelled
2311,2061,1,2025-09-04,,monthly,active
2312,2062,2,2025-05-17,2025-06-28,monthly,cancelled
2313,2062,1,2025-10-08,,monthly,active
2314,2063,2,2024-04-04,,monthly,active
2315,2064,1,2025-05-13,,monthly,active
2316,2065,2,2025-05-29,,monthly,active
2317,2066,2,2023-07-29,,monthly,active
2318,2067,2,2024-07-17,,monthly,active
2319,2068,2,2025-12-26,,annual,active
2320,2069,3,2025-12-15,,annual,active
2321,2070,1,2024-03-15,,annual,active
2322,2071,2,2024-02-23,,annual,active
2323,2072,3,2023-03-31,2023-06-14,annual,cancelled
2324,2073,1,2024-07-24,2024-11-07,monthly,cancelled
2325,2074,2,2024-01-31,,monthly,active
2326,2075,1,2023-05-14,2023-06-17,monthly,cancelled
2327,2076,1,2025-03-31,,monthly,active
2328,2077,1,2024-04-08,,monthly,active
2329,2078,1,2025-03-21,2025-05-20,monthly,cancelled
2330,2079,1,2024-11-01,,monthly,active
2331,2080,1,2024-01-05,2024-06-01,monthly,cancelled
2332,2080,1,2024-05-09,,monthly,active
2333,2081,2,2024-12-20,2025-04-05,monthly,cancelled
2334,2082,3,2025-03-19,2025-10-28,annual,cancelled
2335,2083,2,2024-11-02,,annual,active
2336,2084,1,2025-12-22,,annual,active
2337,2085,2,2025-09-06,,annual,active
2338,2086,2,2024-06-10,,monthly,active
2339,2087,3,2024-10-15,,annual,active
2340,2088,2,2024-12-06,,annual,active
2341,2089,1,2024-08-15,,annual,active
2342,2090,1,2025-05-21,2025-07-14,annual,cancelled
2343,2090,2,2025-10-03,,annual,active
2344,2091,3,2025-08-28,2025-09-29,monthly,cancelled
2345,2092,1,2024-07-29,,annual,active
2346,2093,2,2023-05-03,,annual,active
2347,2094,1,2023-09-19,,monthly,active
2348,2095,3,2024-07-13,,monthly,active
2349,2096,1,2023-06-05,,monthly,active
2350,2097,1,2024-01-12,,monthly,active
2351,2098,1,2023-12-12,2024-02-15,monthly,cancelled
2352,2099,1,2024-04-21,,monthly,active
2353,2100,1,2024-05-06,2025-05-06,monthly,cancelled
2354,2100,1,2025-08-26,,monthly,active
2355,2101,1,2023-08-17,,monthly,active
2356,2102,1,2025-10-03,,monthly,active
2357,2103,1,2024-02-27,,annual,active
2358,2104,1,2025-02-16,,annual,active
2359,2105,1,2023-05-18,,monthly,active
2360,2106,1,2023-09-03,,monthly,active
2361,2107,1,2024-11-08,,monthly,active
2362,2108,2,2025-06-21,,monthly,active
2363,2109,1,2024-06-04,,monthly,active
2364,2110,3,2025-12-31,,monthly,active
2365,2111,1,2023-08-08,2024-05-26,annual,cancelled
2366,2112,1,2023-10-29,2024-01-13,monthly,cancelled
2367,2113,3,2025-05-21,,monthly,active
2368,2114,1,2025-12-09,,monthly,active
2369,2115,3,2025-02-10,,monthly,active
2370,2116,1,2024-07-02,2025-07-25,annual,cancelled
2371,2116,2,2025-08-31,,annual,active
2372,2117,1,2024-05-02,,monthly,active
2373,2118,3,2024-06-03,2024-11-10,monthly,cancelled
2374,2119,2,2023-04-02,2023-08-25,monthly,cancelled
2375,2120,1,2025-08-02,,monthly,active
2376,2121,1,2023-01-23,,monthly,active
2377,2122,2,2024-08-15,,annual,active
2378,2123,2,2025-05-12,,monthly,active
2379,2124,1,2023-07-20,,monthly,active
2380,2125,2,2025-01-27,,monthly,active
2381,2126,1,2024-11-09,2024-12-20,monthly,cancelled
2382,2127,1,2023-06-01,2023-08-13,monthly,cancelled
2383,2128,1,2024-04-05,,monthly,active
2384,2129,1,2024-07-04,,monthly,active
2385,2130,3,2024-08-25,,monthly,active
2386,2131,1,2023-02-01,,annual,active
2387,2132,2,2023-05-29,2024-05-14,monthly,cancelled
2388,2133,2,2025-07-19,,monthly,active
2389,2134,2,2025-07-19,2025-08-20,monthly,cancelled
2390,2134,1,2025-10-10,,monthly,active
2391,2135,1,2023-06-11,,monthly,active
2392,2136,2,2025-08-02,,monthly,active
2393,2137,1,2023-10-10,2023-12-11,annual,cancelled
2394,2137,2,2024-09-03,,annual,active
2395,2138,1,2023-10-10,2024-01-11,annual,cancelled
2396,2138,2,2024-04-25,,annual,active
2397,2139,2,2025-07-09,2025-10-28,monthly,cancelled
2398,2140,3,2023-08-04,,monthly,active
2399,2141,2,2023-01-06,,annual,active
2400,2142,3,2023-04-12,2023-08-25,monthly,cancelled
2401,2143,2,2025-07-29,,annual,active
2402,2144,2,2024-07-27,2025-06-26,annual,cancelled
2403,2145,1,2025-07-15,2025-09-25,monthly,cancelled
2404,2145,3,2025-12-01,,monthly,active
2405,2146,2,2023-05-01,2023-12-17,annual,cancelled
2406,2147,2,2023-01-03,,monthly,active
2407,2148,1,2023-06-15,,annual,active
2408,2149,2,2024-02-13,2024-06-08,monthly,cancelled
2409,2149,2,2024-08-04,,monthly,active
2410,2150,3,2024-09-06,2025-03-27,monthly,cancelled
2411,2151,1,2024-08-23,,monthly,active
2412,2152,1,2025-04-24,,monthly,active
2413,2153,2,2025-11-20,,annual,active
2414,2154,1,2023-03-14,,annual,active
2415,2155,2,2023-05-21,,annual,active
2416,2156,3,2024-11-21,2025-11-02,monthly,cancelled
2417,2157,1,2023-03-21,,monthly,active
2418,2158,1,2025-10-27,,monthly,active
2419,2159,3,2025-11-04,,monthly,active
2420,2160,1,2025-03-16,,monthly,active
2421,2161,1,2023-01-20,2023-02-26,monthly,cancelled
2422,2162,2,2023-02-26,2023-06-09,monthly,cancelled
2423,2163,2,2025-05-11,,annual,active
2424,2164,3,2025-06-30,,annual,active
2425,2165,1,2024-04-23,2024-09-25,monthly,cancelled
2426,2165,1,2024-12-14,,monthly,active
2427,2166,1,2023-10-04,,monthly,active
2428,2167,1,2023-01-22,,monthly,active
2429,2168,2,2024-03-15,,monthly,active
2430,2169,1,2023-07-03,2023-04-03,monthly,cancelled
2431,2169,1,2023-04-27,,monthly,active
2432,2170,2,2025-08-07,,annual,active
2433,2171,1,2023-05-15,,monthly,active
2434,2172,2,2024-02-21,,monthly,active
2435,2173,1,2023-04-04,,monthly,active
2436,2174,1,2024-03-29,2024-07-29,annual,cancelled
2437,2174,3,2024-08-17,,annual,active
2438,2175,1,2025-02-04,2025-10-10,monthly,cancelled
2439,2176,1,2023-01-27,2023-04-18,annual,cancelled
2440,2176,2,2023-07-29,,annual,active
2441,2177,2,2025-06-18,,annual,active
2442,2178,1,2024-03-22,2024-04-27,monthly,cancelled
2443,2178,2,2024-05-06,,monthly,active
2444,2179,1,2023-06-01,2023-02-23,monthly,cancelled
2445,2180,1,2023-11-26,,monthly,active
2446,2181,3,2025-12-03,,monthly,active
2447,2182,2,2023-11-03,2024-10-10,monthly,cancelled
2448,2183,1,2023-03-23,2023-10-03,annual,cancelled
2449,2184,2,2025-11-11,,annual,active
2450,2185,1,2023-10-06,,annual,active
2451,2186,2,2024-10-24,,annual,active
2452,2187,1,2023-06-04,,annual,active
2453,2188,1,2023-10-17,2024-04-28,monthly,cancelled
2454,2188,2,2024-03-08,,monthly,active
2455,2189,2,2023-09-16,2024-02-29,annual,cancelled
2456,2190,2,2024-01-06,,annual,active
2457,2191,2,2025-12-05,,annual,active
2458,2192,2,2025-10-27,,annual,active
2459,2193,1,2025-08-21,2025-10-22,annual,cancelled
2460,2193,2,2025-11-03,,annual,active
2461,2194,1,2024-04-29,,monthly,active
2462,2195,2,2023-11-13,2024-08-15,monthly,cancelled
2463,2195,2,2024-09-24,,monthly,active
2464,2196,2,2023-04-20,2024-06-08,monthly,cancelled
2465,2197,1,2023-12-30,,annual,active
2466,2198,1,2023-02-05,,monthly,active
2467,2199,1,2025-12-10,,monthly,active
2468,2200,3,2023-09-17,,monthly,active
2469,2201,3,2024-03-24,,annual,active
2470,2202,1,2024-05-14,2024-07-20,monthly,cancelled
2471,2202,1,2024-09-12,,monthly,active
2472,2203,1,2025-04-13,,monthly,active
2473,2204,2,2024-04-17,,monthly,active
2474,2205,2,2023-09-28,,annual,active
2475,2206,2,2025-08-19,,monthly,active
2476,2207,2,2024-06-23,2025-02-22,monthly,cancelled
2477,2208,3,2023-06-16,2023-10-31,monthly,cancelled
2478,2209,1,2025-05-05,2025-06-27,monthly,cancelled
2479,2210,1,2023-11-10,2024-12-07,monthly,cancelled
2480,2210,2,2025-02-18,,monthly,active
2481,2211,3,2024-09-07,,monthly,active
2482,2212,2,2024-04-05,2024-07-08,monthly,cancelled
2483,2213,1,2023-12-12,2025-12-31,monthly,cancelled
2484,2214,3,2023-10-09,2024-01-25,monthly,cancelled
2485,2214,3,2024-04-19,,monthly,active
2486,2215,3,2023-07-27,,monthly,active
2487,2216,1,2025-04-14,,monthly,active
2488,2217,3,2025-02-17,2025-04-08,annual,cancelled
2489,2217,1,2025-05-22,,annual,active
2490,2218,3,2025-01-08,,annual,active
2491,2219,3,2024-02-19,,monthly,active
2492,2220,3,2025-10-19,,monthly,active
2493,2221,1,2024-07-04,2025-02-06,monthly,cancelled
2494,2222,1,2024-11-18,,annual,active
2495,2223,2,2025-03-15,,monthly,active
2496,2224,1,2023-09-17,2024-04-21,monthly,cancelled
2497,2224,1,2024-05-28,,monthly,active
2498,2225,2,2025-11-06,,monthly,active
2499,2226,1,2025-02-19,,monthly,active
2500,2227,2,2023-07-10,2024-01-07,monthly,cancelled
2501,2227,2,2024-04-22,,monthly,active
2502,2228,2,2023-04-18,2024-02-24,annual,cancelled
2503,2229,3,2025-04-30,,monthly,active
2504,2230,2,2024-03-26,2024-05-28,annual,cancelled
2505,2230,2,2024-07-04,,annual,active
2506,2231,3,2025-10-12,,monthly,active
2507,2232,3,2023-07-09,2023-10-07,monthly,cancelled
2508,2233,3,2025-06-05,,monthly,active
2509,2234,2,2024-02-02,,annual,active
2510,2235,3,2024-11-30,,monthly,active
2511,2236,3,2025-03-30,2025-05-08,annual,cancelled
2512,2237,2,2025-01-01,,monthly,active
2513,2238,1,2023-03-16,2024-02-02,annual,cancelled
2514,2239,1,2024-10-16,,annual,active
2515,2240,2,2024-03-21,,monthly,active
2516,2241,1,2023-09-07,2025-06-20,monthly,cancelled
2517,2242,3,2024-01-17,,annual,active
2518,2243,2,2024-12-22,2025-02-09,monthly,cancelled
2519,2243,3,2025-05-07,,monthly,active
2520,2244,3,2024-09-04,,monthly,active
2521,2245,2,2024-03-30,2024-11-16,annual,cancelled
2522,2246,1,2025-03-24,,monthly,active
2523,2247,3,2023-09-05,,monthly,active
2524,2248,1,2023-09-13,2025-05-28,monthly,cancelled
2525,2249,2,2024-01-10,2024-02-17,monthly,cancelled
2526,2250,3,2025-12-29,,monthly,active
2527,2251,2,2024-03-19,2024-07-11,monthly,cancelled
2528,2252,1,2024-08-21,,monthly,active
2529,2253,1,2024-01-13,,monthly,active
2530,2254,1,2025-08-03,,monthly,active
2531,2255,1,2025-12-24,,annual,active
2532,2256,3,2024-04-14,,monthly,active
2533,2257,3,2024-03-26,,monthly,active
2534,2258,3,2025-08-27,,monthly,active
2535,2259,1,2024-05-29,,annual,active
2536,2260,1,2023-05-28,2023-11-28,monthly,cancelled
2537,2261,2,2025-02-08,2025-12-22,monthly,cancelled
2538,2262,1,2025-09-04,,monthly,active
2539,2263,2,2025-10-13,,monthly,active
2540,2264,1,2025-04-06,,annual,active
2541,2265,1,2025-05-23,,annual,active
2542,2266,1,2023-02-27,2023-06-29,annual,cancelled
2543,2267,1,2024-12-22,,monthly,active
2544,2268,2,2025-02-21,,annual,active
2545,2269,2,2023-10-24,2023-11-18,annual,cancelled
2546,2269,3,2024-02-13,,annual,active
2547,2270,3,2024-07-11,2025-03-15,monthly,cancelled
2548,2271,1,2023-01-03,2023-03-03,monthly,cancelled
2549,2271,2,2023-04-19,,monthly,active
2550,2272,1,2025-06-07,,monthly,active
2551,2273,3,2025-05-23,2025-07-01,monthly,cancelled
2552,2273,3,2025-08-16,,monthly,active
2553,2274,1,2024-03-27,,monthly,active
2554,2275,2,2025-06-22,2025-08-10,monthly,cancelled
2555,2276,2,2023-04-12,2024-02-22,monthly,cancelled
2556,2277,1,2025-08-05,,annual,active
2557,2278,1,2024-11-17,2025-03-26,annual,cancelled
2558,2279,2,2024-06-20,,monthly,active
2559,2280,1,2023-06-09,,monthly,active
2560,2281,2,2024-07-18,,monthly,active
2561,2282,1,2023-10-27,,monthly,active
2562,2283,2,2025-12-27,,monthly,active
2563,2284,3,2023-01-17,,monthly,active
2564,2285,1,2023-03-30,,monthly,active
2565,2286,2,2025-01-28,,monthly,active
2566,2287,1,2024-09-10,2024-11-24,monthly,cancelled
2567,2288,2,2023-04-22,2023-08-20,monthly,cancelled
2568,2289,2,2025-08-03,,annual,active
2569,2290,3,2025-08-23,,monthly,active
2570,2291,1,2025-08-01,,annual,active
2571,2292,1,2025-01-29,2025-09-02,monthly,cancelled
2572,2293,3,2023-03-10,,monthly,active
2573,2294,2,2023-08-02,,annual,active
2574,2295,2,2023-02-27,2024-04-07,monthly,cancelled
2575,2296,2,2025-02-20,,monthly,active
2576,2297,2,2025-06-16,,monthly,active
2577,2298,2,2023-04-30,2023-08-30,monthly,cancelled
2578,2299,1,2025-05-14,,monthly,active
2579,2300,2,2025-01-12,,annual,active
2580,2301,1,2024-03-17,,annual,active
2581,2302,2,2023-09-09,,annual,active
2582,2303,2,2023-10-18,,annual,active
2583,2304,1,2023-12-22,,monthly,active
2584,2305,1,2025-09-25,,monthly,active
2585,2306,2,2025-07-27,,monthly,active
2586,2307,1,2023-12-01,2024-05-12,monthly,cancelled
2587,2307,1,2024-09-03,,monthly,active
2588,2308,2,2025-04-27,2025-07-29,monthly,cancelled
2589,2309,1,2025-11-10,,monthly,active
2590,2310,1,2025-02-03,2025-02-26,monthly,cancelled
2591,2310,1,2025-04-23,,monthly,active
2592,2311,1,2023-10-31,,monthly,active
2593,2312,1,2024-12-03,2025-02-01,monthly,cancelled
2594,2312,3,2025-05-30,,monthly,active
2595,2313,1,2024-05-25,2024-06-29,monthly,cancelled
2596,2314,3,2023-06-26,,monthly,active
2597,2315,2,2025-05-01,,annual,active
2598,2316,2,2025-09-19,,monthly,active
2599,2317,1,2024-12-27,2025-11-23,annual,cancelled
2600,2318,3,2023-10-19,,annual,active
2601,2319,3,2025-08-01,,annual,active
2602,2320,1,2025-02-22,,monthly,active
2603,2321,1,2024-08-25,2025-03-23,annual,cancelled
2604,2322,2,2023-01-25,2024-04-08,monthly,cancelled
2605,2322,2,2024-05-28,,monthly,active
2606,2323,3,2024-12-16,,monthly,active
2607,2324,2,2025-03-24,,annual,active
2608,2325,1,2024-01-14,,annual,active
2609,2326,1,2025-05-06,2025-08-28,annual,cancelled
2610,2326,1,2025-10-20,,annual,active
2611,2327,2,2023-11-19,2024-07-14,annual,cancelled
2612,2327,1,2024-10-22,,annual,active
2613,2328,2,2024-10-12,2025-03-17,monthly,cancelled
2614,2328,2,2025-07-09,,monthly,active
2615,2329,1,2025-04-16,,annual,active
2616,2330,2,2023-06-05,2023-10-01,monthly,cancelled
2617,2330,1,2024-01-29,,monthly,active
2618,2331,2,2023-08-08,2024-01-23,annual,cancelled
2619,2331,1,2024-04-19,,annual,active
2620,2332,1,2023-12-05,2024-10-30,monthly,cancelled
2621,2332,3,2025-02-24,,monthly,active
2622,2333,1,2024-08-29,,monthly,active
2623,2334,2,2025-04-05,,monthly,active
2624,2335,2,2023-04-30,,annual,active
2625,2336,2,2023-12-30,,monthly,active
2626,2337,1,2025-12-02,,monthly,active
2627,2338,1,2023-09-01,2023-12-11,annual,cancelled
2628,2338,1,2024-03-24,,annual,active
2629,2339,2,2025-06-12,2025-11-20,monthly,cancelled
2630,2340,1,2024-06-02,2025-05-19,monthly,cancelled
2631,2341,2,2023-11-11,2024-02-14,monthly,cancelled
2632,2342,2,2023-11-26,2024-01-23,monthly,cancelled
2633,2343,2,2025-04-19,,monthly,active
2634,2344,1,2023-11-27,2024-04-10,monthly,cancelled
2635,2345,2,2024-10-30,2025-01-08,annual,cancelled
2636,2345,2,2025-02-20,,annual,active
2637,2346,2,2025-05-05,2025-07-16,annual,cancelled
2638,2346,2,2025-08-30,,annual,active
2639,2347,2,2025-12-29,,annual,active
2640,2348,3,2024-02-28,2024-04-08,monthly,cancelled
2641,2349,3,2025-04-14,,monthly,active
2642,2350,1,2023-08-03,,monthly,active
2643,2351,3,2024-02-16,,monthly,active
2644,2352,2,2025-02-08,,monthly,active
2645,2353,2,2025-10-06,,annual,active
2646,2354,1,2023-01-13,,monthly,active
2647,2355,1,2023-09-18,,monthly,active
2648,2356,2,2025-12-28,,annual,active
2649,2357,2,2023-11-05,,monthly,active
2650,2358,1,2024-12-25,,monthly,active
2651,2359,1,2024-12-07,2024-08-15,monthly,cancelled
2652,2360,1,2023-02-16,,annual,active
2653,2361,2,2023-09-05,,monthly,active
2654,2362,1,2024-09-20,,monthly,active
2655,2363,2,2025-11-08,,annual,active
2656,2364,1,2025-07-27,,monthly,active
2657,2365,2,2025-12-29,,annual,active
2658,2366,3,2023-12-17,,annual,active
2659,2367,1,2024-08-16,2024-11-27,annual,cancelled
2660,2367,1,2025-02-15,,annual,active
2661,2368,1,2025-01-04,,annual,active
2662,2369,1,2024-11-06,,monthly,active
2663,2370,1,2024-12-12,,annual,active
2664,2371,1,2023-04-07,2023-08-31,monthly,cancelled
2665,2372,1,2024-02-21,2024-12-20,annual,cancelled
2666,2373,2,2025-06-16,,monthly,active
2667,2374,1,2023-02-09,2023-05-09,annual,cancelled
2668,2375,1,2025-05-25,,monthly,active
2669,2376,1,2023-09-27,,monthly,active
2670,2377,1,2025-05-02,,monthly,active
2671,2378,3,2025-12-06,,monthly,active
2672,2379,2,2023-09-13,,monthly,active
2673,2380,2,2024-06-13,2024-08-04,monthly,cancelled
2674,2381,2,2025-06-14,2025-11-20,annual,cancelled
2675,2382,3,2023-06-17,2024-12-05,annual,cancelled
2676,2383,2,2023-04-26,,annual,active
2677,2384,1,2025-08-25,,monthly,active
2678,2385,2,2024-05-19,,annual,active
2679,2386,1,2023-12-15,,monthly,active
2680,2387,1,2025-09-28,,monthly,active
2681,2388,2,2025-01-13,,monthly,active
2682,2389,1,2024-03-15,,monthly,active
2683,2390,2,2023-01-09,,monthly,active
2684,2391,1,2023-03-17,2023-07-09,annual,cancelled
2685,2391,1,2023-10-06,,annual,active
2686,2392,3,2023-06-20,,monthly,active
2687,2393,1,2025-11-16,,monthly,active
2688,2394,2,2025-09-09,,monthly,active
2689,2395,2,2024-10-03,,annual,active
2690,2396,1,2025-09-15,,annual,active
2691,2397,2,2024-01-21,2024-04-03,monthly,cancelled
2692,2398,1,2025-03-25,,annual,active
2693,2399,1,2025-02-09,,monthly,active
2694,2400,1,2023-04-09,,monthly,active
2695,2401,1,2024-11-28,,monthly,active
2696,2402,1,2024-08-26,,monthly,active
2697,2403,1,2023-12-16,,annual,active
2698,2404,1,2024-12-14,2025-03-17,annual,cancelled
2699,2405,2,2025-06-22,,annual,active
2700,2406,1,2025-12-19,,monthly,active
2701,2407,2,2025-12-19,,annual,active
2702,2408,2,2025-05-21,,monthly,active
2703,2409,1,2023-03-02,2023-07-07,monthly,cancelled
2704,2409,2,2023-08-16,,monthly,active
2705,2410,2,2024-05-18,,annual,active
2706,2411,1,2023-08-12,,monthly,active
2707,2412,1,2025-05-16,2025-08-16,annual,cancelled
2708,2413,2,2023-02-12,,monthly,active
2709,2414,2,2023-10-02,,annual,active
2710,2415,1,2025-08-29,2025-10-17,monthly,cancelled
2711,2416,1,2025-12-23,,monthly,active
2712,2417,2,2023-05-05,2023-07-23,monthly,cancelled
2713,2418,1,2024-02-26,,annual,active
2714,2419,1,2024-05-17,,monthly,active
2715,2420,1,2023-07-05,,monthly,active
2716,2421,1,2024-05-05,,annual,active
2717,2422,1,2024-05-19,,annual,active
2718,2423,2,2025-07-24,,monthly,active
2719,2424,2,2024-05-25,,annual,active
2720,2425,2,2025-04-24,,annual,active
2721,2426,1,2024-11-16,,monthly,active
2722,2427,1,2023-12-09,,annual,active
2723,2428,1,2025-09-23,,monthly,active
2724,2429,1,2024-08-07,2024-12-18,monthly,cancelled
2725,2430,1,2023-04-02,,monthly,active
2726,2431,1,2025-11-01,2025-11-29,monthly,cancelled
2727,2432,2,2023-08-18,2025-02-09,annual,cancelled
2728,2432,2,2025-03-05,,annual,active
2729,2433,1,2023-09-10,,monthly,active
2730,2434,1,2024-07-08,,monthly,active
2731,2435,3,2025-11-04,,monthly,active
2732,2436,1,2025-08-04,,annual,active
2733,2437,2,2023-01-26,2023-04-11,annual,cancelled
2734,2438,1,2023-09-19,2024-02-17,monthly,cancelled
2735,2439,3,2024-04-21,,monthly,active
2736,2440,2,2024-07-26,,annual,active
2737,2441,2,2023-11-23,,monthly,active
2738,2442,3,2024-09-25,,monthly,active
2739,2443,2,2023-06-11,,annual,active
2740,2444,3,2023-06-10,2024-06-14,monthly,cancelled
2741,2445,1,2023-12-20,2024-10-30,annual,cancelled
2742,2446,3,2023-07-23,,monthly,active
2743,2447,1,2023-04-25,,annual,active
2744,2448,1,2023-10-05,,monthly,active
2745,2449,2,2025-09-01,,monthly,active
2746,2450,1,2023-02-23,,monthly,active
2747,2451,1,2023-11-25,,monthly,active
2748,2452,2,2025-03-09,,monthly,active
2749,2453,2,2024-07-26,,monthly,active
2750,2454,2,2025-08-28,2025-11-06,monthly,cancelled
2751,2455,3,2024-08-23,,annual,active
2752,2456,1,2023-10-23,,monthly,active
2753,2457,3,2024-10-07,2025-12-17,monthly,cancelled
2754,2458,1,2024-02-03,2024-05-04,monthly,cancelled
2755,2459,1,2025-04-17,2025-06-14,annual,cancelled
2756,2459,1,2025-07-29,,annual,active
2757,2460,3,2024-07-07,,annual,active
2758,2461,2,2023-08-05,2023-12-18,monthly,cancelled
2759,2461,1,2024-02-03,,monthly,active
2760,2462,2,2025-04-08,2025-09-09,monthly,cancelled
2761,2462,3,2025-11-26,,monthly,active
2762,2463,2,2025-11-18,,monthly,active
2763,2464,1,2024-09-30,2025-05-26,annual,cancelled
2764,2465,1,2023-03-08,,monthly,active
2765,2466,3,2025-12-19,,monthly,active
2766,2467,1,2024-04-16,,monthly,active
2767,2468,2,2024-04-03,2024-04-26,monthly,cancelled
2768,2469,1,2023-11-12,2025-04-28,monthly,cancelled
2769,2470,1,2024-11-04,,monthly,active
2770,2471,2,2024-05-24,2024-09-05,monthly,cancelled
2771,2472,2,2025-11-23,,annual,active
2772,2473,1,2023-02-17,,monthly,active
2773,2474,1,2025-10-09,,monthly,active
2774,2475,1,2023-02-04,2023-06-04,annual,cancelled
2775,2476,3,2025-10-09,,monthly,active
2776,2477,1,2025-08-06,,annual,active
2777,2478,1,2024-10-13,,annual,active
2778,2479,3,2023-11-04,,monthly,active
2779,2480,3,2024-10-25,,monthly,active
2780,2481,2,2024-03-08,,annual,active
2781,2482,1,2023-04-30,2025-06-15,monthly,cancelled
2782,2483,2,2023-07-07,2024-11-23,monthly,cancelled
2783,2484,1,2023-01-03,2024-03-05,monthly,cancelled
2784,2485,2,2023-06-10,2024-07-17,annual,cancelled
2785,2486,3,2024-12-06,,annual,active
2786,2487,1,2024-10-11,,annual,active
2787,2488,2,2024-09-12,,monthly,active
2788,2489,2,2024-03-24,,monthly,active
2789,2490,2,2023-06-27,2023-11-14,annual,cancelled
2790,2490,2,2024-01-27,,annual,active
2791,2491,1,2023-05-21,,annual,active
2792,2492,2,2025-06-10,2025-07-13,monthly,cancelled
2793,2492,1,2025-08-09,,monthly,active
2794,2493,2,2024-09-17,,monthly,active
2795,2494,1,2025-02-23,,monthly,active
2796,2495,1,2024-09-25,2025-02-28,monthly,cancelled
2797,2496,1,2025-12-31,,monthly,active
2798,2497,3,2024-11-01,,monthly,active
2799,2498,1,2023-11-09,,monthly,active
2800,2499,1,2025-06-24,,monthly,active
2801,2500,2,2023-11-23,,annual,active
2802,2501,2,2025-10-22,,annual,active
2803,2502,1,2024-09-21,2025-04-21,annual,cancelled
2804,2502,1,2025-07-08,,annual,active
2805,2503,1,2023-06-27,,annual,active
2806,2504,1,2023-12-19,2024-04-19,monthly,cancelled
2807,2504,1,2024-07-19,,monthly,active
2808,2505,1,2025-06-10,,monthly,active
2809,2506,3,2024-04-23,,monthly,active
2810,2507,1,2025-11-24,,annual,active
2811,2508,2,2024-12-12,2025-01-13,monthly,cancelled
2812,2508,2,2025-03-24,,monthly,active
2813,2509,1,2024-09-28,,monthly,active
2814,2510,2,2025-02-04,2025-05-04,monthly,cancelled
2815,2511,1,2025-10-31,,monthly,active
2816,2512,2,2023-04-12,2023-05-31,annual,cancelled
2817,2513,1,2023-08-28,2024-12-27,monthly,cancelled
2818,2514,2,2025-04-29,,monthly,active
2819,2515,3,2023-04-15,2023-10-26,monthly,cancelled
2820,2516,2,2025-01-16,2025-07-22,monthly,cancelled
2821,2517,1,2023-09-02,,annual,active
2822,2518,1,2025-08-23,,annual,active
2823,2519,1,2023-08-05,,monthly,active
2824,2520,3,2023-09-23,2024-12-13,monthly,cancelled
2825,2521,1,2023-09-05,,annual,active
2826,2522,2,2023-01-15,,monthly,active
2827,2523,1,2025-10-22,,annual,active
2828,2524,3,2024-03-12,,monthly,active
2829,2525,1,2025-02-22,2025-07-04,monthly,cancelled
2830,2526,2,2024-12-31,,monthly,active
2831,2527,2,2023-03-07,,monthly,active
2832,2528,2,2025-09-10,,monthly,active
2833,2529,3,2024-07-31,2025-05-28,monthly,cancelled
2834,2530,2,2024-08-22,,monthly,active
2835,2531,1,2023-02-01,,monthly,active
2836,2532,2,2025-03-05,,annual,active
2837,2533,1,2023-07-11,,annual,active
2838,2534,1,2025-10-01,,monthly,active
2839,2535,3,2024-11-21,2025-01-26,monthly,cancelled
2840,2535,1,2025-03-30,,monthly,active
2841,2536,2,2024-05-11,,monthly,active
2842,2537,1,2025-01-11,,annual,active
2843,2538,1,2023-02-08,2024-01-10,monthly,cancelled
2844,2538,1,2024-02-18,,monthly,active
2845,2539,2,2025-05-08,,monthly,active
2846,2540,2,2023-08-09,2024-05-22,annual,cancelled
2847,2541,2,2024-03-19,,monthly,active
2848,2542,1,2023-05-30,,monthly,active
2849,2543,2,2023-12-20,,annual,active
2850,2544,2,2025-11-23,,monthly,active
2851,2545,1,2024-02-28,,monthly,active
2852,2546,2,2025-01-09,,monthly,active
2853,2547,1,2023-04-17,,monthly,active
2854,2548,1,2023-12-28,,annual,active
2855,2549,2,2025-12-10,,monthly,active
2856,2550,2,2025-09-07,,monthly,active
2857,2551,1,2025-08-28,,monthly,active
2858,2552,2,2023-02-26,,monthly,active
2859,2553,2,2023-09-24,2025-01-01,monthly,cancelled
2860,2554,1,2023-06-03,,annual,active
2861,2555,1,2025-05-16,,monthly,active
2862,2556,2,2025-04-07,,monthly,active
2863,2557,1,2024-02-29,2025-01-10,monthly,cancelled
2864,2558,1,2023-07-15,2024-01-21,monthly,cancelled
2865,2558,3,2024-03-05,,monthly,active
2866,2559,1,2025-05-14,,annual,active
2867,2560,2,2025-03-30,2025-12-16,annual,cancelled
2868,2561,2,2024-02-11,2025-02-10,monthly,cancelled
2869,2562,2,2023-08-20,,annual,active
2870,2563,3,2024-03-31,2024-05-15,monthly,cancelled
2871,2563,3,2024-07-22,,monthly,active
2872,2564,2,2024-10-27,,monthly,active
2873,2565,1,2024-05-01,2024-11-28,monthly,cancelled
2874,2565,2,2025-01-24,,monthly,active
2875,2566,3,2024-09-03,,monthly,active
2876,2567,2,2025-03-20,,monthly,active
2877,2568,2,2025-09-28,,annual,active
2878,2569,1,2024-09-09,,monthly,active
2879,2570,2,2023-12-14,,monthly,active
2880,2571,1,2024-01-17,,monthly,active
2881,2572,1,2024-06-14,,monthly,active
2882,2573,2,2024-05-21,2024-06-27,monthly,cancelled
2883,2574,2,2024-09-11,,annual,active
2884,2575,1,2024-11-03,,monthly,active
2885,2576,2,2024-01-02,2024-02-11,annual,cancelled
2886,2576,2,2024-03-28,,annual,active
2887,2577,1,2025-05-23,,annual,active
2888,2578,3,2024-07-07,,monthly,active
2889,2579,2,2023-04-26,,annual,active
2890,2580,2,2024-07-23,,annual,active
2891,2581,3,2024-02-21,2024-06-27,monthly,cancelled
2892,2582,3,2023-06-05,,monthly,active
2893,2583,2,2025-08-27,,monthly,active
2894,2584,2,2023-02-22,,monthly,active
2895,2585,3,2025-12-27,,annual,active
2896,2586,3,2024-12-25,,monthly,active
2897,2587,2,2023-07-25,2023-09-09,monthly,cancelled
2898,2587,2,2023-10-24,,monthly,active
2899,2588,1,2023-10-14,2024-12-25,monthly,cancelled
2900,2589,3,2023-07-11,,monthly,active
2901,2590,2,2023-08-13,2024-11-13,monthly,cancelled
2902,2591,1,2025-06-10,2025-10-14,annual,cancelled
2903,2592,2,2025-05-30,,monthly,active
2904,2593,1,2025-06-06,,annual,active
2905,2594,2,2024-01-29,2024-02-29,monthly,cancelled
2906,2595,1,2023-10-04,,annual,active
2907,2596,1,2025-01-12,2025-05-03,monthly,cancelled
2908,2597,1,2023-12-12,2024-08-28,monthly,cancelled
2909,2598,1,2025-10-04,,annual,active
2910,2599,1,2024-01-05,,monthly,active
2911,2600,1,2024-08-11,,monthly,active
2912,2601,2,2023-03-23,,monthly,active
2913,2602,1,2025-01-09,2025-10-05,monthly,cancelled
2914,2603,1,2023-03-06,,monthly,active
2915,2604,1,2023-03-10,,monthly,active
2916,2605,1,2023-04-06,,monthly,active
2917,2606,1,2025-03-30,2025-06-03,monthly,cancelled
2918,2606,3,2025-08-12,,monthly,active
2919,2607,1,2025-03-11,2025-12-07,annual,cancelled
2920,2608,1,2025-06-08,,monthly,active
2921,2609,2,2023-08-16,2024-03-19,monthly,cancelled
2922,2610,1,2024-06-14,2025-07-12,annual,cancelled
2923,2611,2,2024-12-15,2025-02-10,monthly,cancelled
2924,2612,1,2025-06-03,2025-10-26,monthly,cancelled
2925,2613,1,2024-05-29,,annual,active
2926,2614,3,2024-02-11,2025-06-07,monthly,cancelled
2927,2615,1,2024-01-22,,monthly,active
2928,2616,1,2024-01-07,,monthly,active
2929,2617,2,2025-03-07,2025-07-15,monthly,cancelled
2930,2618,2,2025-01-27,,monthly,active
2931,2619,2,2023-12-21,,monthly,active
2932,2620,1,2024-11-25,,monthly,active
2933,2621,3,2024-07-24,,annual,active
2934,2622,1,2025-09-03,,monthly,active
2935,2623,1,2024-03-30,2024-12-25,monthly,cancelled
2936,2624,1,2023-06-18,,monthly,active
2937,2625,1,2025-08-15,,annual,active
2938,2626,1,2023-06-28,,monthly,active
2939,2627,3,2023-08-12,,monthly,active
2940,2628,2,2025-02-27,2025-04-23,monthly,cancelled
2941,2629,3,2024-11-04,,annual,active
2942,2630,2,2025-09-16,,monthly,active
2943,2631,2,2024-10-01,,monthly,active
2944,2632,2,2023-03-02,2023-09-12,annual,cancelled
2945,2632,2,2023-10-08,,annual,active
2946,2633,1,2023-06-04,2023-07-20,monthly,cancelled
2947,2634,2,2025-10-28,,monthly,active
2948,2635,1,2024-11-09,2025-04-03,monthly,cancelled
2949,2635,2,2025-07-17,,monthly,active
2950,2636,1,2025-05-15,,monthly,active
2951,2637,1,2024-02-26,2024-04-12,monthly,cancelled
2952,2638,2,2025-11-08,,monthly,active
2953,2639,3,2025-07-05,2025-11-13,monthly,cancelled
2954,2640,1,2023-01-13,,monthly,active
2955,2641,1,2023-03-03,2023-11-20,annual,cancelled
2956,2642,3,2024-01-05,,monthly,active
2957,2643,1,2025-05-07,2025-06-03,annual,cancelled
2958,2643,1,2025-07-02,,annual,active
2959,2644,1,2024-01-24,2025-06-29,monthly,cancelled
2960,2645,1,2024-05-17,,annual,active
2961,2646,1,2025-04-28,,annual,active
2962,2647,1,2023-08-22,2025-03-08,monthly,cancelled
2963,2647,2,2025-05-26,,monthly,active
2964,2648,3,2023-10-18,,annual,active
2965,2649,1,2025-01-09,,monthly,active
2966,2650,1,2024-02-21,2025-02-17,monthly,cancelled
2967,2651,2,2023-11-04,2024-01-06,monthly,cancelled
2968,2652,2,2024-10-30,,annual,active
2969,2653,1,2025-08-14,,monthly,active
2970,2654,2,2023-08-14,,annual,active
2971,2655,2,2024-05-06,2024-06-10,monthly,cancelled
2972,2656,2,2024-07-28,,annual,active
2973,2657,2,2025-04-12,,monthly,active
2974,2658,1,2023-10-20,2024-02-20,annual,cancelled
2975,2659,2,2024-04-01,2024-07-30,annual,cancelled
2976,2659,2,2024-08-16,,annual,active
2977,2660,1,2024-05-26,2025-01-21,monthly,cancelled
2978,2660,1,2025-01-03,,monthly,active
2979,2661,2,2023-09-30,2024-07-31,annual,cancelled
2980,2662,1,2024-06-07,,monthly,active
2981,2663,3,2023-03-02,2023-08-20,annual,cancelled
2982,2664,1,2025-10-17,,monthly,active
2983,2665,1,2024-04-17,2024-06-23,monthly,cancelled
2984,2665,1,2024-09-28,,monthly,active
2985,2666,2,2023-09-22,,annual,active
2986,2667,2,2024-09-06,,monthly,active
2987,2668,1,2025-03-26,,monthly,active
2988,2669,1,2025-11-02,,monthly,active
2989,2670,1,2024-03-17,2024-09-07,monthly,cancelled
2990,2671,1,2024-01-19,2024-03-05,monthly,cancelled
2991,2671,1,2024-03-18,,monthly,active
2992,2672,3,2025-12-07,,monthly,active
2993,2673,2,2023-06-23,2024-08-06,monthly,cancelled
2994,2674,2,2025-08-13,,annual,active
2995,2675,3,2024-04-09,,monthly,active
2996,2676,3,2024-02-23,2024-09-07,monthly,cancelled
2997,2676,2,2024-12-23,,monthly,active
2998,2677,1,2024-01-11,,monthly,active
2999,2678,1,2024-05-11,2024-07-07,annual,cancelled
3000,2678,2,2024-10-16,,annual,active
3001,2679,2,2023-05-03,2023-04-24,monthly,cancelled
3002,2680,2,2025-03-31,2025-10-08,monthly,cancelled
3003,2681,2,2025-04-03,,monthly,active
3004,2682,1,2025-07-07,,monthly,active
3005,2683,2,2024-08-17,2025-05-29,monthly,cancelled
3006,2684,1,2024-10-13,,monthly,active
3007,2685,2,2023-01-27,,monthly,active
3008,2686,1,2023-05-08,,monthly,active
3009,2687,1,2023-05-26,,annual,active
3010,2688,3,2024-08-24,,monthly,active
3011,2689,1,2025-02-06,,monthly,active
3012,2690,1,2023-01-11,,monthly,active
3013,2691,3,2023-11-03,2023-05-17,monthly,cancelled
3014,2691,2,2023-09-02,,monthly,active
3015,2692,3,2023-07-12,,monthly,active
3016,2693,1,2023-05-31,,monthly,active
3017,2694,3,2024-10-19,,monthly,active
3018,2695,3,2023-08-28,,monthly,active
3019,2696,1,2023-01-26,2023-04-05,monthly,cancelled
3020,2697,1,2023-11-03,2024-04-16,monthly,cancelled
3021,2698,1,2023-03-23,,monthly,active
3022,2699,1,2023-02-13,2025-02-02,annual,cancelled
3023,2700,2,2023-05-07,2023-10-14,monthly,cancelled
3024,2701,2,2024-04-29,2025-01-28,monthly,cancelled
3025,2702,2,2025-10-27,,annual,active
3026,2703,2,2023-03-29,2023-07-13,annual,cancelled
3027,2704,3,2024-03-31,,monthly,active
3028,2705,2,2024-11-17,2025-04-22,monthly,cancelled
3029,2706,1,2023-08-17,2024-08-07,monthly,cancelled
3030,2706,1,2024-09-23,,monthly,active
3031,2707,1,2024-04-07,2024-07-08,annual,cancelled
3032,2708,1,2024-08-29,,annual,active
3033,2709,1,2023-06-13,2023-09-08,monthly,cancelled
3034,2710,2,2024-07-11,2024-12-01,monthly,cancelled
3035,2710,1,2025-02-10,,monthly,active
3036,2711,2,2024-05-23,,monthly,active
3037,2712,2,2025-02-26,2025-12-06,monthly,cancelled
3038,2713,1,2025-11-24,,monthly,active
3039,2714,1,2025-06-07,2025-10-25,monthly,cancelled
3040,2715,2,2024-06-28,,monthly,active
3041,2716,1,2023-12-04,2024-09-02,monthly,cancelled
3042,2717,3,2024-11-25,,monthly,active
3043,2718,3,2024-04-18,,monthly,active
3044,2719,1,2023-03-30,2023-09-29,monthly,cancelled
3045,2720,3,2024-06-11,2025-11-30,monthly,cancelled
3046,2721,2,2024-08-07,2024-10-25,monthly,cancelled
3047,2722,1,2025-03-08,,monthly,active
3048,2723,2,2025-04-11,,monthly,active
3049,2724,1,2023-04-18,,annual,active
3050,2725,2,2023-10-13,2024-11-05,annual,cancelled
3051,2726,1,2023-02-02,,monthly,active
3052,2727,3,2024-12-02,,annual,active
3053,2728,2,2024-09-10,2025-09-28,monthly,cancelled
3054,2729,1,2023-03-06,,annual,active
3055,2730,1,2025-01-18,,monthly,active
3056,2731,3,2025-07-31,,monthly,active
3057,2732,1,2025-08-04,,annual,active
3058,2733,1,2025-10-10,,annual,active
3059,2734,1,2023-11-04,,annual,active
3060,2735,2,2024-06-27,,monthly,active
3061,2736,1,2025-06-04,,monthly,active
3062,2737,2,2024-03-06,,annual,active
3063,2738,3,2025-03-19,2025-05-21,monthly,cancelled
3064,2739,3,2025-08-27,,monthly,active
3065,2740,1,2023-10-07,,annual,active
3066,2741,2,2024-04-11,2024-05-18,monthly,cancelled
3067,2742,2,2025-12-11,,monthly,active
3068,2743,2,2024-04-07,,monthly,active
3069,2744,1,2024-02-18,,annual,active
3070,2745,2,2024-03-13,,monthly,active
3071,2746,1,2025-07-09,,monthly,active
3072,2747,3,2024-09-03,,annual,active
3073,2748,2,2023-12-03,,monthly,active
3074,2749,2,2023-03-18,,monthly,active
3075,2750,2,2025-08-27,,monthly,active
3076,2751,1,2025-05-30,,monthly,active
3077,2752,1,2024-12-31,,monthly,active
3078,2753,2,2024-02-08,2024-10-25,annual,cancelled
3079,2754,3,2025-09-19,,monthly,active
3080,2755,1,2023-12-03,2023-09-15,annual,cancelled
3081,2756,1,2023-10-20,2023-11-27,monthly,cancelled
3082,2756,1,2024-03-02,,monthly,active
3083,2757,3,2024-06-10,,annual,active
3084,2758,3,2024-05-11,2024-12-15,monthly,cancelled
3085,2758,2,2025-02-17,,monthly,active
3086,2759,1,2025-11-07,,annual,active
3087,2760,3,2024-09-14,,monthly,active
3088,2761,2,2025-10-29,,monthly,active
3089,2762,2,2024-02-24,2024-12-27,monthly,cancelled
3090,2763,1,2025-02-26,2025-08-10,annual,cancelled
3091,2764,1,2024-09-07,2024-08-31,monthly,cancelled
3092,2764,1,2024-09-11,,monthly,active
3093,2765,2,2025-03-03,2025-09-11,monthly,cancelled
3094,2766,3,2023-09-02,,monthly,active
3095,2767,1,2023-01-16,,monthly,active
3096,2768,1,2025-10-19,2025-12-03,monthly,cancelled
3097,2769,3,2023-07-24,,monthly,active
3098,2770,1,2024-11-22,,monthly,active
3099,2771,1,2023-05-27,,monthly,active
3100,2772,3,2023-05-21,2024-01-15,monthly,cancelled
3101,2773,1,2024-02-17,2024-04-23,monthly,cancelled
3102,2773,2,2024-06-16,,monthly,active
3103,2774,3,2023-03-27,,monthly,active
3104,2775,1,2024-07-02,,monthly,active
3105,2776,2,2023-04-10,,annual,active
3106,2777,2,2024-05-07,,monthly,active
3107,2778,1,2023-04-10,,annual,active
3108,2779,2,2025-12-14,,monthly,active
3109,2780,1,2024-04-09,,monthly,active
3110,2781,1,2024-11-20,,monthly,active
3111,2782,2,2024-07-07,2024-11-03,monthly,cancelled
3112,2783,1,2024-11-11,,annual,active
3113,2784,1,2023-07-17,,monthly,active
3114,2785,2,2023-08-21,,monthly,active
3115,2786,2,2024-10-17,2025-02-05,monthly,cancelled
3116,2786,1,2025-02-28,,monthly,active
3117,2787,1,2023-11-22,2023-12-13,annual,cancelled
3118,2787,3,2024-04-04,,annual,active
3119,2788,1,2025-10-02,,annual,active
3120,2789,1,2023-07-22,2023-09-08,annual,cancelled
3121,2790,1,2023-06-27,2023-09-29,monthly,cancelled
3122,2790,1,2024-01-21,,monthly,active
3123,2791,2,2024-08-26,,annual,active
3124,2792,2,2025-05-10,,monthly,active
3125,2793,2,2023-11-07,2024-05-11,monthly,cancelled
3126,2794,2,2024-10-09,,annual,active
3127,2795,3,2025-08-12,,monthly,active
3128,2796,2,2024-10-04,,monthly,active
3129,2797,2,2024-03-06,,annual,active
3130,2798,1,2025-01-26,2025-07-02,monthly,cancelled
3131,2798,2,2025-08-20,,monthly,active
3132,2799,1,2025-11-01,,annual,active
3133,2800,2,2025-03-27,,monthly,active
3134,2801,1,2024-11-14,,annual,active
3135,2802,2,2025-11-12,,monthly,active
3136,2803,3,2023-03-17,,monthly,active
3137,2804,2,2025-04-03,,monthly,active
3138,2805,3,2025-07-19,,monthly,active
3139,2806,1,2025-11-28,,monthly,active
3140,2807,1,2025-09-24,,monthly,active
3141,2808,2,2024-11-27,2025-10-07,annual,cancelled
3142,2809,3,2025-10-12,,annual,active
3143,2810,1,2024-06-23,,monthly,active
3144,2811,2,2025-09-16,,annual,active
3145,2812,3,2023-04-11,,monthly,active
3146,2813,1,2023-06-02,,annual,active
3147,2814,2,2024-04-20,,monthly,active
3148,2815,2,2025-04-23,,monthly,active
3149,2816,3,2025-05-25,,monthly,active
3150,2817,1,2024-03-23,2025-04-20,monthly,cancelled
3151,2818,2,2023-10-29,,monthly,active
3152,2819,2,2023-01-07,,annual,active
3153,2820,1,2024-04-09,2024-05-18,monthly,cancelled
3154,2821,2,2024-05-21,,monthly,active
3155,2822,1,2025-08-22,,annual,active
3156,2823,2,2025-09-24,,monthly,active
3157,2824,2,2023-01-27,,monthly,active
3158,2825,2,2024-08-10,2024-10-05,monthly,cancelled
3159,2826,2,2023-04-30,,annual,active
3160,2827,1,2023-09-14,,monthly,active
3161,2828,2,2023-11-07,,monthly,active
3162,2829,2,2024-01-19,,monthly,active
3163,2830,1,2025-04-30,,monthly,active
3164,2831,3,2023-12-23,2024-03-28,monthly,cancelled
3165,2832,1,2024-07-04,,monthly,active
3166,2833,1,2025-12-05,,monthly,active
3167,2834,1,2023-11-03,2024-01-08,annual,cancelled
3168,2835,2,2024-05-17,2024-11-28,monthly,cancelled
3169,2836,1,2023-10-14,,monthly,active
3170,2837,2,2025-02-16,2025-11-04,monthly,cancelled
3171,2838,2,2024-11-16,,monthly,active
3172,2839,1,2023-07-09,,annual,active
3173,2840,1,2024-11-16,,monthly,active
3174,2841,3,2024-07-06,,annual,active
3175,2842,1,2025-08-18,,monthly,active
3176,2843,1,2025-04-02,,monthly,active
3177,2844,3,2025-12-13,,annual,active
3178,2845,1,2024-07-08,2025-02-19,monthly,cancelled
3179,2846,2,2025-10-25,,monthly,active
3180,2847,1,2023-06-22,2023-07-24,monthly,cancelled
3181,2848,2,2023-01-31,2023-06-04,annual,cancelled
3182,2849,2,2025-05-16,2025-12-07,annual,cancelled
3183,2850,1,2024-10-02,,monthly,active
3184,2851,1,2023-01-26,,annual,active
3185,2852,2,2024-11-17,,monthly,active
3186,2853,3,2023-07-16,,annual,active
3187,2854,2,2024-10-16,,monthly,active
3188,2855,2,2024-02-26,2024-04-18,annual,cancelled
3189,2856,2,2024-04-20,,annual,active
3190,2857,3,2023-07-15,2023-11-25,monthly,cancelled
3191,2858,2,2025-12-30,,monthly,active
3192,2859,2,2023-08-28,,monthly,active
3193,2860,1,2023-09-16,2023-11-04,annual,cancelled
3194,2861,1,2023-11-01,2024-03-31,annual,cancelled
3195,2862,1,2024-12-31,,annual,active
3196,2863,1,2023-12-30,,monthly,active
3197,2864,2,2025-02-24,2025-04-06,annual,cancelled
3198,2864,3,2025-06-27,,annual,active
3199,2865,1,2023-11-19,,annual,active
3200,2866,2,2024-06-29,2025-02-15,monthly,cancelled
3201,2867,3,2024-07-08,,annual,active
3202,2868,2,2023-09-18,,annual,active
3203,2869,1,2025-03-06,2025-09-17,monthly,cancelled
3204,2869,1,2025-10-26,,monthly,active
3205,2870,2,2025-05-06,,monthly,active
3206,2871,1,2025-04-21,,monthly,active
3207,2872,1,2025-03-16,,monthly,active
3208,2873,1,2023-06-08,2023-08-30,monthly,cancelled
3209,2874,1,2025-03-08,,monthly,active
3210,2875,1,2023-12-07,,annual,active
3211,2876,1,2023-09-02,,annual,active
3212,2877,2,2024-07-08,,monthly,active
3213,2878,1,2024-07-23,,monthly,active
3214,2879,1,2024-12-06,2025-01-22,monthly,cancelled
3215,2879,2,2025-02-12,,monthly,active
3216,2880,1,2023-01-24,,monthly,active
3217,2881,1,2024-01-07,2024-02-12,monthly,cancelled
3218,2881,1,2024-06-06,,monthly,active
3219,2882,3,2025-07-13,,annual,active
3220,2883,1,2023-03-09,2024-01-27,monthly,cancelled
3221,2884,1,2024-11-07,,monthly,active
3222,2885,1,2024-03-17,,monthly,active
3223,2886,1,2025-12-28,,monthly,active
3224,2887,3,2023-05-26,2025-04-15,monthly,cancelled
3225,2888,1,2023-08-01,2023-09-12,annual,cancelled
3226,2889,2,2024-09-30,2025-02-13,monthly,cancelled
3227,2889,3,2025-03-25,,monthly,active
3228,2890,1,2025-07-04,,monthly,active
3229,2891,3,2023-07-09,2024-07-29,monthly,cancelled
3230,2892,2,2023-11-16,2025-04-20,monthly,cancelled
3231,2893,2,2025-09-21,,monthly,active
3232,2894,1,2025-11-09,,monthly,active
3233,2895,1,2023-07-20,,annual,active
3234,2896,1,2023-09-01,,monthly,active
3235,2897,1,2025-12-28,,annual,active
3236,2898,3,2024-03-12,,monthly,active
3237,2899,1,2023-05-27,2023-08-17,monthly,cancelled
3238,2899,2,2023-10-12,,monthly,active
3239,2900,2,2025-02-15,,annual,active
3240,2901,1,2023-04-09,2024-06-16,monthly,cancelled
3241,2902,1,2024-01-15,2024-02-16,monthly,cancelled
3242,2902,2,2024-05-11,,monthly,active
3243,2903,2,2025-10-14,,monthly,active
3244,2904,1,2025-08-13,,monthly,active
3245,2905,1,2025-11-03,,monthly,active
3246,2906,1,2025-06-05,,monthly,active
3247,2907,3,2023-10-26,2024-07-26,monthly,cancelled
3248,2907,3,2024-09-20,,monthly,active
3249,2908,1,2025-10-01,2025-07-03,monthly,cancelled
3250,2909,3,2024-08-25,,monthly,active
3251,2910,2,2025-08-11,,monthly,active
3252,2911,2,2023-11-01,,monthly,active
3253,2912,2,2025-09-22,,monthly,active
3254,2913,1,2023-10-14,,monthly,active
3255,2914,2,2025-08-22,,monthly,active
3256,2915,2,2023-07-08,,annual,active
3257,2916,2,2023-08-25,2024-03-21,monthly,cancelled
3258,2917,2,2023-10-26,2024-05-30,monthly,cancelled
3259,2917,2,2024-07-15,,monthly,active
3260,2918,1,2024-08-15,2024-10-04,monthly,cancelled
3261,2919,2,2025-12-09,,monthly,active
3262,2920,1,2024-08-12,,monthly,active
3263,2921,2,2025-11-11,2025-12-25,monthly,cancelled
3264,2922,1,2023-09-21,2023-12-28,monthly,cancelled
3265,2923,2,2024-12-06,,annual,active
3266,2924,3,2023-10-26,2023-12-11,monthly,cancelled
3267,2924,2,2024-04-03,,monthly,active
3268,2925,1,2025-04-04,,annual,active
3269,2926,2,2024-09-18,,monthly,active
3270,2927,2,2025-05-30,,monthly,active
3271,2928,2,2023-04-10,2023-07-08,annual,cancelled
3272,2929,1,2023-06-19,2025-12-28,monthly,cancelled
3273,2930,1,2024-09-04,2024-11-24,monthly,cancelled
3274,2930,1,2025-02-23,,monthly,active
3275,2931,2,2025-09-07,2025-10-27,monthly,cancelled
3276,2931,1,2025-11-07,,monthly,active
3277,2932,1,2025-07-30,,annual,active
3278,2933,3,2024-05-07,,monthly,active
3279,2934,1,2023-06-13,,annual,active
3280,2935,1,2023-08-10,,monthly,active
3281,2936,1,2025-02-14,2025-11-29,annual,cancelled
3282,2937,2,2024-11-23,,annual,active
3283,2938,2,2025-12-11,,annual,active
3284,2939,1,2025-06-25,,monthly,active
3285,2940,1,2025-04-14,2025-09-02,monthly,cancelled
3286,2940,1,2025-09-18,,monthly,active
3287,2941,2,2025-02-22,2025-09-20,annual,cancelled
3288,2942,3,2023-09-03,,monthly,active
3289,2943,1,2023-01-16,,annual,active
3290,2944,2,2024-03-09,2024-06-09,monthly,cancelled
3291,2945,1,2024-12-01,,monthly,active
3292,2946,2,2024-07-29,,monthly,active
3293,2947,1,2023-10-20,,monthly,active
3294,2948,2,2023-06-19,2025-12-18,annual,cancelled
3295,2949,1,2024-08-16,,monthly,active
3296,2950,1,2024-06-02,,monthly,active
3297,2951,2,2025-11-05,,monthly,active
3298,2952,1,2023-11-24,2024-05-19,monthly,cancelled
3299,2952,2,2024-08-21,,monthly,active
3300,2953,1,2023-05-03,,annual,active
3301,2954,1,2025-05-25,,monthly,active
3302,2955,3,2023-05-27,,monthly,active
3303,2956,1,2023-06-21,,monthly,active
3304,2957,1,2025-07-17,2025-10-08,annual,cancelled
3305,2958,1,2023-05-30,2024-03-28,monthly,cancelled
3306,2959,3,2023-09-17,2023-11-03,monthly,cancelled
3307,2960,1,2025-10-14,2025-11-20,annual,cancelled
3308,2961,2,2023-03-26,,annual,active
3309,2962,2,2025-05-26,2025-07-29,annual,cancelled
3310,2962,2,2025-08-28,,annual,active
3311,2963,2,2023-11-05,,monthly,active
3312,2964,3,2025-09-28,,monthly,active
3313,2965,2,2024-06-16,,monthly,active
3314,2966,2,2024-12-08,2025-03-31,annual,cancelled
3315,2966,1,2025-05-28,,annual,active
3316,2967,3,2023-09-23,,monthly,active
3317,2968,3,2025-05-13,,monthly,active
3318,2969,1,2024-10-16,2025-09-22,monthly,cancelled
3319,2970,3,2023-09-26,,annual,active
3320,2971,3,2024-08-22,2025-08-12,annual,cancelled
3321,2972,1,2025-06-10,,monthly,active
3322,2973,1,2025-07-28,,annual,active
3323,2974,1,2024-05-12,,monthly,active
3324,2975,1,2025-09-26,,annual,active
3325,2976,1,2025-05-23,,annual,active
3326,2977,1,2025-11-26,,monthly,active
3327,2978,3,2025-05-16,,annual,active
3328,2979,2,2025-10-18,,annual,active
3329,2980,3,2024-08-08,2025-01-18,monthly,cancelled
3330,2981,2,2023-04-17,2023-08-26,monthly,cancelled
3331,2982,1,2025-05-02,2025-06-26,annual,cancelled
3332,2983,2,2025-12-03,,annual,active
3333,2984,2,2024-03-19,,monthly,active
3334,2985,1,2023-05-06,2023-06-14,monthly,cancelled
3335,2986,1,2024-07-11,2025-12-07,monthly,cancelled
3336,2987,1,2024-10-16,2025-06-10,monthly,cancelled
3337,2988,2,2025-02-20,,monthly,active
3338,2989,2,2023-11-13,,monthly,active
3339,2990,2,2025-11-06,,monthly,active
3340,2991,1,2025-02-28,,monthly,active
3341,2992,3,2025-02-09,2025-05-26,monthly,cancelled
3342,2992,3,2025-07-12,,monthly,active
3343,2993,2,2024-12-31,2025-12-06,monthly,cancelled
3344,2994,1,2025-01-16,2025-05-16,monthly,cancelled
3345,2994,3,2025-06-09,,monthly,active
3346,2995,1,2025-03-30,,monthly,active
3347,2996,1,2024-07-11,,monthly,active
3348,2997,2,2023-01-14,,annual,active
3349,2998,2,2025-05-30,,monthly,active
3350,2999,1,2023-05-06,2024-10-13,annual,cancelled
3351,3000,2,2023-01-10,,monthly,active
3352,3001,1,2025-07-24,,monthly,active
3353,3002,2,2025-07-22,,monthly,active
3354,3003,1,2025-09-11,,annual,active
3355,3004,1,2023-10-27,,annual,active
3356,3005,1,2025-09-28,,monthly,active
3357,3006,2,2025-07-04,,annual,active
3358,3007,1,2023-08-10,2024-01-11,monthly,cancelled
3359,3007,1,2024-03-11,,monthly,active
3360,3008,2,2024-08-29,,monthly,active
3361,3009,1,2023-02-02,2023-04-29,monthly,cancelled
3362,3010,1,2025-01-16,,monthly,active
3363,3011,3,2023-05-06,2024-02-24,annual,cancelled
3364,3012,2,2025-09-06,,monthly,active
3365,3013,2,2023-03-18,,monthly,active
3366,3014,2,2025-10-29,,monthly,active
3367,3015,2,2025-07-22,,monthly,active
3368,3016,1,2024-01-18,2024-08-23,monthly,cancelled
3369,3016,1,2024-09-26,,monthly,active
3370,3017,2,2025-04-03,,annual,active
3371,3018,1,2023-10-12,2024-02-11,monthly,cancelled
3372,3019,3,2024-06-24,2025-05-21,monthly,cancelled
3373,3020,2,2023-03-12,2024-03-25,monthly,cancelled
3374,3020,2,2024-04-07,,monthly,active
3375,3021,1,2024-09-14,2024-11-02,monthly,cancelled
3376,3021,1,2025-02-16,,monthly,active
3377,3022,1,2024-07-27,2024-10-30,monthly,cancelled
3378,3023,2,2024-02-10,,monthly,active
3379,3024,2,2023-01-27,2023-03-17,monthly,cancelled
3380,3024,1,2023-04-20,,monthly,active
3381,3025,1,2025-03-12,,monthly,active
3382,3026,2,2024-11-18,,monthly,active
3383,3027,2,2024-04-16,,monthly,active
3384,3028,2,2025-03-17,,annual,active
3385,3029,1,2025-05-28,,monthly,active
3386,3030,2,2024-09-06,,monthly,active
3387,3031,3,2023-03-16,2023-07-15,monthly,cancelled
3388,3031,3,2023-07-26,,monthly,active
3389,3032,3,2025-10-15,,annual,active
3390,3033,1,2024-09-23,,monthly,active
3391,3034,1,2023-01-08,,annual,active
3392,3035,1,2025-12-23,,monthly,active
3393,3036,1,2023-11-27,,annual,active
3394,3037,1,2024-02-03,,monthly,active
3395,3038,2,2025-08-07,,annual,active
3396,3039,2,2025-09-03,,monthly,active
3397,3040,2,2024-01-20,,monthly,active
3398,3041,1,2023-09-13,,monthly,active
3399,3042,2,2023-05-24,,annual,active
3400,3043,3,2025-12-30,,monthly,active
3401,3044,1,2023-03-31,2023-10-20,annual,cancelled
3402,3045,2,2025-10-03,,monthly,active
3403,3046,2,2024-02-06,,monthly,active
3404,3047,1,2023-03-15,,monthly,active
3405,3048,1,2023-11-28,2024-07-30,annual,cancelled
3406,3049,1,2023-01-28,2023-03-15,annual,cancelled
3407,3049,2,2023-05-24,,annual,active
3408,3050,2,2025-05-17,,monthly,active
3409,3051,2,2023-02-20,2023-07-19,monthly,cancelled
3410,3052,2,2025-04-15,,annual,active
3411,3053,1,2024-09-14,,monthly,active
3412,3054,1,2025-05-07,,monthly,active
3413,3055,2,2024-04-13,2024-07-23,monthly,cancelled
3414,3056,1,2024-03-18,2024-09-14,monthly,cancelled
3415,3056,2,2024-11-23,,monthly,active
3416,3057,1,2025-08-26,,monthly,active
3417,3058,2,2024-03-23,,annual,active
3418,3059,1,2023-03-06,,monthly,active
3419,3060,1,2023-12-25,2024-04-27,monthly,cancelled
3420,3061,2,2023-12-19,,monthly,active
3421,3062,1,2023-10-18,2024-11-07,monthly,cancelled
3422,3063,1,2023-01-10,2023-03-14,monthly,cancelled
3423,3064,2,2023-09-29,,annual,active
3424,3065,2,2024-09-30,2025-03-24,annual,cancelled
3425,3066,3,2024-04-21,2024-07-24,annual,cancelled
3426,3067,2,2023-08-17,,monthly,active
3427,3068,2,2025-01-08,,monthly,active
3428,3069,2,2023-08-16,,annual,active
3429,3070,1,2023-06-14,2023-07-15,monthly,cancelled
3430,3070,1,2023-11-01,,monthly,active
3431,3071,1,2023-12-07,2023-09-24,monthly,cancelled
3432,3072,2,2025-07-18,,annual,active
3433,3073,1,2024-05-21,2024-12-13,annual,cancelled
3434,3074,3,2025-06-02,2025-04-28,monthly,cancelled
3435,3074,3,2025-08-20,,monthly,active
3436,3075,2,2023-12-22,2025-03-19,monthly,cancelled
3437,3076,1,2023-02-05,2023-08-14,monthly,cancelled
3438,3076,2,2023-09-28,,monthly,active
3439,3077,2,2024-11-19,2025-01-20,monthly,cancelled
3440,3077,2,2025-01-30,,monthly,active
3441,3078,3,2023-10-20,2024-04-01,annual,cancelled
3442,3078,1,2024-05-01,,annual,active
3443,3079,3,2023-12-21,,annual,active
3444,3080,1,2023-05-07,,monthly,active
3445,3081,2,2023-05-04,,annual,active
3446,3082,3,2025-08-23,,monthly,active
3447,3083,2,2024-08-22,,annual,active
3448,3084,1,2024-09-04,,annual,active
3449,3085,2,2023-11-18,2024-10-07,annual,cancelled
3450,3086,2,2023-10-29,,monthly,active
3451,3087,2,2023-05-12,2023-06-28,monthly,cancelled
3452,3087,3,2023-07-14,,monthly,active
3453,3088,2,2023-04-20,2023-07-03,monthly,cancelled
3454,3089,1,2025-03-24,,monthly,active
3455,3090,3,2023-08-22,2023-09-29,monthly,cancelled
3456,3091,3,2024-12-10,2025-09-26,monthly,cancelled
3457,3092,1,2024-12-10,2025-04-13,annual,cancelled
3458,3092,1,2025-06-26,,annual,active
3459,3093,1,2024-05-14,,monthly,active
3460,3094,1,2023-12-15,2024-06-16,monthly,cancelled
3461,3095,2,2024-07-11,,monthly,active
3462,3096,1,2023-05-21,2024-03-14,monthly,cancelled
3463,3096,1,2024-07-04,,monthly,active
3464,3097,2,2023-09-28,,monthly,active
3465,3098,2,2023-05-04,,annual,active
3466,3099,2,2023-12-22,,annual,active
3467,3100,1,2024-03-31,,monthly,active
3468,3101,2,2025-09-07,,annual,active
3469,3102,1,2025-09-14,,monthly,active
3470,3103,1,2023-01-19,2024-03-17,monthly,cancelled
3471,3104,2,2025-12-27,,monthly,active
3472,3105,1,2023-06-14,,monthly,active
3473,3106,1,2023-10-18,,annual,active
3474,3107,1,2023-06-10,,monthly,active
3475,3108,2,2024-05-07,2025-01-03,annual,cancelled
3476,3109,1,2024-03-24,,monthly,active
3477,3110,2,2024-09-08,2025-06-29,monthly,cancelled
3478,3110,3,2025-09-17,,monthly,active
3479,3111,1,2024-09-10,,monthly,active
3480,3112,2,2024-08-30,2024-11-23,monthly,cancelled
3481,3113,1,2023-07-29,,annual,active
3482,3114,3,2024-06-20,2024-08-17,annual,cancelled
3483,3115,2,2023-02-14,2023-05-30,monthly,cancelled
3484,3116,2,2025-09-23,2025-11-06,monthly,cancelled
3485,3117,1,2024-06-01,2024-08-04,monthly,cancelled
3486,3118,3,2025-09-15,,monthly,active
3487,3119,1,2025-11-02,,annual,active
3488,3120,1,2024-07-29,,monthly,active
3489,3121,2,2023-04-20,2023-05-29,monthly,cancelled
3490,3122,3,2024-08-06,2024-08-08,monthly,cancelled
3491,3123,2,2023-08-15,2024-02-05,annual,cancelled
3492,3124,2,2025-12-30,,annual,active
3493,3125,2,2025-12-04,,monthly,active
3494,3126,2,2024-12-22,,annual,active
3495,3127,1,2024-03-22,,monthly,active
3496,3128,1,2025-03-13,,monthly,active
3497,3129,2,2025-10-20,,annual,active
3498,3130,2,2024-03-02,,monthly,active
3499,3131,1,2023-03-04,2023-09-19,monthly,cancelled
3500,3132,1,2024-08-28,,monthly,active
3501,3133,1,2023-11-09,,monthly,active
3502,3134,1,2024-01-12,2024-02-21,monthly,cancelled
3503,3135,3,2024-06-04,2024-08-11,monthly,cancelled
3504,3136,1,2024-01-20,,monthly,active
3505,3137,2,2024-01-03,,monthly,active
3506,3138,1,2024-11-05,2025-10-16,monthly,cancelled
3507,3138,1,2025-12-18,,monthly,active
3508,3139,1,2023-04-05,,annual,active
3509,3140,2,2023-03-07,2023-04-07,monthly,cancelled
3510,3141,3,2024-11-04,,monthly,active
3511,3142,2,2024-03-17,2025-07-04,annual,cancelled
3512,3142,3,2025-10-14,,annual,active
3513,3143,1,2025-07-09,,monthly,active
3514,3144,2,2023-12-16,,monthly,active
3515,3145,1,2025-04-23,,monthly,active
3516,3146,1,2023-07-24,,monthly,active
3517,3147,1,2023-11-19,,annual,active
3518,3148,1,2023-06-07,,monthly,active
3519,3149,1,2023-01-17,2023-10-18,monthly,cancelled
3520,3150,3,2023-05-14,,monthly,active
3521,3151,2,2023-07-11,,monthly,active
3522,3152,2,2023-05-25,,monthly,active
3523,3153,1,2023-12-26,2025-05-24,annual,cancelled
3524,3154,2,2023-12-21,2024-06-13,monthly,cancelled
3525,3155,1,2023-05-14,,monthly,active
3526,3156,1,2024-09-17,2025-01-23,annual,cancelled
3527,3156,1,2025-04-14,,annual,active
3528,3157,3,2025-11-15,,monthly,active
3529,3158,2,2024-03-03,2024-09-03,monthly,cancelled
3530,3158,1,2024-10-08,,monthly,active
3531,3159,1,2023-03-18,,monthly,active
3532,3160,3,2025-02-24,,monthly,active
3533,3161,1,2023-02-14,,monthly,active
3534,3162,1,2023-01-17,2023-03-24,monthly,cancelled
3535,3163,2,2024-10-22,,monthly,active
3536,3164,3,2023-10-01,2023-02-16,monthly,cancelled
3537,3165,2,2024-06-08,2024-12-02,monthly,cancelled
3538,3166,1,2025-07-24,,monthly,active
3539,3167,3,2023-04-16,,annual,active
3540,3168,2,2025-12-08,,monthly,active
3541,3169,2,2025-04-01,2025-03-29,monthly,cancelled
3542,3170,2,2025-02-26,,annual,active
3543,3171,2,2025-01-23,,monthly,active
3544,3172,2,2024-10-25,,monthly,active
3545,3173,1,2023-04-04,,monthly,active
3546,3174,2,2024-11-09,,monthly,active
3547,3175,3,2024-10-24,,annual,active
3548,3176,3,2025-11-19,,monthly,active
3549,3177,2,2023-04-17,,monthly,active
3550,3178,3,2023-10-17,2024-08-10,monthly,cancelled
3551,3179,2,2025-10-28,,monthly,active
3552,3180,2,2025-08-30,2025-10-22,monthly,cancelled
3553,3181,2,2024-06-03,,monthly,active
3554,3182,1,2024-05-15,,monthly,active
3555,3183,1,2023-07-01,,annual,active
3556,3184,1,2024-09-09,,monthly,active
3557,3185,3,2024-05-16,,monthly,active
3558,3186,2,2025-12-10,,monthly,active
3559,3187,1,2023-10-11,2024-08-03,monthly,cancelled
3560,3188,2,2024-05-06,,monthly,active
3561,3189,1,2025-10-09,,monthly,active
3562,3190,3,2024-10-11,,monthly,active
3563,3191,2,2023-04-06,,monthly,active
3564,3192,3,2024-05-10,2025-10-08,monthly,cancelled
3565,3193,1,2025-01-18,,monthly,active
3566,3194,2,2023-03-07,,monthly,active
3567,3195,1,2023-06-11,,monthly,active
3568,3196,2,2023-06-11,2023-07-30,monthly,cancelled
3569,3196,3,2023-09-28,,monthly,active
3570,3197,1,2023-06-27,2024-01-09,monthly,cancelled
3571,3197,2,2024-03-20,,monthly,active
3572,3198,1,2025-02-04,,monthly,active
3573,3199,1,2025-12-11,,annual,active
3574,3200,2,2023-10-29,,monthly,active
3575,3201,1,2023-04-02,2024-07-12,monthly,cancelled
3576,3202,1,2024-01-05,2025-04-03,monthly,cancelled
3577,3202,1,2025-07-23,,monthly,active
3578,3203,1,2024-05-10,,monthly,active
3579,3204,1,2023-06-30,,annual,active
3580,3205,2,2024-06-02,2025-04-03,monthly,cancelled
3581,3206,2,2023-01-06,,monthly,active
3582,3207,1,2025-10-30,,monthly,active
3583,3208,1,2025-09-08,,monthly,active
3584,3209,1,2023-01-18,,monthly,active
3585,3210,3,2023-06-10,,monthly,active
3586,3211,1,2023-01-09,,monthly,active
3587,3212,1,2024-09-13,,monthly,active
3588,3213,2,2025-02-10,2025-10-28,monthly,cancelled
3589,3214,2,2025-12-26,,annual,active
3590,3215,2,2025-12-27,,annual,active
3591,3216,1,2023-07-30,2024-03-18,monthly,cancelled
3592,3217,1,2023-07-28,,monthly,active
3593,3218,2,2024-08-28,2024-10-04,monthly,cancelled
3594,3219,1,2023-05-09,,monthly,active
3595,3220,1,2023-07-24,2025-05-25,annual,cancelled
3596,3221,2,2024-10-16,2025-08-22,monthly,cancelled
3597,3222,2,2023-03-09,,annual,active
3598,3223,1,2024-11-29,2025-06-06,annual,cancelled
3599,3223,1,2025-09-05,,annual,active
3600,3224,3,2025-02-22,2025-05-21,monthly,cancelled
3601,3225,2,2023-02-10,2023-08-10,monthly,cancelled
3602,3225,2,2023-08-31,,monthly,active
3603,3226,1,2025-10-19,,monthly,active
3604,3227,3,2025-12-19,,monthly,active
3605,3228,2,2024-08-12,2025-02-03,monthly,cancelled
3606,3229,1,2025-07-22,,annual,active
3607,3230,1,2024-11-26,,monthly,active
3608,3231,2,2024-12-17,2025-06-15,monthly,cancelled
3609,3231,1,2025-07-05,,monthly,active
3610,3232,3,2023-02-17,,monthly,active
3611,3233,1,2024-12-08,,annual,active
3612,3234,2,2024-09-07,,annual,active
3613,3235,1,2024-06-10,,monthly,active
3614,3236,2,2024-02-23,2024-03-21,annual,cancelled
3615,3236,2,2024-05-01,,annual,active
3616,3237,2,2025-11-20,,monthly,active
3617,3238,1,2023-01-06,,annual,active
3618,3239,3,2023-06-30,,monthly,active
3619,3240,1,2024-07-21,,annual,active
3620,3241,1,2024-02-29,,annual,active
3621,3242,3,2023-12-12,,monthly,active
3622,3243,1,2025-01-10,,monthly,active
3623,3244,2,2025-08-29,,annual,active
3624,3245,1,2025-10-07,,annual,active
3625,3246,1,2025-04-27,,monthly,active
3626,3247,1,2023-11-22,2024-10-13,monthly,cancelled
3627,3247,1,2025-12-01,,monthly,active
3628,3248,1,2024-05-17,2025-01-20,monthly,cancelled
3629,3248,1,2025-03-26,,monthly,active
3630,3249,3,2025-05-15,,monthly,active
3631,3250,3,2025-09-09,,monthly,active
3632,3251,1,2024-04-18,,annual,active
3633,3252,3,2024-11-06,2025-06-15,monthly,cancelled
3634,3252,2,2025-08-22,,monthly,active
3635,3253,2,2024-07-20,,monthly,active
3636,3254,2,2025-05-27,,monthly,active
3637,3255,1,2024-04-03,,annual,active
3638,3256,2,2024-09-28,2025-01-03,annual,cancelled
3639,3256,3,2025-01-30,,annual,active
3640,3257,1,2023-04-13,2023-07-01,monthly,cancelled
3641,3257,1,2023-10-17,,monthly,active
3642,3258,2,2024-01-28,,monthly,active
3643,3259,2,2023-10-24,2024-08-13,monthly,cancelled
3644,3260,1,2023-12-09,2025-02-06,monthly,cancelled
3645,3261,2,2023-06-19,,monthly,active
3646,3262,1,2023-11-01,2024-11-09,monthly,cancelled
3647,3263,2,2025-03-30,,monthly,active
3648,3264,1,2024-12-07,,annual,active
3649,3265,1,2025-05-04,2025-10-18,annual,cancelled
3650,3266,1,2023-05-09,,monthly,active
3651,3267,1,2025-10-23,,monthly,active
3652,3268,3,2024-05-18,,annual,active
3653,3269,1,2025-03-02,2025-12-02,annual,cancelled
3654,3270,2,2024-08-13,2024-09-21,monthly,cancelled
3655,3270,1,2024-12-27,,monthly,active
3656,3271,1,2023-06-18,2024-01-22,monthly,cancelled
3657,3272,2,2025-01-28,,annual,active
3658,3273,1,2024-11-25,2024-12-15,monthly,cancelled
3659,3273,1,2025-12-01,,monthly,active
3660,3274,2,2025-11-25,,monthly,active
3661,3275,2,2024-10-15,2025-03-03,annual,cancelled
3662,3276,1,2024-03-06,,monthly,active
3663,3277,3,2024-11-19,2025-04-19,monthly,cancelled
3664,3278,2,2023-04-21,2024-03-01,monthly,cancelled
3665,3279,2,2025-07-08,,annual,active
3666,3280,3,2025-07-20,,annual,active
3667,3281,1,2024-06-21,,monthly,active
3668,3282,1,2025-01-04,2025-09-20,monthly,cancelled
3669,3283,1,2025-12-29,,monthly,active
3670,3284,2,2025-01-21,,annual,active
3671,3285,2,2025-09-26,,monthly,active
3672,3286,2,2024-06-21,2024-09-24,monthly,cancelled
3673,3287,1,2024-09-10,2024-12-09,monthly,cancelled
3674,3287,2,2025-02-28,,monthly,active
3675,3288,2,2024-05-06,2024-08-05,monthly,cancelled
3676,3289,3,2024-12-16,,monthly,active
3677,3290,2,2025-02-02,2025-03-22,monthly,cancelled
3678,3291,2,2025-07-31,,annual,active
3679,3292,1,2025-02-23,2025-11-01,monthly,cancelled
3680,3293,1,2025-12-19,,monthly,active
3681,3294,3,2024-04-29,2024-10-10,monthly,cancelled
3682,3294,2,2025-01-31,,monthly,active
3683,3295,2,2024-02-10,2024-08-07,monthly,cancelled
3684,3296,1,2025-04-14,2025-07-14,monthly,cancelled
3685,3296,1,2025-10-17,,monthly,active
3686,3297,1,2024-03-13,2025-08-02,annual,cancelled
3687,3298,1,2023-04-07,2023-10-29,monthly,cancelled
3688,3299,1,2025-04-06,,monthly,active
3689,3300,1,2024-07-02,2025-01-04,monthly,cancelled
3690,3301,3,2024-12-04,,annual,active
3691,3302,3,2025-11-17,,monthly,active
3692,3303,1,2024-06-25,,monthly,active
3693,3304,3,2023-01-07,2023-02-12,monthly,cancelled
3694,3305,2,2024-10-22,,monthly,active
3695,3306,3,2023-10-28,2024-03-06,monthly,cancelled
3696,3307,1,2024-07-12,,monthly,active
3697,3308,1,2023-08-13,2023-11-12,monthly,cancelled
3698,3308,2,2024-02-08,,monthly,active
3699,3309,2,2025-07-10,,annual,active
3700,3310,2,2024-03-19,2024-08-16,annual,cancelled
3701,3310,3,2024-09-05,,annual,active
3702,3311,3,2025-10-14,,monthly,active
3703,3312,1,2024-11-02,,monthly,active
3704,3313,2,2025-03-08,,monthly,active
3705,3314,2,2023-04-05,2023-09-12,monthly,cancelled
3706,3314,1,2023-12-21,,monthly,active
3707,3315,1,2025-10-08,,annual,active
3708,3316,2,2025-02-05,,monthly,active
3709,3317,1,2023-07-30,2024-06-27,monthly,cancelled
3710,3318,2,2024-11-03,,monthly,active
3711,3319,3,2024-04-17,,annual,active
3712,3320,3,2023-02-01,2025-03-19,monthly,cancelled
3713,3321,2,2023-05-22,2023-06-25,monthly,cancelled
3714,3322,1,2023-01-23,,monthly,active
3715,3323,3,2023-11-10,2024-01-01,monthly,cancelled
3716,3323,1,2024-02-10,,monthly,active
3717,3324,1,2023-02-21,2023-03-14,monthly,cancelled
3718,3324,1,2023-05-01,,monthly,active
3719,3325,2,2024-02-12,,annual,active
3720,3326,1,2023-09-01,,monthly,active
3721,3327,1,2024-03-06,,annual,active
3722,3328,2,2023-06-16,2023-12-09,monthly,cancelled
3723,3328,1,2024-01-09,,monthly,active
3724,3329,1,2025-01-22,,monthly,active
3725,3330,1,2025-07-18,,monthly,active
3726,3331,1,2025-04-21,,monthly,active
3727,3332,1,2023-01-10,,monthly,active
3728,3333,1,2025-02-27,,monthly,active
3729,3334,1,2023-05-05,2023-07-05,monthly,cancelled
3730,3334,2,2023-07-09,,monthly,active
3731,3335,2,2024-04-22,,monthly,active
3732,3336,2,2025-05-10,,monthly,active
3733,3337,2,2024-11-27,,monthly,active
3734,3338,2,2024-03-20,2024-05-03,monthly,cancelled
3735,3339,2,2025-09-17,,annual,active
3736,3340,3,2024-09-04,,annual,active
3737,3341,1,2025-03-14,2025-07-25,monthly,cancelled
3738,3342,2,2025-11-14,,monthly,active
3739,3343,3,2024-07-03,2025-01-08,monthly,cancelled
3740,3344,1,2025-12-18,,monthly,active
3741,3345,1,2023-05-19,2023-09-06,monthly,cancelled
3742,3346,2,2025-06-21,,annual,active
3743,3347,2,2023-10-23,,monthly,active
3744,3348,3,2023-04-23,,monthly,active
3745,3349,1,2025-04-13,,annual,active
3746,3350,2,2023-04-17,2023-08-13,monthly,cancelled
3747,3351,2,2023-02-26,,monthly,active
3748,3352,2,2023-05-01,,annual,active
3749,3353,1,2024-09-17,,monthly,active
3750,3354,2,2024-06-26,2025-08-19,annual,cancelled
3751,3355,1,2024-05-17,,annual,active
3752,3356,2,2024-12-17,2025-05-02,monthly,cancelled
3753,3356,3,2025-06-30,,monthly,active
3754,3357,3,2024-09-11,,annual,active
3755,3358,2,2025-03-23,2025-07-20,annual,cancelled
3756,3359,2,2023-06-03,2024-02-14,annual,cancelled
3757,3360,3,2024-03-03,,monthly,active
3758,3361,3,2023-11-23,2024-06-18,annual,cancelled
3759,3361,2,2024-07-08,,annual,active
3760,3362,2,2024-09-26,,monthly,active
3761,3363,2,2024-09-26,,monthly,active
3762,3364,1,2024-10-25,,annual,active
3763,3365,2,2023-10-29,,monthly,active
3764,3366,1,2024-10-07,,monthly,active
3765,3367,1,2025-11-04,2025-06-17,annual,cancelled
3766,3367,2,2025-10-13,,annual,active
3767,3368,1,2025-07-05,,monthly,active
3768,3369,1,2024-08-21,,monthly,active
3769,3370,2,2023-10-18,,monthly,active
3770,3371,2,2024-06-15,,monthly,active
3771,3372,2,2025-10-21,,annual,active
3772,3373,1,2025-06-04,,monthly,active
3773,3374,2,2023-05-31,,monthly,active
3774,3375,2,2023-02-11,2023-07-19,monthly,cancelled
3775,3376,1,2024-11-28,,monthly,active
3776,3377,2,2023-06-08,,monthly,active
3777,3378,1,2025-08-13,2025-09-21,monthly,cancelled
3778,3378,1,2025-12-08,,monthly,active
3779,3379,2,2025-08-15,2025-10-31,monthly,cancelled
3780,3380,2,2023-05-24,2024-03-23,monthly,cancelled
3781,3381,2,2025-08-06,2025-07-28,monthly,cancelled
3782,3381,1,2025-08-11,,monthly,active
3783,3382,1,2024-02-09,,monthly,active
3784,3383,1,2025-11-01,,annual,active
3785,3384,2,2023-11-17,2024-06-12,monthly,cancelled
3786,3385,2,2024-08-23,2025-07-15,annual,cancelled
3787,3386,2,2023-05-15,,annual,active
3788,3387,3,2025-02-21,2025-04-19,monthly,cancelled
3789,3388,1,2024-03-28,2024-11-14,monthly,cancelled
3790,3389,1,2023-07-25,,monthly,active
3791,3390,2,2024-01-09,2024-04-19,monthly,cancelled
3792,3391,1,2023-01-24,,annual,active
3793,3392,3,2025-12-16,,monthly,active
3794,3393,2,2024-10-23,,monthly,active
3795,3394,2,2024-12-23,,monthly,active
3796,3395,1,2024-04-28,2024-08-25,annual,cancelled
3797,3395,1,2024-12-17,,annual,active
3798,3396,3,2025-04-06,,annual,active
3799,3397,1,2025-10-27,,annual,active
3800,3398,1,2023-12-27,,monthly,active
3801,3399,1,2025-01-14,2025-10-06,annual,cancelled
3802,3399,3,2025-10-19,,annual,active
3803,3400,1,2023-09-02,2024-01-19,monthly,cancelled
3804,3400,1,2024-04-19,,monthly,active
3805,3401,1,2024-12-11,2024-12-22,monthly,cancelled
3806,3402,1,2024-03-29,,monthly,active
3807,3403,1,2025-05-16,,annual,active
3808,3404,1,2024-01-26,2024-10-22,monthly,cancelled
3809,3405,2,2025-03-29,,monthly,active
3810,3406,3,2025-01-18,,monthly,active
3811,3407,1,2023-04-18,2023-12-24,monthly,cancelled
3812,3408,1,2024-09-17,,monthly,active
3813,3409,2,2025-11-11,,monthly,active
3814,3410,3,2024-12-08,,monthly,active
3815,3411,2,2023-05-21,,monthly,active
3816,3412,2,2025-03-14,,monthly,active
3817,3413,1,2024-05-18,,monthly,active
3818,3414,3,2025-01-16,,monthly,active
3819,3415,1,2024-10-02,,annual,active
3820,3416,1,2025-10-05,,annual,active
3821,3417,3,2023-02-19,,monthly,active
3822,3418,1,2025-05-05,,annual,active
3823,3419,2,2025-10-22,,monthly,active
3824,3420,1,2024-05-12,,monthly,active
3825,3421,3,2025-05-11,,annual,active
3826,3422,2,2023-11-25,,monthly,active
3827,3423,1,2023-01-04,,annual,active
3828,3424,2,2025-07-27,2025-10-27,monthly,cancelled
3829,3425,3,2023-04-12,2023-07-08,monthly,cancelled
3830,3426,2,2024-12-10,,monthly,active
3831,3427,1,2024-06-23,,monthly,active
3832,3428,2,2024-11-22,2025-08-05,monthly,cancelled
3833,3429,1,2025-04-03,,monthly,active
3834,3430,2,2024-03-05,2024-06-12,monthly,cancelled
3835,3430,2,2024-07-25,,monthly,active
3836,3431,2,2024-05-06,,annual,active
3837,3432,1,2025-12-09,,monthly,active
3838,3433,2,2023-01-26,,monthly,active
3839,3434,1,2024-11-21,,monthly,active
3840,3435,2,2024-03-03,2025-06-15,monthly,cancelled
3841,3436,1,2023-07-19,2024-07-18,monthly,cancelled
3842,3436,2,2024-08-13,,monthly,active
3843,3437,1,2023-02-26,2023-05-22,monthly,cancelled
3844,3437,1,2023-05-09,,monthly,active
3845,3438,1,2023-02-06,2023-05-11,annual,cancelled
3846,3439,3,2025-04-26,,annual,active
3847,3440,1,2023-11-18,,annual,active
3848,3441,1,2024-05-26,,annual,active
3849,3442,2,2023-07-29,,monthly,active
3850,3443,3,2025-11-23,,monthly,active
3851,3444,2,2025-04-04,2025-07-20,monthly,cancelled
3852,3445,2,2025-12-15,,monthly,active
3853,3446,1,2023-06-19,2023-09-29,monthly,cancelled
3854,3446,1,2023-11-18,,monthly,active
3855,3447,1,2023-01-31,2023-11-21,annual,cancelled
3856,3448,2,2024-01-27,,monthly,active
3857,3449,1,2023-05-31,,monthly,active
3858,3450,2,2023-09-07,2023-10-31,monthly,cancelled
3859,3451,3,2023-02-20,2023-11-11,monthly,cancelled
3860,3452,1,2023-09-14,2024-03-06,monthly,cancelled
3861,3453,1,2025-09-22,,monthly,active
3862,3454,1,2024-07-29,,annual,active
3863,3455,1,2023-06-25,2023-08-11,annual,cancelled
3864,3455,2,2023-11-25,,annual,active
3865,3456,2,2023-03-20,2024-03-04,monthly,cancelled
3866,3457,2,2025-07-17,,monthly,active
3867,3458,2,2024-06-21,2025-11-09,monthly,cancelled
3868,3459,1,2025-07-26,2025-10-22,monthly,cancelled
3869,3460,1,2024-03-31,,monthly,active
3870,3461,1,2024-05-20,,monthly,active
3871,3462,1,2024-09-07,,monthly,active
3872,3463,1,2023-04-04,,monthly,active
3873,3464,3,2024-11-11,,monthly,active
3874,3465,1,2023-02-13,,monthly,active
3875,3466,2,2025-11-28,,annual,active
3876,3467,3,2023-02-21,,monthly,active
3877,3468,1,2025-09-11,,annual,active
3878,3469,2,2023-08-15,2023-09-07,annual,cancelled
3879,3469,3,2023-12-20,,annual,active
3880,3470,1,2024-07-23,2025-04-25,annual,cancelled
3881,3471,1,2024-11-15,2025-04-24,annual,cancelled
3882,3471,2,2025-05-05,,annual,active
3883,3472,2,2025-04-13,,annual,active
3884,3473,2,2024-03-08,,monthly,active
3885,3474,1,2025-02-26,2025-10-03,annual,cancelled
3886,3475,1,2025-07-23,,monthly,active
3887,3476,1,2023-11-13,2024-01-11,monthly,cancelled
3888,3476,1,2024-04-19,,monthly,active
3889,3477,2,2024-12-15,,monthly,active
3890,3478,2,2025-05-03,,monthly,active
3891,3479,3,2023-09-12,,monthly,active
3892,3480,2,2025-01-15,2025-06-12,monthly,cancelled
3893,3481,2,2023-06-09,,monthly,active
3894,3482,1,2024-06-22,,annual,active
3895,3483,1,2024-11-02,,annual,active
3896,3484,2,2025-08-31,,annual,active
3897,3485,1,2025-01-11,,monthly,active
3898,3486,2,2025-03-08,,monthly,active
3899,3487,1,2023-04-24,,annual,active
3900,3488,2,2024-05-31,,monthly,active
3901,3489,2,2023-04-07,,annual,active
3902,3490,2,2023-04-15,,monthly,active
3903,3491,1,2024-03-22,2024-10-02,monthly,cancelled
3904,3492,3,2025-04-25,,monthly,active
3905,3493,2,2023-05-28,2023-08-01,annual,cancelled
3906,3494,2,2025-12-13,,monthly,active
3907,3495,2,2024-02-04,2024-09-03,monthly,cancelled
3908,3496,2,2025-11-03,,annual,active
3909,3497,2,2024-05-14,2024-12-09,annual,cancelled
3910,3497,1,2025-01-26,,annual,active
3911,3498,2,2023-10-14,2024-08-21,monthly,cancelled
3912,3499,2,2023-12-25,,monthly,active
3913,3500,2,2024-01-17,2024-03-19,monthly,cancelled
3914,3501,1,2024-05-23,,monthly,active
3915,3502,1,2023-06-02,2023-07-28,annual,cancelled
3916,3503,2,2023-02-20,2024-01-25,monthly,cancelled
3917,3504,2,2025-06-03,,monthly,active
3918,3505,2,2023-07-20,2024-03-13,monthly,cancelled
3919,3506,1,2025-04-24,2025-07-01,monthly,cancelled
3920,3506,1,2025-09-02,,monthly,active
3921,3507,2,2025-11-07,,monthly,active
3922,3508,2,2025-09-29,2025-10-31,annual,cancelled
3923,3509,3,2025-09-28,2025-11-18,annual,cancelled
3924,3510,2,2024-07-05,,monthly,active
3925,3511,2,2023-01-25,2024-01-16,monthly,cancelled
3926,3511,2,2024-03-02,,monthly,active
3927,3512,3,2023-07-31,2023-09-20,monthly,cancelled
3928,3512,1,2023-11-26,,monthly,active
3929,3513,1,2023-03-29,,annual,active
3930,3514,2,2024-01-06,2024-05-08,annual,cancelled
3931,3515,2,2025-08-24,,monthly,active
3932,3516,2,2024-12-24,,monthly,active
3933,3517,2,2025-08-07,,monthly,active
3934,3518,2,2025-09-30,,monthly,active
3935,3519,1,2024-12-24,,annual,active
3936,3520,1,2024-09-13,2024-11-10,monthly,cancelled
3937,3520,2,2024-12-26,,monthly,active
3938,3521,2,2023-01-27,2023-04-22,monthly,cancelled
3939,3521,1,2023-06-15,,monthly,active
3940,3522,2,2023-01-06,2023-02-22,monthly,cancelled
3941,3523,3,2024-08-11,,monthly,active
3942,3524,3,2023-03-03,,monthly,active
3943,3525,3,2025-02-28,2025-07-07,monthly,cancelled
3944,3525,2,2025-11-01,,monthly,active
3945,3526,1,2025-04-02,,monthly,active
3946,3527,3,2023-09-01,2023-02-08,annual,cancelled
3947,3527,1,2023-04-27,,annual,active
3948,3528,1,2025-09-30,,monthly,active
3949,3529,2,2024-08-28,2024-11-29,monthly,cancelled
3950,3530,1,2025-01-05,2025-08-09,annual,cancelled
3951,3531,1,2023-11-24,,monthly,active
3952,3532,2,2025-07-22,,monthly,active
3953,3533,2,2025-10-14,,annual,active
3954,3534,1,2023-07-08,,monthly,active
3955,3535,2,2024-07-01,,monthly,active
3956,3536,1,2024-07-19,,annual,active
3957,3537,3,2025-05-11,,annual,active
3958,3538,2,2023-09-26,,annual,active
3959,3539,3,2025-01-16,,monthly,active
3960,3540,1,2025-10-12,,monthly,active
3961,3541,3,2023-02-07,,annual,active
3962,3542,2,2023-08-02,,monthly,active
3963,3543,3,2023-03-21,,monthly,active
3964,3544,2,2024-02-17,2024-05-05,monthly,cancelled
3965,3544,1,2024-07-14,,monthly,active
3966,3545,1,2023-05-25,,monthly,active
3967,3546,1,2024-07-29,,monthly,active
3968,3547,1,2025-08-13,2025-12-18,monthly,cancelled
3969,3548,1,2024-03-08,2024-12-28,monthly,cancelled
3970,3549,3,2025-11-17,,monthly,active
3971,3550,2,2024-06-12,,monthly,active
3972,3551,1,2023-01-18,2023-11-04,monthly,cancelled
3973,3552,1,2025-05-08,,monthly,active
3974,3553,2,2025-07-14,,monthly,active
3975,3554,1,2024-08-06,,monthly,active
3976,3555,1,2024-06-14,,monthly,active
3977,3556,3,2025-08-04,,monthly,active
3978,3557,1,2025-10-14,,monthly,active
3979,3558,3,2024-09-19,,monthly,active
3980,3559,2,2025-12-08,,monthly,active
3981,3560,2,2023-01-06,2024-01-03,monthly,cancelled
3982,3560,2,2024-03-12,,monthly,active
3983,3561,1,2024-08-01,,monthly,active
3984,3562,2,2023-03-30,2023-09-26,monthly,cancelled
3985,3563,1,2025-07-28,,annual,active
3986,3564,2,2024-06-21,2024-07-20,monthly,cancelled
3987,3564,1,2024-11-17,,monthly,active
3988,3565,1,2024-08-21,,monthly,active
3989,3566,2,2025-07-13,,monthly,active
3990,3567,1,2023-05-31,2025-07-27,monthly,cancelled
3991,3568,3,2025-03-13,,monthly,active
3992,3569,2,2025-09-05,2025-11-20,monthly,cancelled
3993,3570,3,2023-07-31,,monthly,active
3994,3571,2,2023-02-24,,annual,active
3995,3572,1,2025-01-29,,monthly,active
3996,3573,2,2024-11-12,,monthly,active
3997,3574,1,2024-04-20,2025-02-25,monthly,cancelled
3998,3575,2,2023-03-14,,monthly,active
3999,3576,3,2025-05-18,2025-08-09,annual,cancelled
4000,3577,3,2025-02-06,,monthly,active
4001,3578,3,2023-02-18,,monthly,active
4002,3579,1,2024-01-06,,monthly,active
4003,3580,1,2024-09-01,2025-01-14,annual,cancelled
4004,3580,2,2025-04-02,,annual,active
4005,3581,1,2023-11-19,,monthly,active
4006,3582,2,2023-02-20,,annual,active
4007,3583,1,2023-10-25,2023-12-18,monthly,cancelled
4008,3584,2,2024-08-08,,monthly,active
4009,3585,1,2023-10-25,,monthly,active
4010,3586,2,2025-05-13,2025-11-02,annual,cancelled
4011,3587,1,2023-10-09,,monthly,active
4012,3588,2,2025-05-23,,monthly,active
4013,3589,1,2023-12-29,,monthly,active
4014,3590,1,2023-01-29,,monthly,active
4015,3591,3,2023-04-19,,monthly,active
4016,3592,2,2024-09-19,,monthly,active
4017,3593,2,2023-05-26,2023-10-05,monthly,cancelled
4018,3594,1,2023-02-06,,monthly,active
4019,3595,2,2024-02-17,,monthly,active
4020,3596,1,2023-12-05,2024-09-22,monthly,cancelled
4021,3597,1,2023-10-01,,monthly,active
4022,3598,2,2023-06-02,,monthly,active
4023,3599,1,2023-01-06,,annual,active
4024,3600,2,2025-01-21,,monthly,active
4025,3601,1,2023-04-30,,monthly,active
4026,3602,1,2023-07-11,2024-07-22,monthly,cancelled
4027,3602,1,2024-11-04,,monthly,active
4028,3603,3,2023-04-15,,monthly,active
4029,3604,1,2023-01-25,2024-11-13,annual,cancelled
4030,3605,1,2024-04-15,2024-06-14,monthly,cancelled
4031,3605,2,2024-06-28,,monthly,active
4032,3606,2,2025-01-16,2025-06-17,monthly,cancelled
4033,3607,2,2025-05-14,2025-07-22,monthly,cancelled
4034,3608,2,2024-12-10,,annual,active
4035,3609,1,2023-04-26,,monthly,active
4036,3610,1,2025-01-20,,monthly,active
4037,3611,2,2025-03-20,,annual,active
4038,3612,2,2023-01-10,2024-10-29,monthly,cancelled
4039,3613,2,2025-01-13,2025-05-29,annual,cancelled
4040,3613,1,2025-07-20,,annual,active
4041,3614,1,2025-11-21,,annual,active
4042,3615,2,2024-12-29,2025-10-21,annual,cancelled
4043,3616,3,2025-02-04,2025-08-29,monthly,cancelled
4044,3617,3,2023-07-05,2023-12-18,annual,cancelled
4045,3617,1,2024-03-15,,annual,active
4046,3618,2,2025-04-20,2025-05-24,monthly,cancelled
4047,3618,2,2025-06-20,,monthly,active
4048,3619,2,2023-06-06,,monthly,active
4049,3620,2,2024-11-02,,monthly,active
4050,3621,1,2025-07-05,,annual,active
4051,3622,1,2024-08-30,2024-10-09,monthly,cancelled
4052,3622,1,2024-12-09,,monthly,active
4053,3623,2,2023-10-16,,monthly,active
4054,3624,1,2024-07-27,,monthly,active
4055,3625,2,2024-05-31,,monthly,active
4056,3626,1,2025-10-19,,monthly,active
4057,3627,1,2025-10-28,,monthly,active
4058,3628,1,2024-08-23,,annual,active
4059,3629,3,2023-08-25,2024-04-29,monthly,cancelled
4060,3629,3,2024-05-25,,monthly,active
4061,3630,2,2024-11-03,,monthly,active
4062,3631,1,2024-05-29,2024-12-20,monthly,cancelled
4063,3631,1,2025-01-02,,monthly,active
4064,3632,3,2024-09-08,,monthly,active
4065,3633,2,2025-07-01,,monthly,active
4066,3634,1,2025-08-11,2025-09-05,monthly,cancelled
4067,3634,2,2025-09-19,,monthly,active
4068,3635,1,2025-02-14,2025-04-29,annual,cancelled
4069,3635,2,2025-07-11,,annual,active
4070,3636,3,2025-06-20,,annual,active
4071,3637,1,2023-11-28,,monthly,active
4072,3638,1,2023-09-24,2024-01-05,monthly,cancelled
4073,3639,3,2023-08-04,2023-08-23,annual,cancelled
4074,3640,2,2024-09-11,2024-12-31,monthly,cancelled
4075,3641,2,2023-12-05,2025-10-28,monthly,cancelled
4076,3642,1,2025-06-05,,monthly,active
4077,3643,2,2023-12-26,2024-03-09,annual,cancelled
4078,3643,2,2024-04-06,,annual,active
4079,3644,3,2024-03-11,,monthly,active
4080,3645,1,2025-07-31,,monthly,active
4081,3646,3,2025-06-04,2025-09-07,annual,cancelled
4082,3646,2,2025-02-10,,annual,active
4083,3647,2,2025-03-08,,monthly,active
4084,3648,2,2025-02-14,,monthly,active
4085,3649,1,2024-07-04,,monthly,active
4086,3650,1,2024-12-11,2025-06-01,monthly,cancelled
4087,3651,1,2025-05-20,,monthly,active
4088,3652,1,2023-04-25,,annual,active
4089,3653,2,2025-08-04,,monthly,active
4090,3654,1,2023-02-16,2023-09-08,monthly,cancelled
4091,3655,3,2024-08-17,,annual,active
4092,3656,1,2025-07-27,,monthly,active
4093,3657,1,2024-08-07,,monthly,active
4094,3658,3,2024-08-31,2025-10-02,monthly,cancelled
4095,3659,1,2024-02-29,,monthly,active
4096,3660,1,2024-12-22,2025-07-04,monthly,cancelled
4097,3661,3,2024-06-20,,annual,active
4098,3662,1,2025-09-26,,monthly,active
4099,3663,2,2024-04-06,,annual,active
4100,3664,1,2025-10-18,,monthly,active
4101,3665,2,2024-10-18,2025-08-19,monthly,cancelled
4102,3665,2,2025-10-16,,monthly,active
4103,3666,1,2024-03-23,,monthly,active
4104,3667,3,2025-02-10,2025-12-27,monthly,cancelled
4105,3668,1,2025-01-23,,monthly,active
4106,3669,3,2025-01-29,,monthly,active
4107,3670,1,2023-02-10,2023-11-30,monthly,cancelled
4108,3671,1,2023-02-06,,monthly,active
4109,3672,1,2025-01-21,,monthly,active
4110,3673,2,2025-03-18,,monthly,active
4111,3674,1,2025-10-03,,monthly,active
4112,3675,1,2023-05-10,2024-04-09,annual,cancelled
4113,3675,1,2024-08-06,,annual,active
4114,3676,3,2024-06-09,,annual,active
4115,3677,3,2023-12-12,2025-05-11,monthly,cancelled
4116,3678,1,2024-04-23,,monthly,active
4117,3679,1,2023-03-21,2024-05-17,monthly,cancelled
4118,3680,2,2023-02-25,2023-11-06,monthly,cancelled
4119,3680,1,2024-03-03,,monthly,active
4120,3681,3,2024-04-29,,monthly,active
4121,3682,1,2024-02-22,2024-05-06,monthly,cancelled
4122,3682,2,2024-06-08,,monthly,active
4123,3683,1,2024-03-14,,annual,active
4124,3684,2,2023-06-28,2023-08-17,monthly,cancelled
4125,3685,3,2023-06-26,,monthly,active
4126,3686,2,2023-03-12,,monthly,active
4127,3687,2,2024-10-09,2024-12-16,monthly,cancelled
4128,3687,1,2025-03-24,,monthly,active
4129,3688,2,2024-03-20,,monthly,active
4130,3689,3,2024-04-23,2024-07-07,annual,cancelled
4131,3690,2,2025-09-18,,annual,active
4132,3691,1,2025-09-08,,monthly,active
4133,3692,2,2024-05-24,2024-10-02,monthly,cancelled
4134,3693,2,2025-11-03,,annual,active
4135,3694,1,2023-11-08,2024-08-09,annual,cancelled
4136,3695,3,2025-10-15,,monthly,active
4137,3696,3,2023-05-03,2024-07-20,monthly,cancelled
4138,3697,1,2025-03-08,,annual,active
4139,3698,2,2023-10-08,2023-12-11,annual,cancelled
4140,3699,1,2025-12-06,,monthly,active
4141,3700,2,2025-05-11,,monthly,active
4142,3701,2,2024-08-23,,monthly,active
4143,3702,2,2023-11-01,2024-10-16,monthly,cancelled
4144,3703,2,2025-04-02,2025-08-13,monthly,cancelled
4145,3704,2,2025-11-05,,monthly,active
4146,3705,2,2025-05-27,,annual,active
4147,3706,2,2023-10-25,,monthly,active
4148,3707,2,2025-11-28,,monthly,active
4149,3708,2,2023-07-21,,monthly,active
4150,3709,3,2024-12-07,,monthly,active
4151,3710,2,2023-01-10,,monthly,active
4152,3711,2,2023-08-19,2024-08-30,annual,cancelled
4153,3712,1,2023-08-31,,annual,active
4154,3713,2,2025-03-29,,monthly,active
4155,3714,1,2024-06-12,,monthly,active
4156,3715,1,2025-10-20,,monthly,active
4157,3716,3,2024-07-29,,monthly,active
4158,3717,1,2023-01-15,,monthly,active
4159,3718,3,2024-03-27,,monthly,active
4160,3719,2,2025-06-30,2025-09-14,annual,cancelled
4161,3720,1,2024-10-27,2025-05-12,monthly,cancelled
4162,3721,1,2025-12-04,,monthly,active
4163,3722,2,2023-09-02,,monthly,active
4164,3723,1,2025-07-08,,annual,active
4165,3724,2,2024-11-17,2024-12-30,monthly,cancelled
4166,3724,3,2025-04-17,,monthly,active
4167,3725,1,2025-05-26,,monthly,active
4168,3726,3,2024-12-25,2025-05-13,monthly,cancelled
4169,3727,1,2025-07-04,2025-08-19,monthly,cancelled
4170,3728,3,2024-10-03,2024-04-15,monthly,cancelled
4171,3729,1,2023-07-06,2023-09-08,annual,cancelled
4172,3730,1,2023-09-14,,annual,active
4173,3731,3,2023-03-25,,monthly,active
4174,3732,2,2024-08-13,,annual,active
4175,3733,2,2023-11-03,,monthly,active
4176,3734,3,2025-05-01,,monthly,active
4177,3735,2,2025-04-29,,monthly,active
4178,3736,2,2024-11-30,,monthly,active
4179,3737,3,2023-05-30,,monthly,active
4180,3738,2,2023-06-05,2024-01-12,annual,cancelled
4181,3739,1,2023-05-04,2025-08-21,monthly,cancelled
4182,3740,2,2024-03-11,,annual,active
4183,3741,2,2024-05-08,,monthly,active
4184,3742,1,2025-08-18,,monthly,active
4185,3743,1,2023-11-18,,monthly,active
4186,3744,1,2025-09-16,,annual,active
4187,3745,2,2025-05-31,,monthly,active
4188,3746,1,2024-09-21,2025-01-18,monthly,cancelled
4189,3747,1,2025-08-25,2025-12-28,monthly,cancelled
4190,3748,1,2025-09-25,,monthly,active
4191,3749,1,2024-04-05,,monthly,active
4192,3750,1,2024-07-13,,monthly,active
4193,3751,3,2025-06-20,,monthly,active
4194,3752,1,2024-07-04,2024-08-29,monthly,cancelled
4195,3753,1,2023-07-03,,monthly,active
4196,3754,3,2023-08-01,,monthly,active
4197,3755,1,2024-01-16,2024-07-07,monthly,cancelled
4198,3755,2,2024-08-31,,monthly,active
4199,3756,1,2024-07-06,,monthly,active
4200,3757,3,2025-08-03,,monthly,active
4201,3758,1,2025-06-05,,monthly,active
4202,3759,2,2024-12-02,,monthly,active
4203,3760,1,2024-03-05,,monthly,active
4204,3761,1,2024-04-17,,monthly,active
4205,3762,2,2025-08-11,,monthly,active
4206,3763,1,2023-07-28,,monthly,active
4207,3764,2,2023-10-19,,monthly,active
4208,3765,1,2024-01-27,,monthly,active
4209,3766,1,2025-03-27,2025-09-07,monthly,cancelled
4210,3766,1,2025-11-19,,monthly,active
4211,3767,1,2025-06-19,,monthly,active
4212,3768,1,2025-02-28,2025-04-13,monthly,cancelled
4213,3768,1,2025-05-16,,monthly,active
4214,3769,1,2024-09-21,,monthly,active
4215,3770,2,2025-10-06,2025-07-25,monthly,cancelled
4216,3771,2,2025-05-12,,monthly,active
4217,3772,1,2023-03-19,,annual,active
4218,3773,2,2025-02-01,,monthly,active
4219,3774,2,2023-06-15,,monthly,active
4220,3775,1,2023-03-17,2023-11-19,monthly,cancelled
4221,3775,2,2024-11-02,,monthly,active
4222,3776,2,2025-12-25,,monthly,active
4223,3777,2,2024-04-18,2024-08-08,annual,cancelled
4224,3777,2,2024-11-16,,annual,active
4225,3778,2,2024-12-22,2025-02-04,monthly,cancelled
4226,3779,2,2024-11-04,,monthly,active
4227,3780,3,2024-10-18,2024-12-01,monthly,cancelled
4228,3781,3,2023-04-30,2024-03-10,monthly,cancelled
4229,3782,3,2025-08-15,,monthly,active
4230,3783,1,2025-08-02,,annual,active
4231,3784,1,2024-07-02,2024-09-01,monthly,cancelled
4232,3784,1,2024-11-29,,monthly,active
4233,3785,1,2023-11-09,,monthly,active
4234,3786,1,2023-11-12,,monthly,active
4235,3787,1,2025-01-01,,monthly,active
4236,3788,2,2023-02-17,2023-04-24,monthly,cancelled
4237,3789,1,2023-08-09,,monthly,active
4238,3790,2,2024-06-06,,monthly,active
4239,3791,3,2024-10-28,2024-12-28,monthly,cancelled
4240,3792,1,2024-01-27,,annual,active
4241,3793,1,2025-06-30,,monthly,active
4242,3794,1,2025-10-27,,monthly,active
4243,3795,1,2024-07-28,,monthly,active
4244,3796,1,2025-03-01,2025-05-14,monthly,cancelled
4245,3796,3,2025-06-25,,monthly,active
4246,3797,1,2024-12-29,2025-02-22,annual,cancelled
4247,3798,1,2025-05-09,2025-11-21,monthly,cancelled
4248,3798,2,2025-12-25,,monthly,active
4249,3799,1,2024-06-15,2024-07-30,monthly,cancelled
4250,3800,1,2023-12-30,,monthly,active
4251,3801,2,2025-04-17,2025-11-03,monthly,cancelled
4252,3802,2,2023-09-09,,monthly,active
4253,3803,3,2025-04-01,,monthly,active
4254,3804,1,2023-12-09,,monthly,active
4255,3805,2,2023-05-21,,annual,active
4256,3806,2,2025-02-27,,annual,active
4257,3807,1,2025-04-02,2025-12-30,annual,cancelled
4258,3808,3,2025-04-23,,monthly,active
4259,3809,1,2024-09-29,2025-06-15,monthly,cancelled
4260,3810,2,2025-05-15,2025-07-28,monthly,cancelled
4261,3810,2,2025-09-26,,monthly,active
4262,3811,1,2024-12-23,2025-09-13,monthly,cancelled
4263,3812,1,2024-03-12,,annual,active
4264,3813,2,2025-02-28,2025-07-10,monthly,cancelled
4265,3813,1,2025-07-25,,monthly,active
4266,3814,2,2025-04-28,,monthly,active
4267,3815,1,2023-05-31,,annual,active
4268,3816,3,2023-06-17,,monthly,active
4269,3817,2,2024-03-29,2024-09-08,monthly,cancelled
4270,3818,1,2023-05-02,2023-07-04,monthly,cancelled
4271,3819,1,2025-10-31,,monthly,active
4272,3820,3,2025-08-04,,annual,active
4273,3821,3,2023-11-04,,monthly,active
4274,3822,1,2023-01-28,2023-07-20,annual,cancelled
4275,3823,2,2023-07-29,2023-10-18,annual,cancelled
4276,3824,1,2024-07-28,,monthly,active
4277,3825,1,2023-03-13,2023-07-31,monthly,cancelled
4278,3826,2,2024-12-14,2025-03-24,monthly,cancelled
4279,3826,1,2025-05-29,,monthly,active
4280,3827,1,2023-02-02,,annual,active
4281,3828,2,2024-09-10,,annual,active
4282,3829,3,2023-06-25,,monthly,active
4283,3830,2,2023-09-10,2024-08-22,monthly,cancelled
4284,3831,2,2023-03-10,2024-10-18,monthly,cancelled
4285,3832,3,2023-09-05,,monthly,active
4286,3833,1,2024-09-23,,monthly,active
4287,3834,3,2023-09-13,2023-10-15,annual,cancelled
4288,3835,2,2025-01-15,,annual,active
4289,3836,3,2024-01-03,,annual,active
4290,3837,3,2025-06-12,2025-09-20,monthly,cancelled
4291,3838,1,2024-11-26,,monthly,active
4292,3839,2,2024-01-21,2024-07-26,monthly,cancelled
4293,3840,1,2024-04-15,2024-05-19,monthly,cancelled
4294,3841,2,2023-10-28,2024-02-07,monthly,cancelled
4295,3842,1,2023-06-03,,monthly,active
4296,3843,3,2024-08-02,2025-08-09,annual,cancelled
4297,3844,2,2023-03-04,,monthly,active
4298,3845,1,2025-10-04,2025-11-15,monthly,cancelled
4299,3846,1,2023-03-29,,annual,active
4300,3847,2,2025-11-29,,monthly,active
4301,3848,1,2025-07-13,,annual,active
4302,3849,1,2025-10-25,,monthly,active
4303,3850,1,2024-10-06,2025-05-07,monthly,cancelled
4304,3851,1,2025-12-14,,monthly,active
4305,3852,2,2024-04-16,,annual,active
4306,3853,1,2025-03-23,2025-06-19,monthly,cancelled
4307,3854,1,2024-04-09,,annual,active
4308,3855,2,2024-10-03,,monthly,active
4309,3856,1,2023-07-30,2023-08-20,monthly,cancelled
4310,3856,1,2023-10-02,,monthly,active
4311,3857,2,2023-06-18,,monthly,active
4312,3858,1,2023-06-17,2023-09-21,annual,cancelled
4313,3859,2,2025-02-08,,annual,active
4314,3860,2,2025-01-12,,monthly,active
4315,3861,1,2025-08-15,,annual,active
4316,3862,1,2025-10-13,,monthly,active
4317,3863,2,2025-12-22,,annual,active
4318,3864,2,2023-08-25,,monthly,active
4319,3865,1,2025-11-20,,monthly,active
4320,3866,1,2023-12-09,,monthly,active
4321,3867,1,2024-02-28,,monthly,active
4322,3868,1,2025-08-06,,annual,active
4323,3869,2,2025-02-27,2025-06-27,monthly,cancelled
4324,3869,1,2025-10-23,,monthly,active
4325,3870,3,2025-12-02,,annual,active
4326,3871,2,2023-09-18,,annual,active
4327,3872,1,2023-12-04,2024-01-30,monthly,cancelled
4328,3873,1,2024-02-26,,annual,active
4329,3874,1,2025-04-03,2025-11-09,annual,cancelled
4330,3875,2,2024-01-08,2024-04-27,annual,cancelled
4331,3875,2,2024-06-24,,annual,active
4332,3876,3,2023-08-19,2024-12-07,monthly,cancelled
4333,3877,1,2024-07-01,,monthly,active
4334,3878,2,2024-09-20,,monthly,active
4335,3879,2,2024-11-23,2025-01-16,monthly,cancelled
4336,3880,2,2023-12-08,2024-06-15,monthly,cancelled
4337,3881,1,2024-02-01,2024-04-10,monthly,cancelled
4338,3882,2,2025-09-02,,monthly,active
4339,3883,1,2023-07-02,,monthly,active
4340,3884,3,2024-02-01,,monthly,active
4341,3885,3,2025-11-04,,annual,active
4342,3886,2,2024-09-22,2025-09-07,monthly,cancelled
4343,3887,3,2023-11-17,,annual,active
4344,3888,1,2025-03-17,2025-07-11,monthly,cancelled
4345,3888,1,2025-08-30,,monthly,active
4346,3889,2,2023-02-07,,monthly,active
4347,3890,1,2024-04-04,2024-08-25,annual,cancelled
4348,3891,1,2025-03-03,2025-07-31,monthly,cancelled
4349,3892,1,2025-07-27,,monthly,active
4350,3893,3,2023-11-21,,monthly,active
4351,3894,1,2024-02-05,2025-03-09,monthly,cancelled
4352,3895,3,2025-08-13,,monthly,active
4353,3896,2,2025-11-06,,monthly,active
4354,3897,3,2025-12-08,,annual,active
4355,3898,1,2024-08-23,,monthly,active
4356,3899,2,2023-04-15,,monthly,active
4357,3900,2,2025-03-17,,monthly,active
4358,3901,2,2024-06-26,,monthly,active
4359,3902,2,2024-06-01,2025-07-07,monthly,cancelled
4360,3903,1,2025-06-25,,monthly,active
4361,3904,2,2024-06-13,2024-10-11,annual,cancelled
4362,3905,2,2025-09-14,,annual,active
4363,3906,2,2024-01-18,,annual,active
4364,3907,1,2023-03-01,2023-08-16,annual,cancelled
4365,3908,1,2025-02-03,2025-05-05,annual,cancelled
4366,3908,2,2025-06-19,,annual,active
4367,3909,1,2025-04-14,,monthly,active
4368,3910,3,2025-03-19,,annual,active
4369,3911,2,2023-03-18,,monthly,active
4370,3912,1,2025-08-29,,monthly,active
4371,3913,3,2023-04-20,,annual,active
4372,3914,2,2024-11-02,,monthly,active
4373,3915,1,2024-02-19,,monthly,active
4374,3916,2,2024-10-20,2024-11-28,monthly,cancelled
4375,3917,1,2024-05-12,,annual,active
4376,3918,3,2025-04-06,,monthly,active
4377,3919,1,2023-11-24,,monthly,active
4378,3920,3,2024-01-20,2024-07-16,monthly,cancelled
4379,3921,3,2024-02-29,2024-11-28,monthly,cancelled
4380,3922,2,2025-09-29,,monthly,active
4381,3923,1,2025-05-25,,monthly,active
4382,3924,2,2025-11-15,,annual,active
4383,3925,1,2024-03-11,2025-08-18,monthly,cancelled
4384,3926,2,2024-01-14,,annual,active
4385,3927,1,2024-06-08,,monthly,active
4386,3928,2,2024-06-30,,annual,active
4387,3929,2,2023-02-19,,annual,active
4388,3930,1,2023-11-13,,monthly,active
4389,3931,1,2023-09-24,,monthly,active
4390,3932,1,2024-05-18,,monthly,active
4391,3933,2,2024-12-24,2025-06-13,monthly,cancelled
4392,3933,1,2025-08-12,,monthly,active
4393,3934,1,2023-02-22,,monthly,active
4394,3935,1,2023-09-01,2024-05-16,monthly,cancelled
4395,3936,2,2025-02-26,,annual,active
4396,3937,3,2024-05-01,,monthly,active
4397,3938,2,2025-11-23,,monthly,active
4398,3939,3,2024-07-08,,annual,active
4399,3940,1,2023-11-18,2024-06-10,annual,cancelled
4400,3941,1,2023-09-27,,monthly,active
4401,3942,1,2025-05-07,2025-06-20,monthly,cancelled
4402,3942,1,2025-05-10,,monthly,active
4403,3943,2,2023-04-20,,annual,active
4404,3944,2,2025-10-24,,monthly,active
4405,3945,3,2023-08-24,2024-08-08,monthly,cancelled
4406,3946,2,2025-04-13,,monthly,active
4407,3947,2,2024-10-12,2025-04-16,monthly,cancelled
4408,3947,2,2025-06-13,,monthly,active
4409,3948,1,2025-11-12,,monthly,active
4410,3949,1,2024-09-06,,annual,active
4411,3950,2,2025-01-27,2025-02-22,monthly,cancelled
4412,3950,3,2025-06-08,,monthly,active
4413,3951,1,2024-05-23,,monthly,active
4414,3952,1,2024-08-05,2024-09-25,monthly,cancelled
4415,3953,2,2025-12-06,,monthly,active
4416,3954,2,2025-01-15,,monthly,active
4417,3955,1,2023-12-02,2024-01-02,monthly,cancelled
4418,3955,1,2024-02-26,,monthly,active
4419,3956,2,2025-03-24,2025-05-10,monthly,cancelled
4420,3957,2,2024-07-19,,annual,active
4421,3958,2,2024-11-19,,annual,active
4422,3959,2,2025-10-06,,annual,active
4423,3960,1,2025-04-29,,monthly,active
4424,3961,1,2023-03-03,,annual,active
4425,3962,2,2025-08-23,2025-09-13,monthly,cancelled
4426,3962,2,2025-11-07,,monthly,active
4427,3963,1,2025-11-03,,monthly,active
4428,3964,2,2025-05-10,,monthly,active
4429,3965,1,2023-06-30,,monthly,active
4430,3966,2,2024-02-24,,monthly,active
4431,3967,3,2024-05-01,,monthly,active
4432,3968,1,2024-04-28,2025-04-14,annual,cancelled
4433,3969,2,2025-12-17,,monthly,active
4434,3970,2,2025-07-04,,monthly,active
4435,3971,2,2025-11-15,,monthly,active
4436,3972,2,2023-11-01,,monthly,active
4437,3973,2,2023-12-07,2024-02-17,monthly,cancelled
4438,3973,3,2024-03-30,,monthly,active
4439,3974,1,2025-06-27,,monthly,active
4440,3975,3,2024-09-18,,monthly,active
4441,3976,2,2024-11-07,2025-01-30,monthly,cancelled
4442,3976,2,2025-02-19,,monthly,active
4443,3977,1,2025-02-14,,annual,active
4444,3978,1,2025-03-10,,monthly,active
4445,3979,2,2024-08-01,2025-08-23,monthly,cancelled
4446,3980,2,2023-09-10,,monthly,active
4447,3981,2,2023-05-12,2023-11-10,annual,cancelled
4448,3981,2,2024-01-31,,annual,active
4449,3982,2,2023-04-16,2023-06-05,monthly,cancelled
4450,3982,2,2023-09-14,,monthly,active
4451,3983,1,2025-03-28,2025-06-11,annual,cancelled
4452,3984,3,2023-04-21,2023-06-14,monthly,cancelled
4453,3985,2,2025-05-19,2025-11-16,monthly,cancelled
4454,3986,1,2025-08-14,,annual,active
4455,3987,1,2023-12-30,2024-08-22,monthly,cancelled
4456,3987,1,2024-11-20,,monthly,active
4457,3988,2,2023-07-24,2023-09-28,monthly,cancelled
4458,3988,3,2023-12-17,,monthly,active
4459,3989,1,2023-02-14,,monthly,active
4460,3990,2,2024-10-16,,monthly,active
4461,3991,3,2025-10-22,2025-11-26,monthly,cancelled
4462,3992,2,2023-04-08,2023-05-28,monthly,cancelled
4463,3993,1,2025-10-02,,monthly,active
4464,3994,1,2025-04-12,,annual,active
4465,3995,2,2025-05-29,,monthly,active
4466,3996,2,2025-09-18,,monthly,active
4467,3997,2,2023-11-10,,monthly,active
4468,3998,2,2025-07-30,,monthly,active
4469,3999,2,2023-09-16,,monthly,active
4470,4000,1,2023-12-26,,monthly,active
4471,201,1,2025-06-05,,monthly,active
4472,1079,3,2025-08-12,,monthly,active
4473,611,3,2025-05-30,,monthly,active
4474,2160,2,2025-03-16,2025-11-10,monthly,cancelled
4475,2160,1,2025-12-16,,monthly,active
4476,1170,2,2023-10-30,,annual,active
4477,2449,1,2025-09-01,,monthly,active
4478,2939,1,2025-06-25,2025-12-08,monthly,cancelled
4479,814,1,2025-01-14,,monthly,active
4480,1269,2,2025-12-02,2025-05-15,annual,cancelled
4481,1269,2,2025-09-06,,annual,active
4482,871,1,2025-08-19,2025-10-12,monthly,cancelled
4483,103,3,2024-01-22,2024-03-01,monthly,cancelled
4484,103,2,2024-03-19,,monthly,active
4485,3257,1,2023-04-13,2023-12-28,monthly,cancelled
4486,1099,2,2025-06-01,,annual,active
4487,1815,1,2024-09-06,,annual,active
4488,1420,1,2023-03-25,2024-04-15,monthly,cancelled
4489,2291,1,2025-08-01,,monthly,active
4490,421,2,2023-12-12,,annual,active
4491,2474,1,2025-10-09,,monthly,active
4492,1399,1,2025-11-04,,monthly,active
4493,1360,1,2024-10-21,2025-03-03,monthly,cancelled
4494,1360,1,2025-04-11,,monthly,active
4495,1240,1,2024-08-16,2024-09-11,monthly,cancelled
4496,1240,3,2024-10-29,,monthly,active
4497,1051,2,2024-01-03,,monthly,active
4498,3501,3,2024-05-23,,monthly,active
4499,558,3,2025-04-25,,annual,active
4500,3196,2,2023-06-11,2023-10-02,annual,cancelled
4501,352,2,2025-06-09,,monthly,active
4502,231,1,2023-07-03,2023-12-08,monthly,cancelled
4503,231,1,2024-01-24,,monthly,active
4504,2514,2,2025-04-29,,monthly,active
4505,2726,2,2023-02-02,,monthly,active
4506,1433,3,2025-04-01,2025-11-26,monthly,cancelled
4507,1509,2,2023-12-03,2024-11-27,monthly,cancelled
4508,702,1,2023-09-06,2024-11-09,monthly,cancelled
4509,350,2,2023-10-19,,monthly,active
4510,1697,1,2023-05-22,,monthly,active
4511,281,1,2023-09-29,2024-07-11,annual,cancelled
4512,1490,2,2024-12-14,2025-01-23,annual,cancelled
4513,1490,3,2025-05-19,,annual,active
4514,631,1,2023-04-23,2023-08-30,annual,cancelled
4515,746,3,2024-10-30,,monthly,active
4516,2875,2,2023-12-07,2025-01-24,monthly,cancelled
4517,2875,2,2025-02-13,,monthly,active
4518,2829,3,2024-01-19,2024-04-19,monthly,cancelled
4519,1165,1,2025-05-16,,monthly,active
4520,3192,2,2024-05-10,,annual,active
4521,774,2,2024-04-09,2024-07-07,monthly,cancelled
4522,774,2,2024-08-20,,monthly,active
4523,1768,2,2024-04-08,2024-09-20,monthly,cancelled
4524,3392,2,2025-12-16,,annual,active
4525,2127,1,2023-06-01,,monthly,active
4526,3287,1,2024-10-09,,monthly,active
4527,3929,2,2023-02-19,2023-07-31,monthly,cancelled
4528,3929,1,2023-09-23,,monthly,active
4529,1795,2,2024-07-10,,monthly,active
4530,2668,2,2025-03-26,2025-06-30,monthly,cancelled
4531,2728,1,2024-09-10,,annual,active
4532,369,2,2025-04-01,2025-05-10,annual,cancelled
4533,369,3,2025-08-30,,annual,active
4534,711,2,2023-11-05,,monthly,active
4535,762,1,2025-10-08,,monthly,active
4536,436,2,2025-05-22,2025-07-13,monthly,cancelled
4537,436,2,2025-05-11,,monthly,active
4538,2396,1,2025-09-15,,monthly,active
4539,997,1,2023-09-30,2024-09-10,annual,cancelled
4540,997,1,2024-09-29,,annual,active
4541,1414,1,2025-05-18,,monthly,active
4542,2559,2,2025-05-14,,annual,active
4543,2445,2,2023-12-20,,monthly,active
4544,958,1,2024-01-02,2024-10-07,monthly,cancelled
4545,1271,3,2023-07-17,2023-09-25,monthly,cancelled
4546,1271,1,2023-12-07,,monthly,active
4547,588,1,2023-08-07,,annual,active
4548,1688,2,2024-09-19,,monthly,active
4549,2210,2,2023-11-10,2025-01-19,annual,cancelled
4550,1436,2,2025-12-26,,monthly,active
4551,1910,3,2025-07-23,,annual,active
4552,1691,2,2024-03-02,,annual,active
4553,293,2,2024-10-11,,monthly,active
4554,3444,3,2025-04-04,2025-07-12,monthly,cancelled
4555,800,3,2024-06-30,,monthly,active
4556,1048,2,2023-04-21,,annual,active
4557,1222,2,2025-09-02,,annual,active
4558,749,1,2023-11-27,2024-05-23,monthly,cancelled
4559,2787,1,2023-11-22,2025-03-08,monthly,cancelled
4560,3100,2,2024-03-31,2025-03-08,annual,cancelled
4561,1857,2,2025-08-02,,monthly,active
4562,1039,1,2023-08-26,2024-06-07,monthly,cancelled
4563,1094,2,2024-01-07,2024-03-23,monthly,cancelled
4564,365,1,2025-03-06,2025-10-11,monthly,cancelled
